game,appid,genre_group,era,grade,release_year,game_age_days,학습함,설명,개발사,리뷰수,무료,정가,현재가
APB Reloaded,113400,멀티/경쟁,S1 ~2016,평가나쁨,2011,4978.837361111111,1,"The world’s first and premier Action MMO Third Person Shooter allows you to choose between two sides of the law. Play as Enforcer or Criminal, customize your gear for the task at h",Little Orbit,37292,0,0.0,0.0
ATLAS,834910,멀티/경쟁,S2 2017-18,평가나쁨,2018,2413.872175925926,1,Set sail for the ultimate pirate experience! Embark on a grand adventure alongside thousands of other players in one of the largest game worlds ever built (and even claim a piece o,"Grapeshot Games, Instinct Games",42534,0,29.99,29.99
Assassin's Creed III Remastered,911400,싱글 서사,S3 2019-22,평가나쁨,2019,2346.9019560185184,1,Assassin's Creed III: Remastered에서 혁명기의 미국을 다시 한번 누비거나 처음으로 체험해 보십시오. 한층 개선된 그래픽과 게임플레이를 제공합니다. Assassin's Creed Liberation Remastered 및 싱글플레이 DLC 콘텐츠도 포함되어 있습니다.,Ubisoft Entertainment,12584,0,39.99,39.99
Assassin's Creed Mirage,3035570,싱글 서사,S4 2023-25,대체로긍정,2024,322.3541203703704,1,액션 어드벤처 게임 속 마스터 암살자가 되어보세요. 바심이 되어 9세기의 바그다드 길거리를 직접 느껴보세요. 감추어진 존재의 일원으로서 표적을 암살하고 정의를 실현하세요.,Ubisoft Bordeaux,7297,0,49.99,49.99
BATTLETECH,637090,멀티/경쟁,S2 2017-18,매우긍정,2018,2681.209450231481,1,자신만의 용병 Mech 부대를 구축하고 Mech를 조종하는 MechWarrior들을 지휘해서 잔혹한 항성 간 전쟁 속으로 뛰어드세요.,Harebrained Schemes,31563,0,39.99,9.99
Beat Saber,620980,멀티/경쟁,S3 2019-22,압도적긍정,2019,2679.6824421296296,1,Beat Saber는 미래지향적인 세계에 둘러싸여 아드레날린이 솟구치는 음악의 비트가 날아오는 대로 베어버리는 VR 리듬 게임입니다.,Beat Games,74612,0,19.99,19.99
Besiege,346010,멀티/경쟁,S3 2019-22,압도적긍정,2020,3825.2566550925926,1,Besiege는 전투 기계를 만들어 군대를 섬멸하고 성을 파괴하며 까다로운 장애물을 극복하는 물리적 건설 게임입니다. 캠페인을 정복하거나 멀티플레이어에서 친구들과 싸우세요!,Spiderling Studios,49754,0,14.99,14.99
Call of Duty: Modern Warfare 3 (2011),115300,협동,S1 ~2016,매우긍정,2011,5030.961875,1,공전의 베스트셀링 1인칭 액션 시리즈가 다수의 올해의 게임 상을 수상한 Call of Duty®: Modern Warfare® 2의 거대한 후속작으로 돌아옵니다.,"Infinity Ward, Sledgehammer Games",37953,0,39.99,39.99
Catan Universe,544730,멀티/경쟁,S2 2017-18,평가나쁨,2017,3087.444253472222,1,"Trade – build – settle: Become Lord of Catan! Get to know Catan and play the starter scenario in multiplayer mode. Purchase the complete base game, expansions, card game and much m",Client/Frontend: Endava  / Backend: SuperNimbus,16060,0,0.0,0.0
DJMAX RESPECT V,960170,멀티/경쟁,S3 2019-22,매우긍정,2020,1922.7059780092595,1,최고의 인기 리듬게임 “DJMAX” 드디어 STEAM 출시!! DJMAX 시리즈의 최신작 'DJMAX RESPECT'가 더 발전된 모습으로 스팀에 첫 발을 내딛습니다.,NEOWIZ,29126,0,49.99,49.99
ENDLESS Space 2,392110,멀티/경쟁,S2 2017-18,매우긍정,2017,3049.301516203704,1,"Endless Space 2는 SF 턴제 전략 장르 게임으로, 당신은 한 행성의 문명을 이끄는 위대한 지도자의 역할을 맡아 냉혹한 우주로 나아가는 첫 진출을 이끌게 됩니다. 당신의 비전이 우주의 미래를 결정합니다.",AMPLITUDE Studios,22190,0,39.99,7.99
Farming Simulator 19,787860,협동,S2 2017-18,매우긍정,2018,2465.8142824074075,1,"수백만 카피가 판매된 프랜차이즈가 완전히 새로운 그래픽의 충격적이고 몰입되는 비주얼 및 효과, 심도 있고 완벽한 농업 체험으로 무장하고 거대한 도약을 시도합니다.",GIANTS Software,74620,0,17.99,17.99
Feed and Grow: Fish,429050,전략/시뮬,S1 ~2016,대체로긍정,2016,3502.613929398148,1,"Hunt and eat other fish - simply, grow into larger beasts!",Old B1ood,18972,0,14.99,14.99
"Flashing Lights - Police, Firefighting, Emergency Services (EMS) Simulator",605740,멀티/경쟁,S4 2023-25,매우긍정,2023,2604.3090740740745,1,"Play solo or in up to 10-player multiplayer co-op! Flashing Lights is an open world police, firefighting and EMS simulator game with plenty of opportunity for role-play or more rel",Nils Jakrins,16963,0,24.99,3.74
Forts,410900,멀티/경쟁,S2 2017-18,매우긍정,2017,3058.0460069444443,1,짜릿한 물리학 기반 실시간 전략 게임인 Forts에서 창의력과 전략적 기량을 마음껏 발휘하세요! 우뚝 솟은 파괴적인 화력의 요새를 설계하고 건설하며 원하는 대로 커스터마이징하세요. 적진의 건물을 폭파하여 산산조각 내버리세요!,EarthWork Games,22321,0,14.99,14.99
Garten of Banban,2232840,싱글 서사,S4 2023-25,평가나쁨,2023,964.998738425926,1,"반반의 유치원에 들어서면 분명 친구들을 사귈 수 있을 거예요. 이 신비로운 곳을 탐험하되, 목숨과 정신을 잃지 않도록 조심하세요. 이곳에 숨겨진 끔찍한 진실을 밝혀내되, 여러분은 결코 혼자가 아니니 각별히 주의하세요…",Euphoric Brothers,11697,0,0.0,0.0
Grand Theft Auto III – The Definitive Edition,1546970,싱글 서사,S4 2023-25,평가나쁨,2023,968.1097569444444,1,모든 것은 리버티 시티에서 시작됩니다. 위험을 감수할 배짱만 있다면 어디든 갈 수 있고 누구든 털 수 있는 혁신적인 자유도가 제공되는 Grand Theft Auto III에서 무자비한 범죄 지하 세계를 경험해 보십시오.,Rockstar Games,4217,0,59.99,59.99
Griftlands,601840,액션/캐주얼,S3 2019-22,매우긍정,2021,1856.0686516203705,1,"Griftlands는 협상하거나 싸우거나 훔치거나 설득하며 나아가는 덱 빌딩 로그라이트 게임입니다. 맡는 일, 사귀는 친구, 수집하는 카드 등 결정 하나하나가 중요합니다.",Klei Entertainment,13950,0,19.99,19.99
Half-Life: Blue Shift,130,액션/캐주얼,S1 ~2016,매우긍정,2001,8862.5146875,1,Gearbox Software에서 제작하였으며 2001년 Half-Life 확장판으로 출시된 Blue Shift는 골치 아픈 상황에 처한 고든을 수도 없이 도와준 고든의 경비원 친구 바니 칼훈으로 블랙 메사에 돌아가 활약하는 게임입니다.,Gearbox Software,18794,0,4.99,4.99
Half-Life: Source,280,액션/캐주얼,S1 ~2016,평가나쁨,2004,7763.143200231481,1,"올해의 게임 부문에 50번 이상 선정된 Half-Life는 1998년 출시 당시 액션 게임의 새로운 장을 열었습니다. Half-Life:Source는 기존의 PC 게임 베스트셀러에 Source 기술을 입혀 강화된 물리 시뮬레이션, 향상된 특수 효과 등 디지털 기술로 업그레이드된 버전입니다.",Valve,16056,0,9.99,9.99
Halls of Torment,2218750,싱글 서사,S4 2023-25,압도적긍정,2024,843.2136516203703,1,"이 게임은 무시무시한 몬스터 무리를 학살하며 생존하는 로그라이트 게임입니다. 온갖 지하의 군주들이 도사리고 있는 고뇌의 전당으로 내려가세요. 보물, 마법 장신구, 점점 늘어나는 영웅들을 활용하여 이 세상의 존재가 아닌 듯한 공포들을 박멸하세요. 여러분은 얼마나 오랫동안 살아남을 수 있을까요?",Chasing Carrots,29019,0,6.66,6.66
Hitman: Absolution,203140,액션/캐주얼,S1 ~2016,매우긍정,2012,4654.605515046296,1,"The original assassin is back! Betrayed by the Agency and hunted by the police, Agent 47 finds himself pursuing redemption in a corrupt and twisted world.",Io-Interactive A/S,55701,0,19.99,19.99
Infection Free Zone,1465460,전략/시뮬,S4 2023-25,대체로긍정,2024,482.6902893518519,1,"도시의 생존자들을 이끌어 나가세요. 작전 기지를 선택한 뒤, 주변의 건물을 환경에 맞게 활용해서 자급자족이 가능한 정착지를 만드세요. 밤이 찾아오면 감염자들로부터 구역을 사수하세요! 실제 지리 정보를 사용해서 구현한 전 세계 모든 도시에서 플레이하세요!",,0,0,24.99,24.99
Just Cause 4 Reloaded,517630,싱글 서사,S2 2017-18,평가나쁨,2018,2447.998425925926,1,"변절 요원 리코 로드리게스가 분쟁과 탄압 그리고 기상 이변의 본거지인 남미의 광활한 지역 솔리스에 상륙합니다. 윙수트를 입고, 조절식 그래플링 훅을 장착한 후 강렬한 액션을 펼쳐 보세요!",Avalanche Studios,30298,0,69.03,69.03
Kane & Lynch 2: Dog Days,28000,협동,S1 ~2016,평가나쁨,2010,5511.811608796296,1,"Pure adrenaline of non-stop action in Single Player, Online Co-op and Multiplayer. Double the pleasure and mayhem with new multiplayer DLCs! (click for details)",IO Interactive,8877,0,9.99,9.99
Kindergarten,589590,싱글 서사,S2 2017-18,압도적긍정,2017,2953.9677604166664,1,"Welcome to Kindergarten! Have fun trying to learn and share...and not die. That's important too. In a school that's just not quite right, it's important to be friendly...and take o","Con Man Games, Sean Young",8817,0,4.99,4.99
Kingdom: Classic,368230,전략/시뮬,S1 ~2016,매우긍정,2015,3596.8811574074075,1,"Kingdom is a 2D sidescrolling strategy/resource management hybrid with a minimalist feel wrapped in a beautiful, modern pixel art aesthetic.","Noio, Licorice",22088,0,0.0,0.0
LEGO MARVEL's Avengers,405310,싱글 서사,S1 ~2016,매우긍정,2016,3499.97119212963,1,어벤져스가 뭉친다! 가장 많이 팔리는 LEGO® MARVEL 비디오게임 프렌차이즈가 새로운 액션 가득한 수퍼 히어로 모험으로 돌아옵니다.,"Traveller's Tales, TT Games, Feral Interactive (Mac)",7890,0,19.99,19.99
Marvel's Avengers - The Definitive Edition,997070,협동,S3 2019-22,평가나쁨,2020,1796.10625,1,"지구 최강의 히어로 팀을 집결시켜 막강한 능력을 마음껏 발휘하고, 슈퍼히어로로 활약하는 꿈을 실현하세요.","Crystal Dynamics, Eidos-Montréal, Nixxes",34090,0,0.0,0.0
Men of War: Assault Squad 2,244450,멀티/경쟁,S1 ~2016,매우긍정,2014,4116.695758101852,1,"Men of War: AS2는 새로운 난전 임무, 대규모 멀티플레이 전투, 향상된 비주얼, 개선된 AI, 완전한 직접 조작 기능으로 실시간 전술 시리즈를 확장합니다. 65개 맵에서 5개 진영, 250대 차량, 200종의 병력을 지휘하며 가장 정교한 WWII RTS 경험을 제공합니다.",Digitalmindsoft,44401,0,29.99,29.99
Northgard: Definitive Edition,466560,멀티/경쟁,S2 2017-18,매우긍정,2018,3109.035422453704,1,Northgard: Definitive Edition은 북유럽 신화를 바탕으로 한 비평가 호평의 실시간 전략 게임입니다. 당신의 부족을 이끌고 새로 발견된 신비로운 대륙의 비밀을 밝혀 적을 물리치고 왕좌를 차지하세요!,,0,0,34.99,34.99
OUTRIDERS,680420,협동,S3 2019-22,평가나쁨,2021,1612.9767824074074,1,"Outriders의 잔인하고 피비린내 나는 전투는 격렬한 총기 플레이와 강렬한 힘, 깊이 있는 RPG 시스템을 결합하여 진정한 하이브리드 장르를 만듭니다.",People Can Fly,60468,0,19.99,19.99
Planet Coaster 2,2688950,전략/시뮬,S4 2023-25,평가나쁨,2024,274.031875,1,"스릴 넘치는 롤러코스터와 환상적인 물 미끄럼틀을 내 마음대로 만들고 꾸미세요. 최고의 테마 공원을 관리하고, 멋진 창작물을 다른 플레이어와 공유해 보세요. 파도를 탈 준비는 되셨나요? ",Frontier Developments,9316,0,49.99,19.99
Pseudoregalia,2365810,싱글 서사,S4 2023-25,압도적긍정,2023,738.4446064814815,1,"Deep within the realm of sleep, Sybil finds herself pulled to a distorted castle. Grow strong, and unlock new abilities to build up a deep movement system, fight enemies, find secr",rittzler,15027,0,5.99,5.99
Quake,2310,멀티/경쟁,S1 ~2016,압도적긍정,2007,6606.5664004629625,1,수상 경력을 가진 id Software의 Quake®는 오늘날 레트로 스타일의 1인칭 FPS 게임의 원형이 되는 혁신적인 다크 판타지 1인칭 슈팅 게임입니다. 이제 Quake (Enhanced)로 최신 그래픽으로 제작된 오리지널 게임으로 진정한 원형을 느껴보세요.,"id Software, Nightdive Studios, MachineGames",14400,0,9.99,9.99
Resident Evil 6,221040,협동,S1 ~2016,대체로긍정,2013,4578.975578703704,1,액션과 서바이벌 호러가 섞인 Biohazard 6는 2013의 극적인 공포 게임이 될 것을 약속합니다.,Capcom,54720,0,19.99,19.99
Retrowave,1239690,멀티/경쟁,S3 2019-22,압도적긍정,2022,1976.8234953703704,1,"네온 불빛, 야자수, 신스 웨이브, 끝없는 고속도로를 과속하는 80 년대 초차 ... Retrowave의 세계에 오신 것을 환영합니다!",RewindApp,15207,0,2.99,2.99
Rusty Lake Paradise,744190,싱글 서사,S2 2017-18,압도적긍정,2018,2806.920439814815,1,"Rusty Lake Paradise는 외딴 곳의 작은 섬에 있으며, 이집트의 10가지 역병으로 저주를 받았습니다. 어둡고 무시무시한 퍼즐 어드벤처의 비밀을 모두 밝혀보세요. 흥겹고 신나는 Rusty Lake 시리즈와는 다른 분위기의 Paradise를 만나보세요.",Rusty Lake,5848,0,3.99,3.99
Sonic Forces,637100,싱글 서사,S2 2017-18,평가나쁨,2017,2856.2094097222225,1,"SONIC FORCES는 강력한 장비로 커스텀 캐릭터를 만들고, 모던 소닉으로 폐허가 된 세계를 질주하며, 클래식 소닉으로 위험천만한 플랫폼을 뛰어다닐 수 있게 해주는 최신 소닉 더 헤지혹 게임입니다. 각기 다른 3가지의 독특하고 빠른 액션 게임 스타일을 경험하고 상징적인 스테이지와 만나보세요. 그리고 추가된 콘텐츠에서 ","Sonic Team, Hardlight",7950,0,39.99,9.99
Space Hulk: Deathwing Enhanced Edition,816090,협동,S2 2017-18,대체로긍정,2018,2649.8470833333336,1,"Space Hulk: Deathwing - Enhanced Edition is a First-Person Shooter based on Games Workshop’s cult classic board game set in Warhammer 40,000 universe. Expanding upon the original g",Streum On Studio,9990,0,29.99,29.99
Sticky Business,2303350,전략/시뮬,S4 2023-25,매우긍정,2023,737.57125,1,"편안한 소규모 사업을 운행하며 기쁨을 느껴보세요. 스티커를 만들고, 주문을 포장하고, 손님의 이야기를 들으세요. 인터넷에서 귀여운 가게를 만들 시간입니다!",Spellgarden Games,6171,0,9.99,9.99
Street Fighter V,310950,액션/캐주얼,S1 ~2016,평가나쁨,2016,3460.846724537037,1,"Street Fighter® V로 강렬한 정면 승부를 경험해보세요! 16명의 대표 캐릭터 중에서 고르고, 각양각색의 탄탄한 매치 옵션으로 온라인이나 오프라인에서 친구들과 겨뤄보세요.","CAPCOM Co., Ltd.",43651,0,19.99,19.99
Tales of ARISE,740130,싱글 서사,S4 2023-25,매우긍정,2023,667.8143402777778,1,"300년 동안의 지배. 수수께끼의 가면. 잃어버린 고통과 기억. 강대한 불꽃의 검을 사용할 수 있는 단 한 사람이 되어, 손대기를 거부하는 소녀와 다른 동료들과 함께 압제자에 맞서 싸워라. 진화한 그래픽으로 그려지는 풍부한 표정의 캐릭터들이 자아내는 해방을 위한 싸움의 이야기.",Bandai Namco Studios Inc.,34782,0,49.99,49.99
Temtem,745920,멀티/경쟁,S3 2019-22,매우긍정,2022,2035.536921296296,1,"온라인 몬스터 수집 어드벤처 게임 Temtem에서는 7가지 다채로운 섬에 등장하는 165종의 독특한 생명체 템템을 길들여 다른 테이머와 전투를 하고, 신비한 레어를 탐험하며, 루마나 움브라와 같은 변종을 발견할 수 있을 뿐만 아니라, 제일 좋아하는 템템과 친구가 되어볼 수도 있어요! 가지각색의 몬스터를 수집할 수 있는 모",Crema,38941,0,44.99,44.99
The Room Three,456750,싱글 서사,S2 2017-18,압도적긍정,2018,2489.4775925925924,1,"Lured to a remote island, you find yourself confined within the rooms of an ominous mansion. You must draw upon all your puzzle-solving ability to navigate a series of trials devis",Fireproof Games,12082,0,5.99,5.99
The Texas Chain Saw Massacre,1433140,멀티/경쟁,S4 2023-25,평가나쁨,2023,679.3892013888889,1,"Take on the role of one of the notorious Slaughter family, or their victims, in The Texas Chain Saw Massacre, a third-person asymmetrical horror experience based on the groundbreak",Sumo Digital,21540,0,14.99,3.74
TheoTown,1084020,전략/시뮬,S3 2019-22,매우긍정,2019,2334.6915972222223,1,Build and manage your dream city in this captivating simulation game. Create unique urban landscapes and enjoy compatibility with the mobile versions. Unleash your creativity and s,Lobby Divinus,3309,0,9.99,9.99
Thronefall,2239150,전략/시뮬,S4 2023-25,압도적긍정,2024,713.2105324074074,1,작은 왕국을 건설하고 방어하는 미니멀리스트 게임입니다.,"GrizzlyGames, Mythwright",20544,0,12.99,8.44
Tom Clancy's Ghost Recon: Future Soldier,212630,협동,S1 ~2016,평가나쁨,2012,4777.066736111111,1,Ghost Recon Future Soldier에서 치명적인 특수부대원으로 이루어진 고도로 숙련된 정예 팀에 합류하십시오. 비할 바 없는 전투 기술로 완전 무장한 Ghost Recon이 여러분을 세상에서 가장 위험천만한 전쟁 지역으로 데려갑니다. 그곳에서 최고 가치의 목표를 쓰러뜨리십시오.,"Ubisoft Paris, Red Storm Entertainment",5614,0,19.99,19.99
Trailmakers,585420,멀티/경쟁,S3 2019-22,매우긍정,2019,2782.135752314815,1,Trailmakers의 오픈 월드를 만들고 탐험하세요. Trailmakers에서 창조와 혁신 능력을 펼쳐보세요. 세계에서 가장 창의적인 게임 커뮤니티가 지원하는 새로운 엔지니어링 샌드박스를 경험하세요.,Flashbulb,28047,0,24.99,24.99
WEBFISHING,3146520,멀티/경쟁,S4 2023-25,압도적긍정,2024,266.2708101851852,1,WEBFISHING a multiplayer chatroom-focused fishing game! Relax and fish (on the web!),lamedeveloper,65810,0,4.99,4.99
War Robots,767560,멀티/경쟁,S2 2017-18,평가나쁨,2018,2701.4680497685185,1,"War Robots는 온라인 3인칭 6:6 PvP 슈팅 게임입니다. 수십 종의 전투 로봇, 수백 가지의 무기 조합, 열띤 클랜 전투가 기다립니다.",MY.GAMES,26575,0,0.0,0.0
Watch Dogs: Legion,2239550,멀티/경쟁,S4 2023-25,평가나쁨,2023,933.7610011574076,1,Watch Dogs: Legion에서는 레지스탕스를 결성하고 몰락하기 직전인 근미래의 런던을 되찾아야 합니다.,Ubisoft Toronto,10130,0,59.99,59.99
We Were Here Expeditions: The FriendShip,2296990,협동,S4 2023-25,매우긍정,2023,705.9196412037037,1,친구와 온라인으로 협동하고 버려진 놀이공원에서 함께 퍼즐을 해결해 우정을 시험해 보세요. 이 독립형 We Were Here 경험에서 협동해 수수께끼를 함께 풀어나가 보세요.,Total Mayhem Games,22334,0,3.99,3.99
We Were Here Forever,1341290,협동,S3 2019-22,매우긍정,2022,1195.2794502314814,1,당신들은 둘 다 모두 Castle Rock에 갇힌 채 깨어납니다. 배신당한 걸까요? 아니면 현명하지 못했던 걸까요? 최신 협력 퍼즐 어드벤처인 We Were Here Series에서 이유를 확인해보세요! 당신과 당신의 파트너는 이 곳에 있는 어둠의 세력에 맞서는 데 필요한 능력을 갖추고 있나요? 아니면 영원히 갇히게...,Total Mayhem Games,16207,0,17.99,17.99
Who's Your Daddy?!,427730,멀티/경쟁,S1 ~2016,대체로긍정,2016,3381.79931712963,1,"Who's Your Daddy is a casual multiplayer game featuring a clueless father attempting to prevent his infant son from certain death. Play with up to 7 of your friends, and test your ",Evil Tortilla Games,30409,0,9.99,9.99
Wolcen: Lords of Mayhem,424370,싱글 서사,S3 2019-22,평가나쁨,2020,3443.267766203704,1,A dynamic hack’n’slash with no class restrictions. Choose your path as you level-up and play your character the way you want! Explore this shattered and corrupted world to uncover ,WOLCEN Studio,67677,0,19.99,19.99
World War 3,674020,멀티/경쟁,S3 2019-22,평가나쁨,2022,948.0464583333334,1,"World War 3 is a free-to-play tactical online multiplayer FPS where the world is your battleground. Outgun the enemy in thrilling, team-based skirmishes with a huge arsenal of weap",New Generation Games,54529,0,0.0,0.0
Yakuza Kiwami,834530,싱글 서사,S3 2019-22,매우긍정,2019,2360.136215277778,1,"2005년 탄생 이래, 연이은 히트를 기록해 온 시리즈의 원점이자 첫 번째 타이틀인 &quot;용과 같이&quot; 의 풀 리메이크 작품 &quot;용과 같이 극&quot; 이 등장! &quot;100억의 소녀&quot;와의 만남이 &quot;전설의 용&quot;을 음모의 소용돌이로 이끈다.",Ryu Ga Gotoku Studio,21877,0,19.99,10.99
Yoku's Island Express,334940,싱글 서사,S2 2017-18,압도적긍정,2018,2709.975127314815,1,"Meet Yoku, the pint-sized postman protagonist of Yoku's Island Express! Use a unique blend of pinball mechanics, platforming and open world exploration to unlock the secrets of Mok",Villa Gorilla,4824,0,19.99,1.99
Counter-Strike 2,730,액션/캐주얼,S1 ~2016,매우긍정,2012,5117.0,0,Counter-Strike는 20년이 넘는 시간 동안 전 세계 수백만 명의 플레이어가 모여 수준 높은 경쟁을 펼칠 수 있는 플랫폼을 제공해 왔습니다. 그리고 이제 곧 Counter-Strike 2와 함께 새로운 CS 시대의 막이 열립니다.,Valve,8815087,1,0.0,0.0
PUBG: BATTLEGROUNDS,578080,멀티/경쟁,S2 2017-18,평가나쁨,2017,3169.0,0,"배틀로얄 유행의 시작이자, 그 정수를 보여준 PUBG: 배틀그라운드를 지금 무료로 플레이하세요! 다양한 맵에 낙하하여 무기와 보급품을 확보하고, 점점 줄어드는 블루존 속에서 끝까지 살아남아 승리를 쟁취하세요.",PUBG Corporation,2557944,1,0.0,0.0
Grand Theft Auto V Legacy,271590,멀티/경쟁,S1 ~2016,매우긍정,2015,4152.0,0,"Grand Theft Auto V for PC offers players the option to explore the award-winning world of Los Santos and Blaine County in resolutions of up to 4k and beyond, as well as the chance ",Rockstar North,1990556,0,0.0,0.0
Terraria,105600,멀티/경쟁,S1 ~2016,압도적긍정,2011,5580.0,0,"Dig, fight, explore, build! Nothing is impossible in this action-packed adventure game. Four Pack also available!",Re-Logic,1409473,0,9.99,9.99
Tom Clancy's Rainbow Six Siege,359550,멀티/경쟁,S1 ~2016,매우긍정,2015,3920.0,0,"Tom Clancy's Rainbow Six Siege is an elite, tactical team-based shooter where superior planning and execution triumph.",Ubisoft Montreal,1398584,1,19.99,19.99
Rust,252490,멀티/경쟁,S2 2017-18,매우긍정,2018,3120.0,0,"The only aim in Rust is to survive. Everything wants you to die - the island’s wildlife, other inhabitants, the environment, and other survivors. Do whatever it takes to last anoth",Facepunch Studios,1227784,0,39.99,39.99
Team Fortress 2,440,액션/캐주얼,S1 ~2016,매우긍정,2007,6894.0,0,"Nine distinct classes provide a broad range of tactical abilities and personalities. Constantly updated with new game modes, maps, equipment and, most importantly, hats!",Valve,1161472,1,0.0,0.0
Garry's Mod,4000,멀티/경쟁,S1 ~2016,압도적긍정,2006,7209.0,0,Garry's Mod is a physics sandbox. There aren't any predefined aims or goals. We give you the tools and leave you to play.,Facepunch Studios,1159707,0,9.99,9.99
Black Myth: Wukong,2358720,싱글 서사,S4 2023-25,압도적긍정,2024,736.0,0,"《검은 신화: 오공》은 중국 신화를 배경으로 하는 액션 RPG 게임입니다. 당신은 '천명을 지닌 자'가 되어 과거의 전설 속 진실을 밝히기 위해, 위험과 놀라움이 가득한 서역으로의 여정에 나서게 됩니다.",Game Science,1150098,0,59.99,41.99
ELDEN RING,1245620,멀티/경쟁,S3 2019-22,매우긍정,2022,1643.0,0,"THE CRITICALLY ACCLAIMED FANTASY ACTION RPG. Rise, Tarnished, and be guided by grace to brandish the power of the Elden Ring and become an Elden Lord in the Lands Between.","FromSoftware, Inc.",1056677,0,59.99,59.99
HELLDIVERS™ 2,553850,협동,S4 2023-25,대체로긍정,2024,929.0,0,"은하계 최고의 공격 부대. 빠르고, 정신없고, 격렬한 3인칭 슈팅 게임에서 헬다이버가 되어 적대적인 은하계 전역을 누비며 자유를 위해 싸우세요.",Arrowhead Game Studios,1017635,0,39.99,39.99
Apex Legends™,1172470,멀티/경쟁,S3 2019-22,평가나쁨,2020,2120.0,0,"Apex Legends is the award-winning, free-to-play Hero Shooter from Respawn Entertainment. Master an ever-growing roster of legendary characters with powerful abilities, and experien",Respawn,994979,1,0.0,0.0
Left 4 Dead 2,550,멀티/경쟁,S1 ~2016,압도적긍정,2009,6126.0,0,"Set in the zombie apocalypse, Left 4 Dead 2 is a co-operative action horror FPS takes you and your friends through the cities, swamps and cemeteries of the Deep South, from Savanna",Valve,963983,0,9.99,9.99
Wallpaper Engine,431960,액션/캐주얼,S2 2017-18,압도적긍정,2018,2839.0,0,Use stunning live wallpapers on your desktop. Animate your own images to create new wallpapers or import videos/websites and share them on the Steam Workshop!,Wallpaper Engine Team,894458,0,4.99,4.99
Stardew Valley,413150,협동,S1 ~2016,압도적긍정,2016,3833.0,0,"You've inherited your grandfather's old farm plot in Stardew Valley. Armed with hand-me-down tools and a few coins, you set out to begin your new life. Can you learn to live off th",ConcernedApe,886195,0,14.99,14.99
Euro Truck Simulator 2,227300,협동,S1 ~2016,압도적긍정,2012,5065.0,0,"Travel across Europe as king of the road, a trucker who delivers important cargo across impressive distances! With dozens of cities to explore, your endurance, skill and speed will",SCS Software,867404,0,19.99,4.99
Cyberpunk 2077,1091500,싱글 서사,S3 2019-22,매우긍정,2020,2085.0,0,"사이버펑크 2077은 권력과 돈, 끝없는 신체 개조에 집착하는 어두운 미래의 위험천만한 메갈로폴리스, '나이트 시티'를 배경으로 한 오픈 월드 액션 어드벤처 RPG입니다.",CD PROJEKT RED,844921,0,59.99,59.99
The Witcher 3: Wild Hunt - Complete Edition,292030,싱글 서사,S1 ~2016,압도적긍정,2015,4117.0,0,"You are Geralt of Rivia, mercenary monster slayer. Before you stands a war-torn, monster-infested continent you can explore at will. Your current contract? Tracking down Ciri — the",CD PROJEKT RED,835349,0,39.99,39.99
Dead by Daylight,381210,멀티/경쟁,S1 ~2016,대체로긍정,2016,3724.0,0,10 years of horror. 10 years of jump scares and close calls. 10 years of brutal sacrifices and thrilling escapes. Trapped forever in a realm of eldritch evil where even death is no,Behaviour Interactive Inc.,797216,0,19.99,19.99
Phasmophobia,739630,협동,S3 2019-22,압도적긍정,2020,2167.0,0,Phasmophobia is a 4 player online co-op psychological horror. Paranormal activity is on the rise and it’s up to you and your team to use all the ghost-hunting equipment at your dis,Kinetic Games,768779,0,19.99,19.99
Baldur's Gate 3,1086940,협동,S4 2023-25,압도적긍정,2023,1118.0,0,"Baldur’s Gate 3 is a story-rich, party-based RPG set in the universe of Dungeons &amp; Dragons, where your choices shape a tale of fellowship and betrayal, survival and sacrifice, ",Larian Studios,760662,0,59.99,44.99
War Thunder,236390,멀티/경쟁,S1 ~2016,평가나쁨,2013,4758.0,0,"War Thunder는 제 2차 세계대전부터 현대전까지의 항공기, 전차, 함선, 헬리콥터를 플레이 할 수 있는 온라인 게임 역사상 가장 거대한 스케일과 광범위한 크로스 플랫폼 기능을 자랑하는 밀리터리 MMO 게임입니다. 지금 게임에 참여하셔서 War Thunder가 제공하는 지상, 공중, 해상의 거대한 전장 서사시에 직접",Gaijin Entertainment,757086,1,0.0,0.0
Red Dead Redemption 2,1174180,멀티/경쟁,S3 2019-22,매우긍정,2019,2455.0,0,"Arthur Morgan and the Van der Linde Gang are outlaws on the run. With federal agents and bounty hunters massing on their heels, the gang must rob, steal, and fight their way across",Rockstar Games,733542,0,59.99,59.99
ARK: Survival Evolved,346110,멀티/경쟁,S2 2017-18,매우긍정,2017,3285.0,0,"Stranded on the shores of a mysterious island, you must learn to survive. Use your cunning to kill or tame the primeval creatures roaming the land, and encounter other players to s","Studio Wildcard, Instinct Games, Efecto Studios, Virtual Bas",730170,0,14.99,9.89
Call of Duty®,1938090,멀티/경쟁,S3 2019-22,평가나쁨,2022,1398.0,0,《決勝時刻®》體驗支援《現代戰爭® 4》、《黑色行動 7》和《決勝時刻®：現代戰域™》。,"Treyarch, Raven Software, Beenox, High Moon Studios, Sledgeh",714114,0,69.99,38.49
Among Us,945360,멀티/경쟁,S2 2017-18,매우긍정,2018,2839.0,0,4~15명의 플레이어가 즐기는 온라인 및 로컬 파티 게임입니다. 우주에서 서로 협력하거나... 배신하세요!,Innersloth,700785,0,4.99,4.99
PAYDAY 2,218620,협동,S1 ~2016,매우긍정,2013,4760.0,0,"PAYDAY 2 is an action-packed, four-player co-op shooter that once again lets gamers don the masks of the original PAYDAY crew - Dallas, Hoxton, Wolf and Chains - as they descend on",OVERKILL - a Starbreeze Studio.,663082,0,9.99,9.99
The Forest,242760,협동,S2 2017-18,압도적긍정,2018,3039.0,0,"As the lone survivor of a passenger jet crash, you find yourself in a mysterious forest battling to stay alive against a society of cannibalistic mutants. Build, explore, survive i",Endnight Games Ltd,627791,0,19.99,19.99
Warframe,230410,협동,S1 ~2016,매우긍정,2013,4901.0,0,Awaken as an unstoppable warrior and battle alongside your friends in this story-driven free-to-play online action game,Digital Extremes,626503,1,0.0,0.0
Destiny 2,1085660,멀티/경쟁,S3 2019-22,대체로긍정,2019,2520.0,0,"Explore the mysteries of Sol and experience exhilirating first-person shooter combat in Destiny 2. Unlock powerful abilities and collect unique gear across story missions, co-op, a",Bungie,625616,1,0.0,0.0
Rocket League®,252950,멀티/경쟁,S1 ~2016,매우긍정,2015,4068.0,0,"Rocket League is a high-powered hybrid of arcade-style soccer and vehicular mayhem with easy-to-understand controls and fluid, physics-driven competition. Rocket League includes ca",Psyonix LLC,583220,0,0.0,0.0
Unturned,304930,멀티/경쟁,S2 2017-18,매우긍정,2017,3336.0,0,"Unturned is an open-world zombie survival sandbox game. As one of the few not yet turned, you must fight to remain among the living.",Smartly Dressed Games,555368,1,0.0,0.0
Valheim,892970,협동,S3 2019-22,매우긍정,2021,2030.0,0,북구 신화와 바이킹 문화에 기반한 판타지 세계를 배경으로 펼쳐지는 생존 및 탐험 게임.,Iron Gate AB,499828,0,29.99,29.99
Don't Starve Together,322330,멀티/경쟁,S1 ~2016,압도적긍정,2016,3778.0,0,Don't Starve Together는 혹독한 생존 게임인 Don't Starve의 독립형 멀티플레이어 익스팬션입니다.,Klei Entertainment,499061,0,14.99,14.99
Monster Hunter: World,582010,협동,S2 2017-18,매우긍정,2018,2939.0,0,"새로운 생명의 땅. 사냥하라, 본능에 따라! 'Monster Hunter: World'에서는 새롭게 제작된 다양한 지형과 생태계가 살아 숨쉬는 세계에서 궁극의 사냥 생활을 체험할 수 있습니다.","CAPCOM Co., Ltd.",493390,0,29.99,29.99
Lethal Company,1966720,협동,S4 2023-25,압도적긍정,2023,1037.0,0,A co-op horror about scavenging at abandoned moons to sell scrap to the Company.,Zeekerss,487160,0,9.99,9.99
Fall Guys,1097150,멀티/경쟁,S3 2019-22,매우긍정,2020,2213.0,0,"폴가이즈는 무료 크로스 플랫폼, 대규모 멀티플레이어 파티 로얄 게임입니다. 친구들과 함께 우스꽝스러운 장애물 코스에서 어설프게 경쟁하거나 엄청나게 혼란스러운 나만의 코스를 제작하여 커뮤니티와 공유하세요.",Mediatonic,473743,0,0.0,0.0
Dying Light,239140,멀티/경쟁,S1 ~2016,압도적긍정,2015,4229.0,0,"종말 이후 굶주린 좀비가 넘쳐나는 오픈 월드를 배경으로 펼쳐지는 1인칭 액션 생존 게임을 즐겨보세요. 여러분은 수수께끼의 바이러스 전염에 의해 몰락한 도시를 탐험하며 물자를 찾고, 무기를 제작하여 감염된 생명체 무리들을 상대해야 합니다.",Techland,457632,0,24.99,24.99
Portal 2,620,협동,S1 ~2016,압도적긍정,2011,5608.0,0,'지속적 실험 계획'은 친구들과 함께 협동하여 푸는 퍼즐을 디자인할 수 있도록 확장되었습니다!,Valve,433510,0,9.99,9.99
DayZ,221100,멀티/경쟁,S2 2017-18,대체로긍정,2018,2812.0,0,"대종말 이후의 세계에서 당신은 과연 얼마나 버틸 수 있을까요? 감염된 ‘좀비’들이 세상을 장악한 땅에서, 제한된 자원을 두고 다른 생존자와 경쟁해야 합니다. 낯선 이들과 손을 잡고 함께 살아남으시겠습니까? 아니면 배신을 피하기 위해 고독한 늑대가 되시겠습니까? 이것이 바로 DayZ, 곧 당신의 이야기입니다.",Bohemia Interactive,430252,0,49.99,49.99
Geometry Dash,322170,액션/캐주얼,S1 ~2016,매우긍정,2014,4264.0,0,Jump and fly your way through danger in this rhythm-based action platformer!,RobTop Games,429921,0,4.99,4.99
Hollow Knight,367520,싱글 서사,S2 2017-18,압도적긍정,2017,3469.0,0,할로우 나이트에서 자신만의 길을 구축하세요! 크게 파괴된 곤충과 영웅의 왕국을 통한 서사 액션 어드벤처입니다. 손으로 그린 클래식 2D 스타일로 구불구불한 동굴을 탐험하고 오염된 생물과 싸우고 이상한 곤충들과 친구가 되어 보세요.,Team Cherry,415946,0,14.99,14.99
DARK SOULS™ III,374320,협동,S1 ~2016,매우긍정,2016,3788.0,0,"Dark Souls continues to push the boundaries with the latest, ambitious chapter in the critically-acclaimed and genre-defining series. Prepare yourself and Embrace The Darkness!","FromSoftware, Inc.",413775,0,59.99,59.99
Fallout 4,377160,싱글 서사,S1 ~2016,매우긍정,2015,3942.0,0,"From Bethesda Game Studios, the award-winning creators of Starfield and The Elder Scrolls V: Skyrim, comes Fallout 4. A landmark in open-world RPG design and winner of over 200 ‘Be",Bethesda Game Studios,392287,0,19.99,19.99
Brawlhalla,291550,멀티/경쟁,S2 2017-18,매우긍정,2017,3234.0,0,"An epic platform fighter for up to 8 players online or local. Try casual free-for-alls, ranked matches, or invite friends to a private room. And it's free! Play cross-platform with",Blue Mammoth Games,386456,1,0.0,0.0
Palworld,1623730,협동,S4 2023-25,매우긍정,2026,47.0,0,"Fight, farm, build and work alongside mysterious creatures called &quot;Pals&quot; in this completely new multiplayer, open world survival and crafting game!",Pocketpair,380709,0,29.99,29.99
Project Zomboid,108600,멀티/경쟁,S1 ~2016,매우긍정,2013,4673.0,0,"Project Zomboid is the ultimate in zombie survival. Alone or in MP: you loot, build, craft, fight, farm and fish in a struggle to survive. A hardcore RPG skillset, a vast map, mass",The Indie Stone,377063,0,24.99,24.99
7 Days to Die,251570,멀티/경쟁,S4 2023-25,매우긍정,2024,761.0,0,『7 Days to Dir』は、FPS、サバイバルホラー、タワーディフェンス、ロールプレイングゲームをユニークに組み合わせたオープンワールド型のゲームです。元祖ゾンビサバイバルなサンドボックスRPGゲームをプレイしましょう。ネーブズジェーンがあなたを待っています！,The Fun Pimps,370046,0,44.99,44.99
Sea of Thieves: 2026 Edition,1172620,멀티/경쟁,S3 2019-22,매우긍정,2020,2274.0,0,"Sea of Thieves is a smash-hit pirate adventure game, offering the quintessential pirate experience of plundering lost treasures, intense battles, vanquishing sea monsters and more.",Rare Ltd,355238,0,39.99,39.99
Bloons TD 6,960090,협동,S2 2017-18,압도적긍정,2018,2808.0,0,공전의 히트를 기록한 타워 디펜스 게임,Ninja Kiwi,353960,0,13.99,13.99
No Man's Sky,275850,멀티/경쟁,S1 ~2016,매우긍정,2016,3665.0,0,No Man's Sky는 무한히 펼쳐지는 우주에서의 탐험과 생존을 그린 SF 게임입니다.,Hello Games,352858,0,59.99,59.99
Sid Meier’s Civilization® VI,289070,멀티/경쟁,S1 ~2016,매우긍정,2016,3596.0,0,"문명 VI 에서는 새로운 방식으로 세상과 소통하고, 제국의 영토를 확장시키며, 문화를 발전시키고, 역사속 위대한 지도자들에 맞서 오래도록 지속될 나만의 문명을 건설해볼 수 있습니다. 클레오파트라를 비롯한 20명의 역사 속 지도자들 중 한명으로 플레이 해보세요. ","Firaxis Games, Aspyr (Mac), Aspyr (Linux)",349920,0,59.99,59.99
Paladins®,444090,멀티/경쟁,S2 2017-18,매우긍정,2018,3031.0,0,"Paladins is the ultimate fantasy team-based shooter experience, with over 50 customizable Champions fighting in 5v5 action across a diverse Realm of modes and maps!",Evil Mojo Games,346404,1,0.0,0.0
Raft,648800,협동,S3 2019-22,매우긍정,2022,1527.0,0,"Raft™ throws you and your friends into an epic oceanic adventure! Alone or together, players battle to survive a perilous voyage across a vast sea! Gather debris, scavenge reefs an",Redbeet Interactive,346359,0,19.99,19.99
The Binding of Isaac: Rebirth,250900,액션/캐주얼,S1 ~2016,압도적긍정,2014,4312.0,0,The Binding of Isaac: Rebirth is a randomly generated action RPG shooter with heavy Rogue-like elements. Following Isaac on his journey players will find bizarre treasures that cha,"Nicalis, Inc., Edmund McMillen",343420,0,14.99,14.99
Deep Rock Galactic,548430,협동,S3 2019-22,압도적긍정,2020,2295.0,0,"딥 락 갤럭틱은 1-4인의 플레이어가 협동하는 FPS 게임으로, 상남자 우주 드워프, 100% 파괴 가능한 맵 환경, 절차적 생성 동굴 지형, 그리고 끊임없이 등장하는 외계 괴물 무리가 특징입니다.",Ghost Ship Games,343000,0,29.99,29.99
Hearts of Iron IV,394360,협동,S1 ~2016,매우긍정,2016,3732.0,0,"Victory is at your fingertips! Your ability to lead your nation is your supreme weapon, the strategy game Hearts of Iron IV lets you take command of any nation in World War II; the",Paradox Development Studio,342150,0,49.99,49.99
The Elder Scrolls V: Skyrim Special Edition,489830,싱글 서사,S1 ~2016,매우긍정,2016,3589.0,0,200회 이상 올해의 게임에 선정된 The Elder Scrolls V: Skyrim Special Edition이 놀라운 디테일로 판타지에 생명을 불어넣었습니다. Special Edition에는 비평가들의 극찬을 받은 게임 및 새로운 기능이 포함된 애드온이 들어 있습니다.,Bethesda Game Studios,337058,0,39.99,39.99
NARAKA: BLADEPOINT,1203220,멀티/경쟁,S3 2019-22,평가나쁨,2021,1840.0,0,"나라카: 블레이드포인트는 60명의 유저가 동시에 플레이하며, 와이어 액션과 근거리 전투가 합쳐져 화려한 난전을 연출합니다. 중력을 거스르는 움직임, 방대한 근거리 및 원거리 무기, 디테일한 커스터마이징 기능 등 각각의 스타일이 다른 다양한 영웅들과 개성 넘치는 스킨 등 아시아의 배경 속 전설적인 전투 액션을 지금 바로 느",24 Entertainment,324927,1,0.0,0.0
BeamNG.drive,284160,전략/시뮬,S1 ~2016,압도적긍정,2015,4106.0,0,뭐든지 할 수 있는 동적 소프트 보디 물리 시뮬레이터입니다.,BeamNG,322278,0,24.99,24.99
Sekiro™: Shadows Die Twice - GOTY Edition,814380,싱글 서사,S3 2019-22,압도적긍정,2019,2714.0,0,"Game of the Year - The Game Awards 2019 Best Action Game of 2019 - IGN Carve your own clever path to vengeance in the award winning adventure from developer FromSoftware, creators ","FromSoftware, Inc.",322234,0,59.99,59.99
Hogwarts Legacy,990080,싱글 서사,S4 2023-25,매우긍정,2023,1292.0,0,호그와트 레거시는 몰입형 오픈월드 액션 RPG입니다. 이제 여러분도 꿈에 그리던 마법 세계에 직접 영향을 끼칠 수 있습니다. 마법 세계에서 펼쳐지는 모험의 주인공이 되어보세요.,Avalanche Software,321395,0,59.99,59.99
The Elder Scrolls V: Skyrim,72850,싱글 서사,S1 ~2016,매우긍정,2011,5402.0,0,"돌아온 장대한 판타지Skyrim은 2006년, 2008년 올해의 게임상(Games of the Year)을 받은 Bethesda Game Studios에서 제작하고, 많은 사람들의 기대를 모았던 Elder Scrolls 시리즈 다음 챕터입니다. Skyrim은 오픈월드 판타지 게임장르를 재정의함과 동시에 혁명을 일으켰고, ",Bethesda Game Studios,317279,0,19.99,19.99
Subnautica,264710,싱글 서사,S2 2017-18,압도적긍정,2018,3136.0,0,"위험과 경이로움이 가득한 외계의 바다 속으로 내려가세요. 장비를 제작하고, 잠수함을 조종하며 야생 생물보다 앞서가세요. 우거진 산호초, 화산, 동굴 같은 많은 장소들을 탐험하세요. 물론 살아남는 걸 잊으면 안 되겠죠.",Unknown Worlds Entertainment,313707,0,29.99,29.99
Risk of Rain 2,632360,멀티/경쟁,S3 2019-22,매우긍정,2020,2205.0,0,"기괴한 괴물들과 싸우며 혼돈스러운 외계 행성을 탈출하세요. 친구들과 함께 해도 되고, 혼자 해도 좋습니다. 전리품들을 놀라운 방식으로 조합하고 각 캐릭터를 마스터하여 처음 불시착할 때 공포스러워했던 바로 그 존재가 되세요.",Hopoo Games,313577,0,24.99,8.24
Battlefield™ 2042,1517290,멀티/경쟁,S3 2019-22,평가나쁨,2021,1740.0,0,Battlefield™ 2042는 프랜차이즈의 상징인 전면전으로의 복귀를 알리는 1인칭 슈팅 게임입니다.,DICE,297774,0,59.99,59.99
Borderlands 2,49520,협동,S1 ~2016,매우긍정,2012,5087.0,0,"슈팅과 약탈의 새로운 시대가 곧 시작됩니다. 네 명의 새로운 Vault 헌터 중 한 명으로서, 괴물들과 사이코들이 가득한 방대한 세계와 사악한 배후자, Handsome Jack에 맞서십시오.","Gearbox Software, Aspyr (Mac), Aspyr (Linux)",295218,0,19.99,19.99
Forza Horizon 4,1293830,멀티/경쟁,S3 2019-22,매우긍정,2021,1995.0,0,"세계 최고의 자동차 페스티벌에서 모든 것을 바꿀 새로운 시즌이 시작됩니다. 공유된 오픈 월드에서 혼자서 또는 다른 사람들과 팀을 이루어 아름답고 역사가 있는 브리튼 섬을 탐험하세요. 450가지가 넘는 자동차들을 수집, 개조 및 운전하세요. 레이스, 스턴트, 창조, 탐험 중 원하는 길을 골라 Horizon 슈퍼스타가 되세요",Playground Games,290917,0,0.0,0.0
New World: Aeternum,1063730,멀티/경쟁,S3 2019-22,평가나쁨,2021,1792.0,0,Experience a thrilling action RPG set on the supernatural island of Aeternum. Forge your destiny on an adventure filled with danger and opportunity.,Amazon Game Studios,286878,0,59.99,59.99
Arma 3,107410,멀티/경쟁,S1 ~2016,매우긍정,2013,4730.0,0,"거대한 군사 샌드박스에서 진정한 전투 게임플레이를 경험하세요. 다양한 싱글 및 멀티플레이어 콘텐츠, 현대적인 무기와 차량으로 구성된 방대한 무기고, 그리고 무한한 콘텐츠 제작의 기회와 함께 전장에 뛰어드세요. 사실적이고, 다양하고, 개방적인 Arma 3가 당신을 전쟁의 한복판으로 초대합니다.",Bohemia Interactive,283264,0,29.99,29.99
People Playground,1118200,전략/시뮬,S3 2019-22,압도적긍정,2019,2590.0,0,"Shoot, stab, burn, poison, tear, vaporise, or crush ragdolls in a large open space.",mestiez,281763,0,9.99,9.99
Hades,1145360,싱글 서사,S3 2019-22,압도적긍정,2020,2168.0,0,"Bastion, Transistor, Pyre의 제작사에서 선보이는 이 로그라이크 던전 탐색형 게임에서 핵 앤 슬래시로 지하 세계를 탈출하고 죽음의 신에게 도전하세요.",Supergiant Games,279741,0,24.99,24.99
Cities: Skylines,255710,전략/시뮬,S1 ~2016,매우긍정,2015,4186.0,0,Cities: Skylines is a modern take on the classic city simulation. The game introduces new game play elements to realize the thrill and hardships of creating and maintaining a real ,Colossal Order,275770,0,29.99,8.99
Undertale,391540,싱글 서사,S1 ~2016,압도적긍정,2015,3997.0,0,UNDERTALE! The RPG game where you don't have to destroy anyone.,tobyfox,272932,0,9.99,9.99
Mount & Blade II: Bannerlord,261550,멀티/경쟁,S3 2019-22,매우긍정,2022,1400.0,0,"본 게임은 전략/액션 RPG입니다. 캐릭터를 생성하고, 외교에 참여하고, 제작, 거래를 하고, 방대한 중세풍의 샌드박스에서 새로운 땅을 정복하십시오. 군대를 일으켜 전쟁에 뛰어들고, 깊이가 있으나 직관적인 실력 기반의 전투 시스템을 채용한 대규모 실시간 전투에서 자신의 부대에 명령을 내리고 함께 싸우십시오.",TaleWorlds Entertainment,264391,0,49.99,49.99
Titanfall® 2,1237970,멀티/경쟁,S3 2019-22,압도적긍정,2020,2259.0,0,"디지털 디럭스 콘텐츠 및 점프 스타트 팩, 언더그라운드 R-201 Carbine 커스텀 무기 스킨이 포함되어 있습니다.",Respawn Entertainment,256188,0,29.99,29.99
Sons Of The Forest,1326470,협동,S4 2023-25,매우긍정,2024,915.0,0,외딴 섬에서 실종된 억만장자를 찾기 위해 파견된 당신은 식인종으로 가득한 지옥을 마주하게 됩니다. 이 무시무시한 오픈 월드 기반의 공포 서바이벌 시뮬레이터에서 혼자 또는 친구들과 함께 무기를 제작하고 건물을 지으며 생존을 위해 고군분투하세요.,Endnight Games Ltd,253546,0,29.99,29.99
Vampire Survivors,1794680,협동,S3 2019-22,압도적긍정,2022,1405.0,0,수많은 어둠의 피조물을 쓰러뜨리며 새벽이 올 때까지 생존하세요! Vampire Survivors는 로그라이트 요소를 갖춘 고딕 호러 케주얼 게임입니다. 당신의 선택으로 순식간에 수백 마리의 괴물이 눈덩이처럼 불어날 수 있죠.,poncle,250334,0,4.99,4.99
Battlefield™ V,1238810,멀티/경쟁,S3 2019-22,대체로긍정,2020,2133.0,0,"최고의 Battlefield V 경험을 선사합니다. 1년 차 및 2년 차 에디션의 모든 무기, 탑승장비, 보조장비와 최고의 커스터마이즈 콘텐츠로 인류의 가장 거대했던 전투에 들어가세요.",DICE,250288,0,49.99,49.99
Counter-Strike,10,멀티/경쟁,S1 ~2016,압도적긍정,2000,9428.0,0,"세계 최고의 온라인 액션 게임을 즐기세요. 전 세계적으로 유명한 팀 기반의 게임에서 테러리스트가 벌이는 생생한 전투의 현장에 흠뻑 빠지세요. 팀 동료들과 협력하여 전략적인 미션을 완수하고, 적군 기지를 점령하고 인질을 구출해보세요. 여러분의 임무는 아군의 성패를 좌우하고 아군의 성패는 여러분의 임무를 결정합니다.",Valve,250245,0,9.99,9.99
Hunt: Showdown 1896,594650,멀티/경쟁,S3 2019-22,대체로긍정,2019,2555.0,0,Hunt: Showdown 1896은 탈출 슈팅 장르의 새로운 시대를 여는 중독적이고 가차없는 게임입니다. 역사에서 잊혀진 타락한 벽지에서 혼자 또는 친구들과 함께 시간을 초월한 악에 맞서 싸우세요. 뒤틀린 괴물과 다른 무자비한 헌터들을 넘어서야만 현상금을 손에 넣을 수 있습니다. 헌트가 당신을 집어삼키는 동안 모든 것을,Crytek,248220,0,29.99,29.99
Tomb Raider Game of the Year,203160,싱글 서사,S1 ~2016,압도적긍정,2013,4922.0,0,어린 여성에서 단련된 생존자로 성숙해 나가는 라라 크로프트의 이야기가 담겨 있는 Tomb Raider와 만나보세요.,"Crystal Dynamics, Eidos-Montréal, Feral Interactive (Mac), N",247930,0,19.99,19.99
Half-Life 2,220,액션/캐주얼,S1 ~2016,압도적긍정,2004,7952.0,0,"점령당한 대도시인 17번 지구에서 다시 깨어난 고든 프리맨은 알릭스 밴스가 이끄는 저항군에 합류하게 됩니다. 높은 수준의 몰입감 넘치는 게임 세계, 한계를 뛰어넘는 물리적 요소, 짜릿한 전투로 가득한 기념비적인 1인칭 슈팅 게임을 경험하세요.",Valve,245627,0,9.99,9.99
Halo: The Master Chief Collection,976730,멀티/경쟁,S3 2019-22,매우긍정,2019,2457.0,0,"The Master Chief’s iconic journey includes six games, built for PC and collected in a single integrated experience. Whether you’re a long-time fan or meeting Spartan 117 for the fi","343 Industries, Splash Damage, Ruffian Games, Bungie, Saber ",242067,0,39.99,39.99
VRChat,438100,멀티/경쟁,S2 2017-18,대체로긍정,2017,3492.0,0,"Join our growing community as you explore, play, and help craft the future of social VR. Create worlds and custom avatars. Welcome to VRChat.",VRChat Inc.,240355,1,0.0,0.0
Ready or Not,1144200,협동,S4 2023-25,매우긍정,2023,986.0,0,정예 SWAT 지휘관이 되어 혼란과 부패의 도시에 질서를 되찾으세요.,VOID Interactive,236196,0,49.99,49.99
Satisfactory,526870,협동,S4 2023-25,압도적긍정,2024,714.0,0,"Satisfactory is a first-person open-world factory building game with a dash of exploration and combat. Play alone or with friends, explore an alien planet, create multi-story facto",Coffee Stain Studios,232064,0,39.99,39.99
Fallout: New Vegas,22380,싱글 서사,S1 ~2016,압도적긍정,2010,5789.0,0,Welcome to Vegas. New Vegas. Enjoy your stay!,Obsidian Entertainment,227700,0,9.99,9.99
鬼谷八荒 Tale of Immortal,1468810,전략/시뮬,S4 2023-25,평가나쁨,2023,1187.0,0,"《귀곡팔황》은 샌드박스 스타일의 오픈월드 선협 게임입니다. 선협 체계와 산해경의 배경을 결합하여, 범인에서부터 한 걸음씩 수행하고 성장해 강자가 되는 과정을 경험하고, 산해경 속 다양한 요수들과 전투를 벌일 수 있습니다. 당신은 초심을 지키고 어려움과 맞서며, 신중한 선택으로 자신의 운명을 움켜쥘 수 있으십니까?",鬼谷工作室,227104,0,19.99,19.99
Forza Horizon 5,1551360,멀티/경쟁,S3 2019-22,매우긍정,2021,1751.0,0,"Explore the vibrant open world landscapes of Mexico with limitless, fun driving action in the world’s greatest cars.",Playground Games,225629,0,59.99,59.99
Monster Hunter Wilds,2246340,협동,S4 2023-25,평가나쁨,2025,544.0,0,거칠고 치열한 자연의 습격. 시시각각 역동적으로 그 모습을 바꾸는 필드. 양면성을 지닌 세계를 살아가는 몬스터와 사람들의 이야기. 더욱더 발전한 헌팅 액션과 끊임없는 몰입감을 추구하는 궁극의 사냥 체험이 당신을 기다리고 있다.,"CAPCOM Co., Ltd.",218415,0,39.99,39.99
It Takes Two,1426210,협동,S3 2019-22,압도적긍정,2021,1979.0,0,"It Takes Two에서 생애 가장 정신없는 여정을 시작하세요. 친구가 무료로 참가할 수 있게 친구 패스*로 초대하고, 함께 힘을 합쳐서 수많은 유쾌하고 획기적인 게임 플레이 챌린지를 헤쳐나가세요.",Hazelight Studios,218383,0,39.99,39.99
Factorio,427520,협동,S3 2019-22,압도적긍정,2020,2202.0,0,"Factorio는 무한한 2D 세상에서 복잡성이 증가하는 아이템을 생산하기 위해 자동화 공장을 만드는 게임입니다. - 당신의 상상력으로 공장을 설계, 독창적인 방법으로 간단한 요소를 결합하고 마지막엔 당신을 좋아하지 않는 생물들로 부터 공장을 지키세요.",Wube Software LTD.,215209,0,35.0,35.0
Call of Duty®: Black Ops III,311210,협동,S1 ~2016,매우긍정,2015,3946.0,0,Call of Duty®: Black Ops III Zombies Chronicles Edition includes the full base game plus the Zombies Chronicles content expansion.,"Treyarch, Aspyr (Mac)",215026,0,59.99,59.99
SCP: Secret Laboratory,700330,멀티/경쟁,S2 2017-18,매우긍정,2017,3161.0,0,"SCP 재단 속 깊은 곳에서의 격리 실패 사태 도중, 많은 변칙 개체들이 보안을 피해 그들의 격리실로부터 탈출했습니다. 재단을 지원해 시설을 다시 확보하거나, 반란을 도와 시설 점령을 돕거나, 탈출한 SCP가 되어 혼란을 일으키세요.",Northwood Studios,214309,1,0.0,0.0
Human Fall Flat,477160,멀티/경쟁,S1 ~2016,매우긍정,2016,3686.0,0,"Human Fall Flat은 부유하는 초현실적 세계에서 가벼운 마음으로 즐길 수 있는 유쾌한 플랫폼 게임 세트로, 혼자서 플레이하거나 최대 8명의 플레이어와 함께 온라인으로 플레이할 수 있습니다. 무료로 제공되는 새로운 레벨을 통해 더욱 흥미로운 게임과 활기찬 커뮤니티가 계속 유지됩니다.",No Brakes Games,213640,0,19.99,19.99
Doki Doki Literature Club!,698780,액션/캐주얼,S2 2017-18,압도적긍정,2017,3245.0,0,The Literature Club is full of cute girls! Will you write the way into their heart? This game is not suitable for children or those who are easily disturbed.,Team Salvato,210717,1,0.0,0.0
Squad,393380,멀티/경쟁,S3 2019-22,매우긍정,2020,2162.0,0,"스쿼드는 50 대 50 멀티플레이어 일인칭 슈터로서, 팀원간의 소통과 협동을 중심으로 전투의 현장감을 살려낸 게임입니다. 주요 요소로서 차량기반 제병협동 게임플레이, 광활한 맵, 기지 건설, 그리고 분대 무전기능과 사실적인 근접 마이크 채팅을 가능케 하는 위치기반 VoIP기능을 선보입니다.",Offworld,210551,0,39.99,39.99
RimWorld,294100,전략/시뮬,S2 2017-18,압도적긍정,2018,2869.0,0,"지능형 AI 이야기꾼이 주도하는 공상과학 정착지 시뮬레이터입니다. 심리, 생태, 총격전과 근접전, 날씨, 기후, 외교, 사람 사이의 관계, 예술, 의학, 무역, 그 외 많은 것들을 시뮬레이션하여 이야기를 생성합니다.",Ludeon Studios,210517,0,34.99,34.99
DOOM,379720,협동,S1 ~2016,압도적긍정,2016,3757.0,0,"Now includes all three premium DLC packs (Unto the Evil, Hell Followed, and Bloodfall), maps, modes, and weapons, as well as all feature updates including Arcade Mode, Photo Mode, ",id Software,207279,0,19.99,19.99
DOOM Eternal,782330,멀티/경쟁,S3 2019-22,매우긍정,2020,2350.0,0,지옥의 군대가 지구를 침공했습니다. 장엄한 싱글 플레이 캠페인에서 슬레이어가 되어 다양한 차원에서 악마를 처치하고 인류를 파멸을 막으십시오. 그들이 두려워하는 유일한 존재는... 바로 당신입니다.,id Software,206026,0,29.99,29.99
Sid Meier's Civilization® V,8930,전략/시뮬,S1 ~2016,압도적긍정,2010,5815.0,0,"Create, discover, and download new player-created maps, scenarios, interfaces, and more!","Firaxis Games, Aspyr (Mac), Aspyr (Linux)",204265,0,29.99,29.99
Schedule I,3164500,협동,S4 2023-25,압도적긍정,2025,519.0,0,"From small-time dope pusher to kingpin - manufacture and distribute a range of drugs throughout the grungy city of Hyland Point. Expand your empire with properties, businesses, emp",TVGS,204041,0,19.99,19.99
Z1 Battle Royale,433850,멀티/경쟁,S2 2017-18,평가나쁨,2018,3100.0,0,"Z1 Battle Royale is a Free to Play, fast-paced, action arcade, competitive Battle Royale. Staying true to its &quot;King of the Kill&quot; roots, the game has been revamped and res",Daybreak Game Company,204013,1,0.0,0.0
Dying Light 2 Stay Human: Reloaded Edition,534380,협동,S3 2019-22,대체로긍정,2022,1664.0,0,"인류는 바이러스와의 승산 없는 싸움을 이어 나가고 있습니다. 좀비 떼가 지배하는 아포칼립스 이후의 오픈 월드에서 파쿠르와 전투 스킬은 생존에 있어서 필수입니다. 낮 동안 도시를 자유롭게 이동하되, 밤에는 사방에 깔린 괴물들을 조심하세요.",Techland,194830,0,59.99,59.99
Battlefield™ 1,1238840,멀티/경쟁,S3 2019-22,매우긍정,2020,2266.0,0,강력한 Battlefield 커뮤니티에 참여하고 대규모의 팀 기반 멀티플레이어 전투와 눈을 뗄 수 없는 워 스토리 캠페인을 통해 전면전의 시작을 경험하세요.,DICE,192821,0,39.99,39.99
Divinity: Original Sin 2 - Definitive Edition,435150,멀티/경쟁,S2 2017-18,압도적긍정,2017,3267.0,0,"The critically acclaimed RPG that raised the bar, from the creators of Baldur's Gate 3. Gather your party. Master deep, tactical combat. Venture as a party of up to four - but know",Larian Studios,190124,0,44.99,44.99
Cuphead,268910,협동,S2 2017-18,압도적긍정,2017,3252.0,0,"Cuphead is a classic run and gun action game heavily focused on boss battles. Inspired by cartoons of the 1930s, the visuals and audio are painstakingly created with the same techn",Studio MDHR Entertainment Inc.,186835,0,19.99,19.99
R.E.P.O.,3241660,협동,S4 2023-25,압도적긍정,2025,545.0,0,"An online co-op horror game with up to 6 players. Locate valuable, fully physics-based objects and handle them with care as you retrieve and extract to satisfy your creator's desir",semiwork,185642,0,9.99,9.99
Stellaris,281990,전략/시뮬,S1 ~2016,매우긍정,2016,3760.0,0,"항성간 여행을 통해 우주를 탐험하며 수많은 종족들도 만나보세요. 과학선을 보내 우주를 조사하고 탐험하면서 은하 제국을 건설하고, 건축선을 보내 새로 발견한 행성에 기지를 건설하세요. 소속 사회를 위한 탐험에 나서 매장된 보물과 은하계의 경이를 발견하고, 탐험가의 한계치와 진화 범위를 설정하세요. 동맹이 체결되고, 전쟁이 ",Paradox Development Studio,185433,0,49.99,49.99
Slay the Spire,646570,전략/시뮬,S3 2019-22,압도적긍정,2019,2771.0,0,"카드 게임이라는 장르와 로그라이크라는 장르를 합쳐, 저희가 만들 수 있는 최고의 싱글 플레이 덱 빌딩 게임을 만들었습니다. 독창적인 덱을 만들고, 기이한 적들과 조우하며, 엄청난 힘을 가진 유물을 발견하고, 첨탑을 정복해보세요!",Mega Crit,182277,0,24.99,24.99
Counter-Strike: Source,240,액션/캐주얼,S1 ~2016,압도적긍정,2004,7967.0,0,Counter-Strike: Source blends Counter-Strike's award-winning teamplay action with the advanced technology of Source™ technology.,Valve,182234,0,9.99,9.99
Resident Evil 4,2050650,싱글 서사,S4 2023-25,압도적긍정,2023,1251.0,0,"죽음을 피하고, 쓰러트리는 쾌감. 전례 없는 생물 재해 &quot;라쿤 사건&quot;으로부터 6년― 대통령 직속 요원이 된 레온 S. 케네디에게 주어진, 유괴된 대통령 영애의 구출 임무. &quot;광기&quot;에 지배된 마을에 발을 들이게 된 레온은… 생과 사, 공포와 카타르시스가 교차되는 가혹한 구출극의 막이 지금","CAPCOM Co., Ltd.",181708,0,39.99,39.99
Portal,400,액션/캐주얼,S1 ~2016,압도적긍정,2007,6894.0,0,포털은 Valve의 새로운 싱글플레이 게임입니다. 미스테리한 애퍼처 사이언스 연구소를 배경으로 하고 있는 포털은 특유의 혁신적이고 새로운 스타일로 각광받아왔으며 게이머들에게 또 하나의 독특한 재미를 선사할 것입니다. 이 게임의 특징은 주어진 환경에서 문제를 해결하기 위해 완전히 새로운 방법으로 플레이어를 조작하는 것입니다,Valve,177741,0,9.99,9.99
theHunter: Call of the Wild™,518790,협동,S2 2017-18,매우긍정,2017,3477.0,0,커뮤니티와 협력하여 정기적으로 업데이트되는 이 사실적이고 놀라운 오픈 월드에서 다른 어떤 게임과도 비교할 수 없는 분위기를 내는 사냥 게임을 즐겨보세요. 싱글 플레이어 캠페인에 몰입하거나 친구들과 최고의 사냥 경험을 공유할 수 있습니다.,Expansive Worlds,177610,1,19.99,19.99
Halo Infinite,1240440,멀티/경쟁,S3 2019-22,평가나쁨,2021,1744.0,0,게임 역사상 가장 상징적인 시리즈 중 하나인 Halo가 그 어느 때보다 더 거대해졌습니다. 방대한 오픈 월드 캠페인과 역동적인 무료 멀티플레이어 경험이 특징입니다. ,343 Industries,177041,1,0.0,0.0
American Truck Simulator,270880,협동,S1 ~2016,압도적긍정,2016,3857.0,0,"전설적인 미국 트럭을 경험하고 햇살 가득한 캘리포니아, 모래가 많은 네바다, 애리조나주의 그랜드 캐니언 전역에서 다양한 화물을 배달하세요. American Truck Simulator는 숨 막힐 듯한 풍경과 미국 전역의 널리 알려진 랜드마크를 여행으로 안내합니다.",SCS Software,175287,0,19.99,4.99
Grand Theft Auto IV: The Complete Edition,12210,싱글 서사,S3 2019-22,매우긍정,2020,2345.0,0,"니코 벨릭, 조니 클레비츠, 루이스 로페즈는 공통점을 하나 가지고 있습니다. 바로 미국에서 최악의 도시에서 살고 있다는 거죠. 돈과 지위를 숭배하는 리버티 시티, 그곳은 가진 사람에게는 천국이고, 그렇지 못한 사람에겐 생지옥입니다.","Rockstar North, Rockstar Toronto",175184,0,19.99,19.99
Far Cry® 5,552520,협동,S2 2017-18,매우긍정,2018,3074.0,0,"광신도 사이비 집단에 맞선 전투, 오픈 월드 FPS로 즐겨보세요. 치열한 전투를 벌이고, 적의 영토를 해방하며, 충성스러운 동료와 동물 동료를 모집하세요. 솔로 또는 2인 완전 협동 플레이로 호프 카운티를 해방하세요.","Ubisoft Montreal, Red Storm, Ubisoft Shanghai, Ubisoft Toron",173477,0,59.99,59.99
Resident Evil 2,883710,액션/캐주얼,S3 2019-22,압도적긍정,2019,2770.0,0,"모든 것이 플레이어의 상상을 뛰어 넘는다. 1998년 9월 라쿤시티를 덮친 생물재해. 좀비가 생자를 찢는 지옥으로부터 돌아온다. 이 궁지, 공포, 퀄리티. 누구도 본적없는 바이오하자드, 『BIOHAZARD RE:2』 시리즈 굴지의 걸작, 그 재탄생을 목격한다. 이 참극에 삼켜지지 마라.","CAPCOM Co., Ltd.",172857,0,39.99,39.99
Assassin's Creed® Odyssey,812140,싱글 서사,S2 2017-18,매우긍정,2018,2881.0,0,"In this action-adventure game, set sail for Ancient Greece to alter its fate. Fight in visceral battles on land and sea, shape your destiny from outcast to legend, and uncover secr","Ubisoft Quebec, Ubisoft Montreal, Ubisoft Bucharest, Ubisoft",172193,0,59.99,59.99
The Sims™ 4,1222670,전략/시뮬,S3 2019-22,매우긍정,2020,2259.0,0,아무런 제약 없는 가상 세계에서 심들을 창조하고 지배하는 전능한 힘을 즐기세요. 강력한 권력을 휘두르며 자유롭고 재미있게 인생을 플레이하세요!,Maxis,170727,1,0.0,0.0
ULTRAKILL,1229490,액션/캐주얼,S3 2019-22,압도적긍정,2020,2182.0,0,"‘울트라킬(ULTRAKILL)’은 캐릭터 액션 게임의 기술 기반 점수 시스템과 90년대 최고의 슈팅 게임에서 영감을 받은 순수한 살육의 쾌감을 결합한, 박진감 넘치고 초폭력적인 레트로 FPS 게임입니다.","Arsi ""Hakita"" Patala",169751,0,29.99,29.99
Life is Strange - Episode 1,319630,싱글 서사,S1 ~2016,압도적긍정,2015,4226.0,0,"Episode 1 now FREE! Life is Strange is an award-winning and critically acclaimed episodic adventure game that allows the player to rewind time and affect the past, present and futu","DONTNOD Entertainment, Feral Interactive (Mac), Feral Intera",169201,1,0.0,0.0
Detroit: Become Human,1222140,싱글 서사,S3 2019-22,압도적긍정,2020,2259.0,0,"Detroit: Become Human에서는, 여러분을 기계가 인간보다 더 높은 지능을 갖고 있는 근미래로 데려가, 인간과 안드로이드의 운명을 여러분의 손에 쥐어 줍니다. 이제껏 창조된 이야기 중 가장 복잡한 분기점을 가진 서사구조를 통해, 여러분이 내리는 모든 결정이 게임 결과에 영향을 미치게 될 것입니다.",Quantic Dream,169199,0,39.99,39.99
Dead Cells,588650,싱글 서사,S2 2017-18,압도적긍정,2018,2941.0,0,"데드 셀(Dead Cells)는 메트로배니아에서 영감을 받은 로그라이트 액션 플랫포머 게임입니다. 2D 소울 라이트 전투에서 성을 지키는 수호자들을 물리치고 끊임없이 변화하는 거대한 성을 탐험하게 됩니다. 세이브 포인트는 없습니다. 죽이고, 죽고, 배우고, 반복하세요.",Motion Twin,168464,0,24.99,24.99
Mount & Blade: Warband,48700,싱글 서사,S1 ~2016,압도적긍정,2010,5991.0,0,"끝없는 전쟁에 의해 갈라진 땅에서, 강인한 전사들로 구성된 당신의 군대를 이끌고 전쟁에 참여할 때 입니다. 당신의 부대를 이끌어 나가고, 당신의 영토를 늘려가며 최종적으로는 Caldaria의 왕좌를 차지해 보십시오!Mount &amp; Blade: Warband는 말 위에서의 전투, 세부적인 전투 시스템을 통해 중세의 전",TaleWorlds Entertainment,166405,0,19.99,19.99
Starfield,1716740,싱글 서사,S4 2023-25,평가나쁨,2023,1085.0,0,Starfield는 수상에 빛나는 Elder Scrolls V: Skyrim과 Fallout 4의 제작자인 Bethesda Game Studios가 25년 만에 처음으로 선보이는 새로운 세계입니다.,Bethesda Game Studios,165527,0,49.99,49.99
Starbound,211820,멀티/경쟁,S1 ~2016,매우긍정,2016,3686.0,0,"You’ve fled your home, only to find yourself lost in space with a damaged ship. Your only option is to beam down to the planet below, repair your ship and set off to explore the un",Chucklefish,164906,0,14.99,14.99
"Warhammer 40,000: Space Marine 2",2183900,멀티/경쟁,S4 2023-25,매우긍정,2024,715.0,0,스페이스 마린의 초인적인 기술과 잔혹함을 직접 체현하십시오. 치명적인 능력과 강력한 무기로 끝없이 몰려오는 타이라니드 무리를 말살해야 합니다. 1인 또는 멀티플레이어 모드에서 박진감 넘치는 3인칭 액션을 펼치며 제국을 지키십시오.,Saber Interactive,162585,0,59.99,59.99
Age of Empires II: Definitive Edition,813780,멀티/경쟁,S3 2019-22,매우긍정,2019,2476.0,0,"Age of Empires II: Definitive Edition은 큰 인기를 얻었던 이 전략 게임의 20주년을 기념하여 놀라운 4K Ultra HD 그래픽과 리마스터된 오디오, 3개의 신규 캠페인 및 4개의 신규 문명을 포함하는 Age of Empires II: DE “The Last Khans”를 제공합니다. 잦은 ","World's Edge, Forgotten Empires, CaptureAge, Tantalus Media,",162462,0,34.99,34.99
Kingdom Come: Deliverance,379430,싱글 서사,S2 2017-18,매우긍정,2018,3115.0,0,"킹덤 컴: 딜리버런스는 신성 로마 제국에서 벌어지는 거대한 모험을 담은 스토리 중심의 오픈 월드 RPG 게임입니다. 침략자들에 맞서 싸우며 돌아가신 부모님의 복수를 하고, 흥미로운 임무를 수행하고, 중대한 선택을 하십시오. 장엄한 성, 깊은 숲, 생기있는 마을과 수많은 중세 보헤미아의 풍경을 탐험해 보십시오!",Warhorse Studios,162206,0,29.99,29.99
STAR WARS Jedi: Fallen Order™,1172380,싱글 서사,S3 2019-22,매우긍정,2019,2476.0,0,"Respawn Entertainment의 3인칭 액션 어드벤처 게임인 스타워즈 제다이: 오더의 몰락에서 온 은하계를 누비는 모험을 시작하세요. 탈주한 파다완이 되어 훈련을 마치고, 새로운 포스 능력을 개발하고, 광선검 사용법을 익히십시오. 이 장대한 모험에서 항상 제국보다 한발 먼저 움직여야 한다는 사실도 잊지 마십시오.",Respawn Entertainment,158579,0,39.99,39.99
God of War,1593500,싱글 서사,S3 2019-22,압도적긍정,2022,1684.0,0,"올림푸스 신들을 향한 복수심을 뒤로하고 크레토스는 이제 북유럽 신과 괴물의 땅에 살고 있습니다. 항상 생존을 위해 싸워야 하는 이 혹독하고 가차 없는 세상에서, 그는 생존을 위해 싸우고… 아들에게도 그 방식을 가르쳐야 합니다.","Santa Monica Studio, Jetpack Interactive",158017,0,49.99,49.99
Stray,1332010,싱글 서사,S3 2019-22,압도적긍정,2022,1498.0,0,"Lost, alone and separated from family, a stray cat must untangle an ancient mystery to escape a long-forgotten cybercity and find their way home.",BlueTwelve Studio,156607,0,29.99,14.99
The Elder Scrolls® Online,306130,멀티/경쟁,S2 2017-18,매우긍정,2017,3382.0,0,"모든 전설에는 시작이 있으며, The Elder Scrolls Online에서는 당신이 바로 전설의 시작입니다. 수백만 명의 플레이어와 함께 광활하고 생동감 넘치는 Elder Scrolls 세계를 배경으로 하는 온라인 판타지 RPG에 참여하십시오.",ZeniMax Online Studios,154113,0,19.99,19.99
Balatro,2379780,전략/시뮬,S4 2023-25,압도적긍정,2024,917.0,0,"포커 로그라이크 게임. Balatro는 불법 포커 패로 게임을 하고, 판을 뒤엎는 조커를 발견하고, 아드레날린이 치솟는 강력한 콤보를 만드는 덱 빌딩 게임입니다.",LocalThunk,153566,0,14.99,14.99
Crab Game,1782210,멀티/경쟁,S3 2019-22,매우긍정,2021,1761.0,0,"Crab Game is a First-Person Multiplayer game where you play through several different minigames based on children's games, until only one player stands victorious.",Dani,152433,1,0.0,0.0
EA SPORTS™ FIFA 23,1811260,멀티/경쟁,S3 2019-22,평가나쁨,2022,1425.0,0,"FIFA 23을 통해 세계의 게임을 플레이하세요. HyperMotion2 기술, 남자 및 여자 FIFA World Cup™, 여자 클럽 팀, 크로스 플레이 기능** 등 다양한 재미를 즐기세요.","EA Canada, EA Romania",151419,0,0.0,0.0
Assetto Corsa,244210,멀티/경쟁,S1 ~2016,매우긍정,2014,4267.0,0,아세토 코르사(Assetto Corsa) v1.16은 새로운 레이저 스캔 트랙 &quot;라구나 세카(Laguna Seca)&quot; 및 기다리던 Alfa Romeo Giulia Quadrifoglio를 포함한 7개의 신차를 소개합니다! 체인지로그에서 더 자세한 내용을 확인하세요!,Kunos Simulazioni,151391,0,19.99,19.99
FOR HONOR™,304390,멀티/경쟁,S2 2017-18,평가나쁨,2017,3480.0,0,"혼자서 또는 친구와 함께 3인칭 영웅 기반 근접 전투 게임 ‘포 아너’를 즐겨 보십시오. 기사, 바이킹, 사무라이, 무림, 아웃랜더 중 하나가 되어 혼돈의 전장 속으로 뛰어드십시오. 잔혹한 PvP 팀 기반 모드에서 싸우거나, 스릴 넘치는 스토리 캠페인도 즐겨볼 수 있습니다.","Ubisoft Montreal, Ubisoft Quebec, Ubisoft Toronto, Blue Byte",150256,0,29.99,29.99
Darkest Dungeon®,262060,전략/시뮬,S1 ~2016,매우긍정,2016,3871.0,0,"Darkest Dungeon은 모험의 심리적 스트레스에 중점을 둔, 매력적인 고딕풍의 턴제 기반 RPG입니다. 미완성된 영웅의 팀을 고용, 훈련 그리고 리드하여 상상할 수 없는 공포, 스트레스, 기근, 질병 그리고 끊임없이 침식하는 암흑에 맞서세요. 모든 희망이 사라졌을 때 여러분의 영웅을 모두 지켜내세요!",Red Hook Studios,149456,0,24.99,3.74
Borderlands 3,397540,협동,S3 2019-22,매우긍정,2020,2356.0,0,"무진장 많은 총기와 정신없는 새로운 모험으로 가득한 오리지널 슈팅 파밍 게임이 돌아왔습니다! 특색 있는 스킬 트리, 능력, 커스터마이징을 즐길 수 있는 4인의 신규 볼트 헌터 중 하나가 되어 새로운 지역을 탐험하며 적을 쓰러뜨려 보세요. 혼자서 또는 친구와 함께 미쳐 날뛰는 적들을 상대하며 아이템을 파밍하고 전 우주에서 ",Gearbox Software,149065,0,59.99,59.99
Half-Life,70,멀티/경쟁,S1 ~2016,압도적긍정,1998,10141.0,0,"50개 이상의 언론사에서 올해의 게임으로 선정된 Valve의 데뷔 타이틀로서, 수상 경력에 빛나는 기술력이 결합된 액션과 어드벤처가 플레이어의 생존 본능을 자극하며 놀랍도록 현실적인 세계를 선사합니다. 전 세계의 플레이어와 친구 또는 적이 될 수 있는 흥미진진한 멀티플레이어 모드도 포함되어 있습니다.",Valve,148221,0,9.99,9.99
World of Tanks Blitz,444200,멀티/경쟁,S1 ~2016,대체로긍정,2016,3576.0,0,"무료 온라인 7대7 전차 슈팅 게임에서 적 전차 포탑과 함께 스트레스도 날려보십시오! 박물관에나 있을 법한 고전부터 ‘정말 실제로 존재했나?’ 스페셜까지, 수백 대 전차를 직접 운용하고, 쇳덩이가 난무하는 5~7분의 빠른 난투전을 즐겨보십시오. 혼자 플레이하거나 친구와 팀을 이루어 즐길 수도 있으며, 그리 높지 않은 사양",Wargaming Group Limited,148161,1,0.0,0.0
World of Warships,552990,멀티/경쟁,S2 2017-18,대체로긍정,2017,3205.0,0,기습에 능한 구축함부터 거함거포의 상징인 전함 등 20세기 초반부터 등장한 800척의 다양한 군함을 직접 운용하여 치열한 해상 전투가 벌어지는 전장에 참전할 수 있는 기회를 놓치지 마십시오. 취향에 따라 군함 외관을 장식하고 강화 장치를 장착하여 해상을 정복해 보십시오!,Wargaming Group Limited,146552,1,0.0,0.0
Devil May Cry 5,601150,협동,S3 2019-22,압도적긍정,2019,2728.0,0,"최강의 악마사냥꾼(데빌헌터)이 돌아왔다! 대망의 액션 게임, 전설의 스타일리시 액션 「Devil May Cry」가 드디어 부활!","CAPCOM Co., Ltd.",146133,0,29.99,29.99
Content Warning,2881650,협동,S4 2023-25,매우긍정,2024,876.0,0,친구들이 무서운 짓을 벌이는 모습을 촬영해 SpöökTube 인플루언서가 되어보세요! (혼자 가지는 않기를 강력하게 권장해 드립니다),"Zorro, Wilnyl, Philip, thePetHen, Skog",145091,0,7.99,7.99
BattleBit Remastered,671860,멀티/경쟁,S4 2023-25,매우긍정,2023,1167.0,0,"배틀비트 리마스터는 서버당 254명의 플레이어를 지원하는 로우 폴리, 대규모 멀티플레이어 FPS입니다. 거의 파괴 불가능한 맵에서 다양한 전차로 전투를 벌이세요!","SgtOkiDoki, Vilaskis, TheLiquidHorse",143124,0,14.99,14.99
Heroes & Generals,227940,멀티/경쟁,S1 ~2016,평가나쁨,2016,3598.0,0,"무료로 플레이할 수 있는 이 궁극의 대규모 멀티플레이어 슈팅 게임에서 총을 쏘고, 폭파해서 날려 버리고, 하늘을 날거나 큰 소리로 명령을 내리십시오. 수천 명의 플레이어가 국가를 위한 거대한 전쟁에서 승부수를 펼칩니다. 15개 도시를 먼저 점령한 플레이어가 영광을 차지합니다.",TLM Partners,142763,0,0.0,0.0
BioShock Infinite,8870,액션/캐주얼,S1 ~2016,매우긍정,2013,4901.0,0,"Indebted to the wrong people, with his life on the line, veteran of the U.S. Cavalry and now hired gun, Booker DeWitt has only one opportunity to wipe his slate clean. He must resc","Irrational Games, Virtual Programming (Linux)",140682,0,29.99,7.49
NieR:Automata™,524220,싱글 서사,S2 2017-18,매우긍정,2017,3448.0,0,"NieR: Automata tells the story of androids 2B, 9S and A2 and their battle to reclaim the machine-driven dystopia overrun by powerful machines.","Square Enix, PlatinumGames Inc.",140169,0,39.99,39.99
Batman™: Arkham Knight,208650,싱글 서사,S1 ~2016,매우긍정,2015,4081.0,0,Rocksteady Studios의 수차례 상을 받은 아캄 3부작 시리즈가 배트맨™: 아캄 나이트에서 웅장한 결말을 맞이합니다. 차세대 플랫폼용으로 독점 개발된 배트맨™: 아캄 나이트에는 Rocksteady가 독창적으로 설계한 버전의 배트모빌이 등장합니다. 이 전설적인 차량의 등장이 매우 기대되지 않습니까? 호평을 받은 ,Rocksteady Studios,140048,0,19.99,19.99
Plants vs. Zombies GOTY Edition,3590,전략/시뮬,S1 ~2016,압도적긍정,2009,6321.0,0,"Bejeweled와 Peggle의 제작사인 PopCap의 신개념 액션-전략 게임! 좀비들이 당신의 집을 침략하려는 마당에, 그에 대한 유일한 방어책은 여러분의 식물 군단입니다! Peashooter와 Cherry Bomb 같은 좀비 패는 식물들로 무장하세요. 재빠르게 판단하고 식물을 심어 몰려오는 좀비를 막아내세요. 오싹한","PopCap Games, Inc.",139925,0,4.99,4.99
Slime Rancher,433340,전략/시뮬,S2 2017-18,압도적긍정,2017,3311.0,0,"슬라임 랜쳐는 젊고 용감한 랜쳐, 베아트릭스 르뷰가 지구에서 1,000광년 떨어진 '머나먼 평야'에서 슬라임들과 씨름하며 생계를 꾸려나가는 이야기입니다. 긍정적인 마인드와 강인한 의지로 베아트릭스는 진공팩을 사용하여 끊임없이 말랑말랑하게 굴러나오는 슬라임들을 피하며 이름을 알리고, 부자가 되려 합니다.",Monomi Park,138097,0,19.99,19.99
Hell Let Loose,686810,멀티/경쟁,S3 2019-22,매우긍정,2021,1855.0,0,"하드코어 스타일의 제2차 세계대전이 펼쳐지는 Hell Let Loose에서 더 많은 것을 경험해보세요. RTS 형식에서 영감을 받아 제작한 독특한 자원 기반의 메타 게임으로, 보병대와 탱크, 대포, 종잡을 수 없이 변화하는 최전선의 100명의 플레이어와 1인칭 시점으로 주요 전투에 참여할 수 있습니다.",Expression Games,137677,0,49.99,49.99
Ori and the Will of the Wisps,1057090,액션/캐주얼,S3 2019-22,압도적긍정,2020,2359.0,0,거대하고 이국적인 세계에서 새로운 여정을 시작하세요. 오리의 운명을 밝혀내면서 강력한 적들과 어려운 퍼즐을 만나게 될 것입니다.,Moon Studios GmbH,136690,0,29.99,29.99
Rise of the Tomb Raider™,391220,싱글 서사,S1 ~2016,매우긍정,2016,3850.0,0,Rise of the Tomb Raider: 20주년 기념판에는 기본 게임과 완전히 새로운 콘텐츠가 담긴 시즌 패스가 포함됩니다. 새로운 “핏줄” 스토리에서 크로프트 저택을 탐험하고 “라라의 악몽”에서 좀비의 습격으로부터 크로프트 저택을 지켜내세요.,"Crystal Dynamics, Eidos-Montréal, Feral Interactive (Mac), F",136180,0,29.99,4.49
Totally Accurate Battle Simulator,508440,멀티/경쟁,S3 2019-22,압도적긍정,2021,1972.0,0,"Be the leader of wobblers from ancient lands, spooky places, and fantasy worlds. Watch them fight in simulations made with the wobbliest physics system ever created, make your own ",Landfall,135943,0,19.99,19.99
Europa Universalis IV,236850,멀티/경쟁,S1 ~2016,매우긍정,2013,4760.0,0,"비교할 수 없는 자유도, 깊이 있는 스토리, 정확한 역사적 고증을 즐기며 국토를 다스리고 세계를 정복하세요. 세계 역사를 새롭게 쓰며 시대를 풍미할 제국을 만드세요.","Paradox Development Studio, Paradox Tinto",134436,0,49.99,49.99
Warhammer: Vermintide 2,552500,협동,S2 2017-18,매우긍정,2018,3092.0,0,일인칭 협력 게임 장르의 수준을 높인 멋진 그래픽과 획기적인 전투 액션 게임으로 찬사를 받은 버민타이드의 후속작입니다. 지금 전투에 참여하세요!,Fatshark,133723,0,29.99,29.99
Need for Speed™ Heat,1222680,멀티/경쟁,S3 2019-22,매우긍정,2020,2273.0,0,"Need for Speed™ Heat 디럭스 에디션에서 낮에는 활기차게, 밤에는 위험하게! 해가 저물기 시작할 때 법의 경계가 흐릿해지면 무서운 스트리트 레이서가 등장합니다.",Ghost Games,132855,0,69.99,69.99
Space Engineers,244850,멀티/경쟁,S3 2019-22,매우긍정,2019,2735.0,0,"Space Engineers is a sandbox engineering game where you design and build ships, stations, and planetary bases in a fully destructible environment. Explore planets and space, mine r",Keen Software House,132347,0,19.99,19.99
Inscryption,1092790,전략/시뮬,S3 2019-22,압도적긍정,2021,1771.0,0,"Inscryption은 검은 잉크로 그려진 카드를 기반으로 한 덱빌딩 로그라이크, 방탈출 퍼즐, 피가 흐르는 심리적 공포 등의 요소가 섞인 여정을 다룹니다. 카드에는 더 어두운 비밀이 새겨져 있습니다…",Daniel Mullins Games,131890,0,19.99,19.99
DAVE THE DIVER,1868140,전략/시뮬,S4 2023-25,압도적긍정,2023,1154.0,0,"신비한 블루홀을 배경으로 한 해양 어드벤처 게임 [DAVE THE DIVER]에 오신 것을 환영합니다.낮에는 아름다운 바닷속에서 물고기를 사냥하고, 밤에는 초밥집을 운영해 돈을 벌어 보세요.개성 강한 동료들의 이야기와 함께 펼쳐지는 바닷속 수수께끼. 신비롭고 새로운 재미가 기다리고 있습니다!",MINTROCKET,129331,0,19.99,9.99
DARK SOULS™: REMASTERED,570940,액션/캐주얼,S2 2017-18,매우긍정,2018,3016.0,0,기억하시나요? 불이 있었습니다. 굉장한 호평을 받으며 장르를 재정립한 게임의 모든 것을 다시 경험해보세요. 아름답게 리마스터되어 60fps로 돌아가는 고해상도로 그려진 로드란으로 돌아가세요. 다크 소울 리마스터에는 본편과 심연의 아르토리우스 DLC가 포함됩니다.,"QLOC, FromSoftware, Inc.",129299,0,39.99,39.99
ASTRONEER,361420,협동,S3 2019-22,매우긍정,2019,2758.0,0,"독특하고 촉각적인 방식으로 낯선 새로운 세계와 상호 작용하여 환경 자체를 마치 손에 있는 진흙처럼 빚어보세요. 기지를 건설하고, 자원 관리를 마스터하고, 생산 라인을 자동화하는 등 혼자 또는 친구와 함께 우주의 미스터리를 풀어나가세요.",System Era Softworks,128956,0,29.99,29.99
Oxygen Not Included,457140,전략/시뮬,S3 2019-22,압도적긍정,2019,2583.0,0,"Oxygen Not Included는 우주 콜로니 시뮬레이션 게임입니다. 외계의 우주 암석 깊은 곳에서 근면한 일꾼들은 생존하고 나아가 번영하기 위해 과학을 마스터하고, 낯선 새로운 생명체에 맞서며, 경이로운 우주 테크놀로지를 활용해야 합니다.",Klei Entertainment,128390,0,24.99,24.99
Stumble Guys,1677740,멀티/경쟁,S3 2019-22,매우긍정,2021,1783.0,0,"혼돈 속으로 뛰어들 준비 되셨나요? Stumble Guys는 최대 32명이 함께 달리고, 점프하고, 넘어지며 웃음을 선사하는 빠른 속도의 멀티플레이 파티 배틀 게임입니다. 장애물 가득한 코스를 돌파해 마지막까지 살아남는 단 한 명이 되어보세요!",Scopely,128011,1,0.0,0.0
Black Mesa,362890,멀티/경쟁,S3 2019-22,압도적긍정,2020,2363.0,0,하프라이프를 다시 경험하세요.,Crowbar Collective,127693,0,19.99,19.99
Kerbal Space Program,220200,전략/시뮬,S1 ~2016,압도적긍정,2015,4138.0,0,"In Kerbal Space Program, take charge of the space program for the alien race known as the Kerbals. You have access to an array of parts to assemble fully-functional spacecraft that",Squad,127162,0,39.99,39.99
Insurgency: Sandstorm,581320,멀티/경쟁,S2 2017-18,매우긍정,2018,2813.0,0,"Insurgency: Sandstorm은 치명적인 근접전과 무자비한 격렬함을 경험할 수 있는 하드코어 전술 FPS입니다. 총알 하나하나, 걸음 하나하나가 생사를 가르는 잔혹한 현대전에서 살아남는 유일한 길은 팀워크를 발휘하는 것입니다.",New World Interactive,126918,0,29.99,29.99
Crusader Kings III,1158310,멀티/경쟁,S3 2019-22,매우긍정,2020,2184.0,0,"사랑하고, 싸우고, 계략을 세우고, 위대함을 쟁취하세요. Crusader Kings III의 마구 뻗어 나가는 대전략 게임에서 귀족 가문의 유산을 결정하세요. 풍부하고 개성 넘치는 중세 시대 시뮬레이션 속 왕조 혈통을 이어나가는 이곳에서, 죽음은 단지 시작일 뿐입니다.",Paradox Development Studio,126909,0,49.99,49.99
Killing Floor 2,232090,멀티/경쟁,S1 ~2016,매우긍정,2016,3567.0,0,"In KILLING FLOOR 2, players descend into continental Europe after it has been overrun by horrific, murderous clones called Zeds that were created by rogue elements of the Horzine C",Tripwire Interactive,126866,0,29.99,29.99
Outlast,238320,싱글 서사,S1 ~2016,압도적긍정,2013,4738.0,0,"Hell is an experiment you can't survive in Outlast, a first-person survival horror game developed by veterans of some of the biggest game franchises in history. As investigative jo",Red Barrels,125678,0,14.99,14.99
Castle Crashers®,204360,멀티/경쟁,S1 ~2016,압도적긍정,2012,5081.0,0,"Hack, slash, and smash your way to victory in this award winning 2D arcade adventure from The Behemoth!",The Behemoth,125598,0,14.99,1.49
Horizon Zero Dawn™ Complete Edition,1151640,싱글 서사,S3 2019-22,매우긍정,2020,2209.0,0,Experience Aloy’s legendary quest to unravel the mysteries of a future Earth ruled by Machines. Use devastating tactical attacks against your prey and explore a majestic open world,Guerrilla,125197,0,49.99,49.99
Helltaker,1289310,싱글 서사,S3 2019-22,압도적긍정,2020,2297.0,0,Helltaker is a short game about sharply dressed demon girls.,vanripper,124918,1,0.0,0.0
Insurgency,222880,협동,S1 ~2016,매우긍정,2014,4598.0,0,"Take to the streets for intense close quarters combat, where a team's survival depends upon securing crucial strongholds and destroying enemy supply in this multiplayer and coopera",New World Interactive,124871,0,14.99,14.99
Total War: WARHAMMER II,594570,멀티/경쟁,S2 2017-18,매우긍정,2017,3253.0,0,"러스트리아의 세력이 당신의 지휘를 기다립니다. 전설적인 군주를 선택하고, 군대를 확장하고, 전략적 턴제 캠페인에서 동맹을 맺고, 박진감 넘치는 실시간 전투에서 자신이 양성한 군단의 괴물 같은 위력을 마음껏 발휘하세요.","CREATIVE ASSEMBLY, Feral Interactive (Mac), Feral Interactiv",124252,0,59.99,14.99
Frostpunk,323190,전략/시뮬,S2 2017-18,매우긍정,2018,3045.0,0,"Frostpunk is the first society survival game. As the ruler of the last city on Earth, it is your duty to manage both its citizens and infrastructure. What decisions will you make t",11 bit studios,123546,0,29.99,29.99
Stick Fight: The Game,674940,멀티/경쟁,S2 2017-18,매우긍정,2017,3253.0,0,Stick Fight is a physics-based couch/online fighting game where you battle it out as the iconic stick figures from the golden age of the internet.,Landfall West,122658,0,4.99,4.99
Fallout 76,1151340,멀티/경쟁,S3 2019-22,대체로긍정,2020,2324.0,0,"Bethesda Game Studios welcome you to Fallout 76. Twenty-five years after the bombs fall, you and your fellow Vault Dwellers emerge into post-nuclear America. Explore a vast wastela",Bethesda Game Studios,122549,0,39.99,39.99
Just Cause™ 3,225540,싱글 서사,S1 ~2016,매우긍정,2015,3921.0,0,"With over 1000 km² of complete freedom from sky to seabed, Rico Rodriguez returns to unleash chaos in the most creative and explosive ways imaginable.",Avalanche Studios,122161,0,19.99,19.99
Metro Exodus,412020,액션/캐주얼,S3 2019-22,매우긍정,2020,2384.0,0,"Flee the shattered ruins of the Moscow Metro and embark on an epic, continent-spanning journey across the post-apocalyptic Russian wilderness. Explore vast, non-linear levels, lose",4A Games,121315,0,29.99,4.49
FIFA 22,1506830,멀티/경쟁,S3 2019-22,매우긍정,2021,1789.0,0,Powered by Football™. EA SPORTS™ FIFA 22는 모든 모드에서 더 발전된 핵심 게임플레이와 새로운 혁신의 시즌을 통해 현실에 더욱 가까워진 게임을 제공합니다.,EA Canada & EA Romania,120871,0,0.0,0.0
Celeste,504230,싱글 서사,S2 2017-18,압도적긍정,2018,3134.0,0,"타워폴(TowerFall) 시리즈의 개발자들이 만든 이 초밀착형 플랫폼 게임을 플레이하고, 매들린이 셀레스트 산 정상으로 향하는 여정에서 내면의 악마에게서 살아남을 수 있게 도와주세요. 한땀 한땀 손수 제작한 수백 가지의 도전 과제에 맞서고, 사악한 비밀을 밝혀내고, 산에 숨겨진 수수께끼를 풀어보세요.","Maddy Makes Games Inc., Extremely OK Games, Ltd.",120602,0,19.99,19.99
Total War: WARHAMMER III,1142710,멀티/경쟁,S3 2019-22,대체로긍정,2022,1651.0,0,Total War: WARHAMMER 3부작의 격렬한 결말이 도래했습니다. 병력을 결집하여 혼돈의 영역에 발들이십시오. 정신을 농락하는 이 공포의 공간에서 세상의 운명이 결정될 것입니다. 자신의 악마를 정복하시겠습니까… 아니면 뜻대로 부리시겠습니까?,"CREATIVE ASSEMBLY, Feral Interactive",119858,0,59.99,8.99
SMITE®,386360,멀티/경쟁,S1 ~2016,대체로긍정,2015,4004.0,0,"Join 40+ million players in SMITE, the Battleground of the Gods! Wield Thor’s hammer, turn your foes to stone as Medusa, or flex your divine power as one of 100+ other mythological",Titan Forge Games,119796,1,0.0,0.0
V Rising,1604030,멀티/경쟁,S4 2023-25,매우긍정,2024,839.0,0,뱀파이어로서 깨어나 인근 거주지에서 피 사냥을 통해 힘을 회복합니다. 치명적인 뜨거운 햇빛을 피하고 자신만의 성채를 건설하고 끊임없이 변화하는 신비로운 오픈 세계에서 발전합시다. 온라인에서 동맹군을 찾아 생존자의 땅을 정복하세요.,Stunlock Studios,119440,0,34.99,34.99
Muse Dash,774171,액션/캐주얼,S3 2019-22,매우긍정,2019,2624.0,0,바로 열혈 파쿠르와 전통 리듬게임이 조화를 이룬 세계 ★★★ —— “Muse Dash “입니다!!,peropero,119429,0,2.99,2.99
Resident Evil Village,1196590,액션/캐주얼,S3 2019-22,압도적긍정,2021,1937.0,0,"Experience survival horror like never before in the 8th major installment in the Resident Evil franchise - Resident Evil Village. With detailed graphics, intense first-person actio","CAPCOM Co., Ltd.",119350,0,39.99,39.99
MultiVersus,1818750,멀티/경쟁,S3 2019-22,대체로긍정,2022,1498.0,0,"MultiVersus는 부분유료화 플랫폼 대전 게임으로, 상징적인 수 많은 WB 스타들로 무한한 가능성을 가진 플레이를 즐길 수 있는 게임입니다.",Player First Games,118212,0,0.0,0.0
Robocraft,301520,멀티/경쟁,S2 2017-18,대체로긍정,2017,3288.0,0,"무료 액션 게임 Robocraft에서 주행하고, 하늘에 머물고, 걷고, 비행하는 전투 로봇들을 취향대로 멋지게 조립해 보세요. 미래의 무기를 만들어 장착하고 조종석에 앉아, 여러분의 창조물과 함께 온라인 전장에 뛰어들 시간입니다!",Freejam,118055,0,0.0,0.0
Mirror 2: Project X,1832640,싱글 서사,S3 2019-22,평가나쁨,2022,1678.0,0,"UE4 엔진을 기반으로 한 캐릭터 렌더링 스타일의 어드벤처 게임입니다. 게임 중 캐릭터에 따른 평행세계로 이동하게 되며, 당신의 모든 선택은 게임의 결말에 영향을 줄 수 있습니다.",KAGAMI Ⅱ WORKs,116712,0,1.99,0.79
DARK SOULS™ II: Scholar of the First Sin,335300,협동,S1 ~2016,매우긍정,2015,4164.0,0,여러분은 DARK SOULS™ II: Scholar of the First Sin에 크게 놀랄 것입니다. 기존 DARK SOULS™ II를 플레이 하셨다 해도 이 특별한 &quot;디렉터즈 컷&quot; 버전의 게임을 통해 완전히 새로운 경험을 하게 될 것입니다.,"FromSoftware, Inc.",116710,0,39.99,39.99
POSTAL 2,223470,싱글 서사,S1 ~2016,압도적긍정,2012,5044.0,0,"Live a week in the life of &quot;The POSTAL Dude&quot;; a hapless everyman just trying to check off some chores. Buying milk, returning an overdue library book, getting Gary Colema",Running With Scissors,116058,0,9.99,0.99
Far Cry 3,220240,협동,S1 ~2016,매우긍정,2012,5018.0,0,"Stranded on the Rook Islands as Jason Brody, fight your way through a lawless tropical open world using a powerful arsenal to save your friends and escape the madness of this accla","Ubisoft Montreal, Massive Entertainment, and Ubisoft Shangha",114019,0,19.99,19.99
Assassin's Creed® Origins,582160,싱글 서사,S2 2017-18,매우긍정,2017,3225.0,0,"고대 이집트를 탐험하세요! 강력한 적들을 상대로 전투를 벌이고, 음모를 파헤치고, 암살자 형제단의 기원에 얽힌 이야기를 살펴 보세요.",Ubisoft Montreal,113496,0,59.99,59.99
S.T.A.L.K.E.R. 2: Heart of Chornobyl,1643320,싱글 서사,S4 2023-25,매우긍정,2024,643.0,0,"Enter the Chornobyl Anomalous Zone — a vast open world where anomalies, mutants, and rivals stand in your way. Explore, scavenge, and try to survive in this brutal and dangerous la",GSC Game World,113346,0,59.99,41.99
Scrap Mechanic,387990,협동,S4 2023-25,매우긍정,2026,32.0,0,"Enter the creative paradise of Scrap Mechanic! Build fantastic machines, go on adventures with your friends and defend against waves of evil Farmbots in this imaginative multiplaye",Axolot Games,113283,0,28.99,28.99
"Warhammer 40,000: Darktide",1361210,협동,S3 2019-22,대체로긍정,2022,1364.0,0,"이 격렬하고 잔혹한 액션 슈팅 게임에서 피에 굶주린 적들로부터 테르티움을 되찾으세요. Warhammer 40,000: Darktide는 Vermintide 시리즈로 상을 받은 팀이 선보이는 새로운 협동 중심의 경험입니다. 테르티움이 몰락하면 이교도들이 일어날 것입니다.",Fatshark,112960,0,39.99,39.99
MONSTER HUNTER RISE,1446780,협동,S3 2019-22,매우긍정,2022,1686.0,0,"Rise to the challenge and join the hunt! In Monster Hunter Rise, the latest installment in the award-winning and top-selling Monster Hunter series, you’ll become a hunter, explore ","CAPCOM Co., Ltd.",112672,0,39.99,39.99
The Long Dark,305620,전략/시뮬,S2 2017-18,매우긍정,2017,3311.0,0,"The Long Dark는 깊은 생각을 요구하는 탐험 생존 게임입니다. 플레이어는 지구 자기장 이상으로 인한 대재앙이 휩쓸고 간 세상에서 혼자 드넓은 설원 황무지를 탐험하며 살아남아야 합니다. 좀비는 등장하지 않으며 오직 플레이어와 추위, 그리고 자연 속의 위험들만 존재합니다. 고요한 종말의 세상에 오신 것을 환영합니다.",Hinterland Studio Inc.,112575,0,19.99,19.99
Marvel’s Spider-Man Remastered,1817070,싱글 서사,S3 2019-22,압도적긍정,2022,1474.0,0,"Marvel’s Spider-Man Remastered의 오리지널 액션으로 꽉 찬 스토리에서 피터 파커와 스파이더맨의 세계가 서로 충돌합니다. 마블의 뉴욕시에서 거대 범죄 및 상징적인 빌런과 싸우는 노련한 피터 파커가 되어보세요. 생동감 넘치는 동네를 웹 스윙으로 이동하며, 극적인 테이크다운으로 악당을 제압하세요.","Insomniac Games, Nixxes Software",112392,0,59.99,59.99
MORDHAU,629760,멀티/경쟁,S3 2019-22,매우긍정,2019,2675.0,0,"MORDHAU is a multiplayer medieval slasher. Create your mercenary and fight in brutal battles where you will experience fast paced combat, castle sieges, cavalry charges, and more.",Triternion,112200,0,29.99,29.99
SCUM,513710,멀티/경쟁,S4 2023-25,대체로긍정,2025,434.0,0,"Welcome to SCUM, a ruthless open-world survival game where deep character customization defines the prisoner you become. Loot, craft, hunt, build, and fight to outlast a hostile is",Gamepires,112115,0,44.99,44.99
Splitgate,677620,멀티/경쟁,S3 2019-22,매우긍정,2019,2650.0,0,"Splitgate는 플레이어가 포탈을 컨트롤하는 빠른 속도의 무료 멀티플레이어 슈팅 게임입니다. 이 공상 과학 슈팅 게임은 포털 기능 뿐만 아니라 고공 비행, 다차원 전투 등을 통해 FPS 장르를 새로운 차원으로 끌어 올립니다. IGN은 Splitgate에 대해 &quot;Halo와 Portal이 만났다&quot;라고 설",1047 Games,111740,1,0.0,0.0
Disco Elysium - The Final Cut,632470,싱글 서사,S3 2019-22,매우긍정,2019,2506.0,0,Disco Elysium - The Final Cut is a groundbreaking role playing game. You’re a detective with a unique skill system at your disposal and a whole city to carve your path across. Inte,ZA/UM,111712,0,39.99,39.99
MiSide,2527500,전략/시뮬,S4 2023-25,압도적긍정,2024,623.0,0,한 캐릭터와 수시로 교류하는 게임이 있다고 상상해 보세요. 그리고 어느 날 그 게임 속으로 직접 들어가게 된다면?,AIHASTO,111087,0,14.99,14.99
Clair Obscur: Expedition 33,1903340,싱글 서사,S4 2023-25,압도적긍정,2025,488.0,0,"페인트리스가 다시는 죽음을 그리지 못하게, 33 원정대를 이끌고 페인트리스를 처치하는 여정을 떠나세요. 벨 에포크 시대의 프랑스에서 영감을 받은 경이로운 세계를 탐험하며, 실시간 메커니즘이 가미된 턴제 RPG에서 개성적인 적들과 맞서 싸우세요.",Sandfall Interactive,111032,0,49.99,49.99
Metro 2033 Redux,286690,액션/캐주얼,S1 ~2016,매우긍정,2014,4381.0,0,"In 2013 the world was devastated by an apocalyptic event, annihilating almost all mankind and turning the Earth's surface into a poisonous wasteland. A handful of survivors took re",4A Games,110967,0,19.99,1.99
Last Epoch,899770,협동,S4 2023-25,대체로긍정,2024,916.0,0,"Uncover the Past, Reforge the Future. Ascend into one of 15 mastery classes and explore dangerous dungeons, hunt epic loot, craft legendary weapons, and wield the power of over a h",Eleventh Hour Games,110623,0,34.99,34.99
Little Nightmares,424840,싱글 서사,S2 2017-18,매우긍정,2017,3407.0,0,"Take on the role of Six, a lone child lost in a massive metal vessel known as the Maw, surrounded by dangerous, distorted versions of adults. You’ll need to do your best to escape ",Tarsier Studios,110196,0,19.99,19.99
Company of Heroes 2,231430,멀티/경쟁,S1 ~2016,대체로긍정,2013,4809.0,0,"Experience the ultimate WWII RTS platform with COH2 and its standalone expansions. This package includes the base game, which you can then upgrade by purchasing The Western Front A","Relic Entertainment, Feral Interactive (Mac), Feral Interact",109825,0,19.99,19.99
Don't Starve,219740,전략/시뮬,S1 ~2016,압도적긍정,2013,4872.0,0,"Don’t Starve is an uncompromising wilderness survival game full of science and magic. Enter a strange and unexplored world full of strange creatures, dangers, and surprises. Gather",Klei Entertainment,109816,0,9.99,9.99
EA SPORTS FC™ 24,2195250,멀티/경쟁,S4 2023-25,평가나쁨,2023,1062.0,0,"EA SPORTS FC™ 24가 The World’s Game에 여러분을 초대합니다. HyperMotionV, Opta에 의해 최적화된 플레이스타일, 향상된 Frostbite™ 엔진을 통해 사상 최고로 현실감 넘치는 축구 경험을 제공합니다.","EA Canada, EA Romania",109574,0,69.99,69.99
Teardown,1167630,멀티/경쟁,S3 2019-22,압도적긍정,2022,1587.0,0,모든 것을 파괴할 수 있는 3D 복셀 시뮬레이션 세상에서 완벽한 강도 계획을 세우세요. 차량 또는 폭발물로 벽을 허물고 나만의 지름길을 만드세요. 상상할 수 있는 가장 창의적인 방법으로 환경을 유리하게 바꾸세요. 혼자 또는 최대 12명의 플레이어와 함께 플레이하세요.,Tuxedo Labs,109462,0,29.99,14.99
Conan Exiles Enhanced,440900,멀티/경쟁,S2 2017-18,대체로긍정,2018,3031.0,0,"Conan Exiles Enhanced is an open world survival game set in the mythical lands of Hyboria, now fully upgraded to Unreal Engine 5 with stunning visuals and improved performance. SUR","Funcom, Inflexion Games",107465,0,39.99,39.99
Middle-earth™: Shadow of War™,356190,싱글 서사,S2 2017-18,매우긍정,2017,3242.0,0,"Experience an epic open-world brought to life by the award-winning Nemesis System. Forge a new Ring of Power, conquer Fortresses in massive battles and dominate Mordor with your pe",Monolith Productions,107218,0,49.99,49.99
Dragon's Dogma 2,2054970,싱글 서사,S4 2023-25,평가나쁨,2024,887.0,0,"플레이어의 상상에 부응하는 다채로운 액션과, 싱글 플레이여도 “다른 누군가와 함께 모험하는 재미”를 맛볼 수 있는 게임 체험. 최신 그래픽과 물리 연산, AI를 통해 면밀하게 짜여진 왕도 판타지의 세계에는 놀라움과 리얼리티가 가득합니다. 나의 여정을 함께 하는 동료 '폰'과 함께 유일무이한 모험을 시작하세요.","CAPCOM Co., Ltd.",106939,0,39.99,39.99
Hotline Miami,219150,액션/캐주얼,S1 ~2016,압도적긍정,2012,5054.0,0,"Hotline Miami is a high-octane action game overflowing with raw brutality, hard-boiled gunplay and skull crushing close combat.",Dennaton Games,106657,0,9.99,9.99
Mortal Kombat 11,976310,멀티/경쟁,S3 2019-22,매우긍정,2019,2681.0,0,Mortal Kombat is back and better than ever in the next evolution of the iconic franchise.,"NetherRealm Studios, QLOC, Shiver",106281,0,49.99,49.99
Total War: THREE KINGDOMS,779340,멀티/경쟁,S3 2019-22,대체로긍정,2019,2651.0,0,"턴제 국정과 실시간 전투가 짜릿하게 어우러진 게임 플레이를 통해 고대 중국을 당신의 통치 아래 하나로 통합하세요. 관계 시스템과 외교를 활용해 동맹을 맺고, 수백 종의 독특한 보병, 기병, 공성병기 등으로 강력한 군대를 구축하세요.","CREATIVE ASSEMBLY, Feral Interactive (Mac), Feral Interactiv",103745,0,39.99,11.99
Cult of the Lamb,1313140,협동,S3 2019-22,압도적긍정,2022,1475.0,0,충성스러운 삼림 추종자들의 공동체를 만들고 당신의 말씀을 전파하여 하나의 진정한 종교가 되십시오.,Massive Monster,103228,0,24.99,9.99
Persona 5 Royal,1687950,싱글 서사,S3 2019-22,압도적긍정,2022,1405.0,0,"빼앗아라, 그 의지로.",ATLUS,103144,0,59.99,59.99
Days Gone,1259420,싱글 서사,S3 2019-22,매우긍정,2021,1926.0,0,"Ride and fight into a deadly, post pandemic America. Play as Deacon St. John, a drifter and bounty hunter who rides the broken road, fighting to survive while searching for a reaso",Bend Studio,103143,0,39.99,39.99
Escape the Backrooms,1943950,협동,S4 2023-25,매우긍정,2025,306.0,0,이스케이프 더 백룸은 1~4인 협동식 공포 탐험 게임입니다. 엔티티와 다양한 위험을 피하면서 30개 이상의 으스스한 백룸 레벨을 탐험해 보세요. 탈출은 자유지만 미리 경고를 드립니다. 생존은 보장되지 않으니까요!,"Fancy Games, Blackbird Interactive",102529,0,9.99,9.99
Kingdom Come: Deliverance II,1771300,싱글 서사,S4 2023-25,매우긍정,2025,567.0,0,15세기 중세 유럽을 배경으로 한 풍부한 오픈 월드에서 펼쳐지는 스릴 넘치는 스토리 중심 액션 RPG. 엄청난 규모의 여정에 올라 청년 헨리의 눈을 통해 최고의 중세 어드벤처를 경험하세요.,Warhorse Studios,102337,0,59.99,59.99
XCOM® 2,268500,전략/시뮬,S1 ~2016,매우긍정,2016,3855.0,0,"XCOM 2는 수상 경력이 있는 전략 게임 XCOM: Enemy Unknown의 속편입니다. 인류가 외계인 침략군에게 항복한 지 20년, 이제 지구 상에는 새로운 세계 질서가 존재합니다. 수년간을 어둠 속에서 숨어 있었던 XCOM 부대는 반드시 일어나 외계인의 지배를 무너뜨릴 것입니다.","Firaxis Games, Feral Interactive (Mac), Feral Interactive (L",101701,0,19.99,2.99
Elite Dangerous,359320,멀티/경쟁,S1 ~2016,대체로긍정,2015,4163.0,0,"함선을 조종하며 끊임없이 변화하는 은하에서 나만의 길을 개척하세요. 전투, 채굴, 무역의 기술을 마스터하거나, 1:1 스케일로 구현된 우주를 탐험하며 미지의 영역으로 나아가세요.",Frontier Developments,100024,0,19.99,19.99
METAL GEAR SOLID V: THE PHANTOM PAIN,287700,싱글 서사,S1 ~2016,매우긍정,2015,4011.0,0,"Ushering in a new era for the METAL GEAR franchise with cutting-edge technology powered by the Fox Engine, METAL GEAR SOLID V: The Phantom Pain, will provide players a first-rate g",KONAMI,99922,0,19.99,19.99
Grim Dawn,219990,협동,S1 ~2016,매우긍정,2016,3834.0,0,"Enter an apocalyptic fantasy world where humanity is on the brink of extinction, iron is valued above gold and trust is hard earned. This ARPG features complex character developmen",Crate Entertainment,99730,0,24.99,24.99
Gunfire Reborn,1217060,협동,S3 2019-22,매우긍정,2021,1742.0,0,"Gunfire Reborn is a level-based adventure game featuring FPS, Roguelite and RPG. Players can control heroes with various abilities to experience diverse Build gameplay, use various",Gunfire Reborn Studio,99172,0,19.99,19.99
Poppy Playtime,1721470,싱글 서사,S3 2019-22,매우긍정,2021,1778.0,0,이 공포/퍼즐 어드벤처에서 살아남아야 합니다. 버려진 장난감 공장에서 복수심에 불타며 기다리고 있는 장난감에게서 살아남으세요. 그랩팩을 사용해 전기 회로를 자르거나 멀리서 물체를 잡아보세요. 수수께끼의 시설을 탐험하며... 잡히지 마세요.,Mob Entertainment,98914,1,0.0,0.0
Kenshi,233860,전략/시뮬,S2 2017-18,압도적긍정,2018,2819.0,0,"자유롭게 돌아다니는 분대 기반의 RPG. 스토리를 따라가는 대신 제한 없는 샌드박스식 게임플레이에 중점을 두었습니다. 무역상, 도둑, 반란군, 전쟁 군주, 모험가, 농부, 노예 등 다양한 삶을 체험할 수 있습니다. 운이 나쁘면 식인종의 먹잇감으로 전락할지도 모르죠. 새로운 장비를 연구하거나 제작해 보세요.",Lo-Fi Games,98135,0,29.99,29.99
Resident Evil 7 Biohazard,418370,싱글 서사,S2 2017-18,압도적긍정,2017,3501.0,0,"미국 남부의 폐옥에서 교착되는 &quot;위협&quot;과 &quot;고독&quot;. 서바이벌호러의 신기원 『7』의 막이 올라간다.&quot; &quot;아이솔레이트뷰&quot;로 풀모델체인지, 새로이 개발된 &quot;RE엔진&quot;에 의한 포토리얼 표현이 만들어내는 &quot;공포&quot;는 눈돌릴 틈조차 없다","CAPCOM Co., Ltd.",97846,0,19.99,19.99
Subnautica: Below Zero,848450,싱글 서사,S3 2019-22,매우긍정,2021,1930.0,0,"외계 행성에서 얼어붙을 듯 추운 수중 모험에 빠져보세요. 빌로우 제로는 오리지널 서브노티카의 스토리보다 2년 전의 이야기를 다룹니다. 행성 4546B로 돌아와 치밀한 위장 뒤에 숨은 진실을 밝혀내십시오. 거주 시설을 짓고 도구를 만들어 극한의 환경에서 살아남고, 서브노티카의 세계를 더 깊이 탐험하십시오.",Unknown Worlds Entertainment,96660,0,29.99,29.99
Tom Clancy's Ghost Recon® Wildlands,460930,협동,S2 2017-18,대체로긍정,2017,3459.0,0,"Lead your elite team of Ghosts in this tactical third-person shooter. Explore a massive open world, infiltrate and destroy the deadly Santa Blanca cartel, and save Bolivia and its ","Ubisoft Paris, Ubisoft Annecy, Ubisoft Bucharest, Ubisoft Mo",96577,0,49.99,49.99
Buckshot Roulette,2835570,멀티/경쟁,S4 2023-25,압도적긍정,2024,873.0,0,Play Russian roulette with a 12-gauge shotgun. Four enter. One leaves. Roll the dice with your life. Good luck!,Mike Klubnika,95541,0,2.99,1.49
House Flipper,613100,멀티/경쟁,S2 2017-18,매우긍정,2018,3022.0,0,"House Flipper is a unique chance to become a one-man renovation crew. Buy, repair and remodel devastated houses. Give them a second life and sell them at a profit!",Empyrean,95144,0,24.99,24.99
The Crew™ 2,646910,멀티/경쟁,S2 2017-18,대체로긍정,2018,2980.0,0,미국식 모터스포츠를 즐기며 육해공 전역을 속속들이 탐험하고 정복하세요. 신규: 신규 하이브리드 모드로 더 크루 2를 오프라인 또는 온라인으로 지금 즉시 즐겨보세요!,Ivory Tower,93865,0,29.99,29.99
Deceit,466240,멀티/경쟁,S2 2017-18,대체로긍정,2017,3462.0,0,"Deceit는 믿음과 거짓에 대한 당신의 본능을 시험하는 멀티플레이어 1인칭 슈팅 게임입니다. 당신은 정신병원에서 낯선 목소리를 듣고 잠에서 깨어납니다. 주변에는 다섯 명의 다른 사람이 있습니다. 그룹 중 3분의 1이 바이러스에 감염되었는데, 과연 누가 탈출하게 될까요?",World Makers,93027,0,0.0,0.0
Trove,304050,멀티/경쟁,S1 ~2016,매우긍정,2015,4065.0,0,"Grab your friends, hone your blades, and set off for an epic procedurally generated adventure in Trove! Battle the Shadow in realms filled with dungeons and items created by your f",gamigo US Inc.,92370,1,0.0,0.0
eFootball™,1665460,멀티/경쟁,S3 2019-22,평가나쁨,2021,1791.0,0,합계 10억 다운로드를 돌파한 열광적인 축구의 세계가 여기에! 전 세계의 유저와 eFootball™을 즐기자!,KONAMI,92333,1,0.0,0.0
Resident Evil 3,952060,멀티/경쟁,S3 2019-22,매우긍정,2020,2336.0,0,"그 어디까지도 당신을 몰아넣는다. 라쿤 시티에서 돌연히 발생한 생물 재해. 점차 붕괴되어 가는 이 마을에 위협이 더해진다― 수없이 반복되는 위기, 사선을 넘나드는 액션, 재구축된 탈출극은 그 어떠한 예상도 뛰어넘는다. 'Biohazard Resistance'도 수록.","CAPCOM Co., Ltd.",91235,0,39.99,39.99
Dota Underlords,1046930,멀티/경쟁,S3 2019-22,매우긍정,2019,2623.0,0,도타 세계를 바탕으로 한 이 새로운 전략 전투에서 한패를 고용하여 경쟁자를 물리치세요. 시즌 1 소개: 하얀 첨탑을 탐험하며 전투 패스 보상을 획득하세요. 여러 가지 게임 모드 중에서 선택하여 혼자 또는 친구와 함께 PC와 모바일을 넘나들며 즐길 수 있습니다.,Valve,90894,1,0.0,0.0
Middle-earth™: Shadow of Mordor™,241930,액션/캐주얼,S1 ~2016,매우긍정,2014,4347.0,0,"Fight through Mordor and uncover the truth of the spirit that compels you, discover the origins of the Rings of Power, build your legend and ultimately confront the evil of Sauron ",Monolith Productions,90715,0,19.99,19.99
Firewatch,383870,싱글 서사,S1 ~2016,매우긍정,2016,3850.0,0,"Firewatch is a single-player first-person mystery set in the Wyoming wilderness, where your only emotional lifeline is the person on the other end of a handheld radio.",Campo Santo,90438,0,19.99,19.99
NARUTO SHIPPUDEN: Ultimate Ninja STORM 4,349040,멀티/경쟁,S1 ~2016,매우긍정,2016,3855.0,0,신차원 닌자들의 싸움―― 이야기는 마침내 완결을 향해! 전 세계에서 1300만 장 이상 판매된 닌자 대전액션이 마침내 등장! 드디어 완결을 맞이한 'NARUTO -나루토-'의 이야기. 진화한 '나루티밋 스톰'을 즐겨라!,CyberConnect2 Co. Ltd.,88502,0,19.99,19.99
Soundpad,629520,액션/캐주얼,S2 2017-18,압도적긍정,2017,3251.0,0,"Play sounds in voice chats in high digital quality. Add sounds or music to your microphone signal so others will hear it, too.",Leppsoft,88384,0,4.99,4.99
Planet Zoo,703080,전략/시뮬,S3 2019-22,매우긍정,2019,2485.0,0,"Build a world for wildlife in Planet Zoo. From the developers of Planet Coaster and Zoo Tycoon comes the ultimate zoo sim. Construct detailed habitats, manage your zoo, and meet au",Frontier Developments,87849,0,44.99,13.49
World of Tanks,1407200,멀티/경쟁,S3 2019-22,매우긍정,2021,1945.0,0,"월드 오브 탱크는 전차 유형과 역할에 따라 매우 다양한 게임 플레이를 즐길 수 있는 전술 액션 게임입니다. 일반적인 PvP 외에도 경쟁 모드와 클랜 기반 모드, 특별 PvE 및 PvPvE 이벤트 등 다양한 콘텐츠가 준비되어 있습니다. 전장을 지배하든 재미를 추구하든 원하는 방식으로 전투를 즐겨 보십시오.",Wargaming Group Limited,87836,1,0.0,0.0
The Witcher 2: Assassins of Kings Enhanced Edition,20920,싱글 서사,S1 ~2016,매우긍정,2012,5244.0,0,대혼란의 시대가 도래했습니다. 권력을 잡고 힘을 행사하기 위해 막강한 세력들이 은밀히 움직이고 있습니다. 북부 왕국이 전쟁에 동원되었지만 이 정도의 아군으로 도처에 널린 음모를 뿌리 뽑기에는 역부족입니다.,CD PROJEKT RED,87064,0,19.99,19.99
Totally Accurate Battlegrounds,823130,멀티/경쟁,S2 2017-18,매우긍정,2018,3003.0,0,"Grab your balloon crossbow and trusty inflatable hammer, because things are about to get wobbly! Be the last weirdo standing in the world-leading physics-based Battle Royale game.",Landfall,87012,1,0.0,0.0
Black Desert,582660,멀티/경쟁,S2 2017-18,대체로긍정,2017,3380.0,0,"Played by over 20 million Adventurers - Black Desert Online is an open-world, action MMORPG. Experience intense, action-packed combat, battle massive world bosses, fight alongside ",Pearl Abyss,86919,0,9.99,9.99
Outer Wilds,753640,싱글 서사,S3 2019-22,압도적긍정,2020,2259.0,0,"Giant Bomb, Polygon, Eurogamer, The Guardian에 의해 2019년 올해의 게임에 이름을 올리며 냉정한 호평과 수상 실적이 있는 Outer Wilds는 무한 시간 루프에 갇힌 태양계에 관한 공개된 세계의 미스터리 게임입니다.",Mobius Digital,84488,0,24.99,14.99
GRIS,683320,싱글 서사,S2 2017-18,압도적긍정,2018,2812.0,0,"Gris is a hopeful young girl lost in her own world, dealing with a painful experience in her life. Her journey through sorrow is manifested in her dress, which grants new abilities",Nomada Studio,83448,0,14.99,14.99
Albion Online,761890,멀티/경쟁,S2 2017-18,대체로긍정,2018,3023.0,0,"알비온 온라인은 높은 자유도를 가진 판타지 MMORPG 게임으로, 플레이어가 직접 경제, 직업, 전투방식을 만들어가고 스릴 넘치는 PvP 전투를 경험할 수 있습니다. 위험과 기회가 가득한 방대한 세계를 탐험해 보세요. 부를 쌓고, 연합군을 결성하며 알비온 세계에 당신의 역사를 기록해 보세요.",Sandbox Interactive GmbH,83074,1,0.0,0.0
The Witcher: Enhanced Edition Director's Cut,20900,싱글 서사,S1 ~2016,매우긍정,2008,6552.0,0,"전설적인 괴물 사냥꾼인 위쳐, 리비아의 게롤트가 되어 세계를 지배하는 힘에 의해 복잡하게 뒤얽힌 세상을 경험하십시오. 결정하기 어려운 선택의 연속, 그리고 그 선택에 따라 달라지는 결과와 맞닥뜨리면서 여러분은 그 어디에서도 찾아볼 수 없는 특별한 스토리에 빠져들게 될 것입니다.",CD PROJEKT RED,82704,0,9.99,9.99
Mad Max,234140,싱글 서사,S1 ~2016,매우긍정,2015,4011.0,0,"생존자이자 영웅으로 불리기를 꺼리는 영웅, Mad Max로 플레이하세요. 그가 원하는 것은 단지 이 혼란에서부터 벗어나 안정을 찾는 것입니다.",Avalanche Studios,82660,0,19.99,19.99
Grand Theft Auto: San Andreas,12120,액션/캐주얼,S1 ~2016,매우긍정,2008,6808.0,0,"Five years ago Carl Johnson escaped from the pressures of life in Los Santos, San Andreas... a city tearing itself apart with gang trouble, drugs and corruption. Where filmstars an",Rockstar Games,82629,0,0.0,0.0
DEVOUR,1274570,협동,S3 2019-22,매우긍정,2021,2035.0,0,"디바우어(DEVOUR)는 1~4명의 플레이어를 위한 협동 공포 서바이벌 게임입니다. 홀린 숭배자들이 당신을 지옥으로 끌고 가는 것을 멈추세요. 뛰세요. 소리 질르세요. 숨으세요. 단지, 잡히지만 마세요.",Straight Back Games,82514,0,9.99,9.99
A Way Out,1222700,협동,S3 2019-22,매우긍정,2020,2259.0,0,A Way Out is an exclusively co-op adventure where you play the role of one of two prisoners making their daring escape from prison.,Hazelight Studios,82462,0,29.99,29.99
Resident Evil 4 (2005),254700,싱글 서사,S1 ~2016,매우긍정,2014,4562.0,0,(출시: 2014) 특수 요원 레온 S. 케네디가 납치된 미국 대통령의 영애를 구출하기 위한 임무에 보내집니다.,Capcom,82434,0,19.99,19.99
Watch_Dogs® 2,447040,협동,S1 ~2016,매우긍정,2016,3557.0,0,샌프란시스코에 오신 걸 환영합니다. 뛰어난 젊은 해커인 마르쿠스로 플레이해 악명 높은 해커 그룹인 DedSec에 합류하세요. 당신의 목표는 역사상 최대 해킹을 감행하는 것입니다.,Ubisoft,82379,0,49.99,49.99
Dishonored,205100,싱글 서사,S1 ~2016,압도적긍정,2012,5069.0,0,"Dishonored is an immersive first-person action game that casts you as a supernatural assassin driven by revenge. With Dishonored’s flexible combat system, creatively eliminate your",Arkane Studios,82370,0,9.99,9.99
Warface: Clutch,291480,멀티/경쟁,S1 ~2016,평가나쁨,2014,4438.0,0,"Warface: Clutch는 현대를 배경으로 하는 MMO 1인칭 슈팅 게임으로, 전 세계 수백만 명의 팬들이 즐기고 있습니다. 강렬한 PvP 모드 및 흥미진진한 PvE 미션과 레이드에서 네 가지 클래스와 맞춤 설정이 가능한 수많은 무장을 이용하여 전투에 도전해보십시오.",MY.GAMES,82197,0,0.0,0.0
Black Squad,550650,액션/캐주얼,S3 2019-22,대체로긍정,2019,2617.0,0,"Black Squad is a free-to-play military first-person-shooter. Players can master their skills and show off their strategies with a wide range of game maps, modes, and weapons to cho","VALOFE, NS STUDIO",81714,1,0.0,0.0
Split Fiction,2001120,협동,S4 2023-25,압도적긍정,2025,537.0,0,"Embrace mind-blowing moments as you’re pulled deep into the many worlds of Split Fiction, a boundary-pushing co-op adventure.",Hazelight Studios,81558,0,49.99,49.99
Age of Empires IV: Anniversary Edition,1466860,멀티/경쟁,S3 2019-22,매우긍정,2021,1762.0,0,수백만 명의 글로벌 플레이어를 기쁘게하는 첫 해를 축하하는 수상 경력에 빛나는 베스트셀러 전략 프랜차이즈는 에이지 오브 엠파이어 IV: 기념일 에디션으로 계속되어 세계를 형성 한 더욱 서사시적인 역사적 전투의 중심에 서게합니다.,"World's Edge, Relic Entertainment, Forgotten Empires, Climax",80870,0,39.99,39.99
Green Hell,815370,협동,S3 2019-22,매우긍정,2019,2546.0,0,"미지의 아마존 정글 극한 환경을 배경으로 한 오픈 월드 서바이벌 시뮬레이션 게임에 참여해 보세요. 현실에서의 생존 기술을 사용하여 제작, 사냥, 전투, 자원을 수집하고, 임시 대피소를 짓거나 요새를 구축하세요. 혼자 생존하거나 친구들과 팀을 이루어 함께 정글에 도전하세요.",Creepy Jar,80604,0,24.99,24.99
To the Moon,206440,싱글 서사,S1 ~2016,압도적긍정,2012,5100.0,0,두 명의 박사가 죽어가는 남자의 마지막 소원을 인공적으로 이루어주기 위해서 그의 기억 속으로 들어가 시간을 거슬러 가는 줄거리입니다.,Freebird Games,80261,0,9.99,9.99
OMORI,1150690,싱글 서사,S3 2019-22,압도적긍정,2020,2069.0,0,다채로운 친구와 적으로 가득한 이상한 세계를 탐험하세요. 잊힌 과거를 밝히기 위해 활기차면서 일상적인 장소를 탐색하세요. 때가 되면 당신이 선택한 길이 당신의 운명과… 어쩌면 다른 사람들의 운명까지 결정할 것입니다.,"OMOCAT, LLC",80237,0,19.99,19.99
Cookie Clicker,1454400,전략/시뮬,S3 2019-22,압도적긍정,2021,1819.0,0,"쿠키를 만드는 게으른 게임! 원래는 2013년 웹에서 출시되었고, 그 이후로 활발하게 개발되고 있습니다. 이것은 스팀을 위한 공식 버전입니다.","Orteil, DashNet",79892,0,4.99,4.99
The Last of Us™ Part I,1888930,싱글 서사,S4 2023-25,대체로긍정,2023,1246.0,0,"많은 호평을 받은 TV 시리즈의 영감이 된 게임 수상작을 만나보세요. The Last of Us™에서 조엘, 그리고 엘리와 함께 재난 이후의 미국을 탐험하고, 잊지 못할 동료 그리고 적과 조우하세요.","Naughty Dog LLC, Iron Galaxy Studios",79855,0,59.99,59.99
Shadow of the Tomb Raider: Definitive Edition,750920,싱글 서사,S2 2017-18,매우긍정,2018,2902.0,0,라라 크로프트는 마야의 종말로부터 세상을 구하며 그녀의 운명인 툼 레이더로 단련될 것입니다.,"Eidos-Montréal, Crystal Dynamics, Nixxes, Feral Interactive ",79443,0,39.99,39.99
Noita,881100,전략/시뮬,S3 2019-22,압도적긍정,2020,2140.0,0,"Noita는 모든 픽셀이 물리적으로 렌더링되는 세계에서 진행되는 마법 액션 로그라이트입니다. 완전히 파괴 가능한 세계에서 직접 만든 마법으로 전투와 탐험을 하고, 녹이고, 태우고, 얼리고, 증발시키며 앞으로 나아가세요. 아니면 그냥 온갖 장난을 치며 문제를 일으켜보세요!",Nolla Games,78477,0,19.99,19.99
Persona 4 Golden,1113000,싱글 서사,S3 2019-22,압도적긍정,2020,2264.0,0,A coming of age story that sets the protagonist and his friends on a journey kickstarted by a chain of serial murders.,ATLUS,78346,0,19.99,9.99
DARK SOULS™: Prepare To Die™ Edition,211420,싱글 서사,S1 ~2016,매우긍정,2012,5114.0,0,게임에 임하고 난이도 높은 레벨을 경험해 보면 Dark Souls 이 올해의 게임 중 도전의식을 가장 크게 불러일으키는 게임인 것을 느끼실 수 있을 겁니다.,"FromSoftware, Inc.",78137,0,0.0,0.0
Enshrouded,1203620,협동,S4 2023-25,매우긍정,2024,944.0,0,"불꽃 속에서 태어난 당신은 사라져가는 종족의 마지막 희망의 불꽃입니다. 깨어나십시오. 타락한 안개의 공포에서 살아남으십시오. 그리고 잃어버린 왕국의 아름다움을 되찾으십시오. 광활한 세상을 향해 여정을 떠나고, 극도의 보스들을 물리치고, 웅장한 성을 짓고, 최대 16명의 플레이어를 위한 이 협동 서바이벌 액션 RPG에서 당",Keen Games GmbH,78080,0,29.99,29.99
Friday the 13th: The Game,438740,액션/캐주얼,S2 2017-18,매우긍정,2017,3379.0,0,Jason is back! Jason Voorhees is unleashed and stalking the grounds of Camp Crystal Lake! Take on the role as Jason Voorhees and Camp Crystal Lake counselors. This is the game you’,IllFonic,77513,0,0.0,0.0
Just Survive,295110,멀티/경쟁,S1 ~2016,평가나쁨,2015,4240.0,0,Just Survive is a post-apocalyptic survival game that immerses you in a world where humanity is fighting to take back control from the zombie hordes.,Daybreak Game Company,77356,0,0.0,0.0
Saints Row IV: Re-Elected,206420,협동,S1 ~2016,매우긍정,2013,4751.0,0,Saints Row IV에서 광기에 가까운 즐거움을 체험하세요. 펜트하우스에서 시작한 세인츠는 백악관으로 거점을 옮겼습니다. 하지만 지구는 외계 세력에 점령당하고 말았죠. 이제 여러분은 가장 격렬한 오픈 월드 게임 속에 뛰어들어 초능력과 괴상한 무기를 들고 세계를 구해야 합니다.,Deep Silver Volition,77144,0,19.99,19.99
ARMORED CORE™ VI FIRES OF RUBICON™,1888160,멀티/경쟁,S4 2023-25,매우긍정,2023,1097.0,0,"『아머드 코어 VI 루비콘의 화염(ARMORED CORE VI FIRES OF RUBICON)』은 지금까지 반다이남코 엔터테인먼트와 프롬 소프트웨어가 발매한 다양한 작품의 공동 개발을 통해 쌓아 올린 경험을 살려, 『ARMORED CORE』 시리즈의 콘셉트를 다시 한번 정의하는 새로운 액션 게임입니다.","FromSoftware, Inc.",77042,0,59.99,59.99
Getting Over It with Bennett Foddy,240720,액션/캐주얼,S2 2017-18,매우긍정,2017,3184.0,0,게임을 특정 종류의 사람들을 해치기 위해 만들었습니다.,Bennett Foddy,77003,0,7.99,7.99
Business Tour - Board Game with Online Multiplayer(大富翁),397900,멀티/경쟁,S2 2017-18,평가나쁨,2017,3316.0,0,"&quot;Business Tour&quot; is a free to play multiplayer tabletop game. Play with up to 3 friends in online mode. Or single player in offline mode. Complete daily tasks, compete aga",8Floor,76772,1,0.0,0.0
ARK: Survival Ascended,2399830,멀티/경쟁,S4 2023-25,평가나쁨,2023,1035.0,0,"Ark는 Unreal Engine 5를 사용 하여이 차세대 비디오 게임 기술에서 처음부터 다시 상상됩니다! 부족을 형성하고 길들인 수백 개의 독특한 공룡과 원시 생물을 형성하고 식품 체인의 꼭대기로가는 길을 탐험, 공예, 건축 및 싸우십시오. 당신의 새로운 세계가 기다리고 있습니다!","Studio Wildcard, Grove Street Games, Instinct Games",75995,0,44.99,11.24
Everlasting Summer,331470,싱글 서사,S1 ~2016,매우긍정,2014,4297.0,0,Visual novel loved by many – Everlasting Summer – now on Steam!,Soviet Games,75514,1,0.0,0.0
Barotrauma,602960,멀티/경쟁,S4 2023-25,매우긍정,2023,1261.0,0,"Barotrauma is a 2D co-op submarine simulator – in space, with survival horror and RPG elements. Steer your submarine, complete missions, fight monsters, fix leaks, operate machiner","FakeFish, Undertow Games",75334,0,34.99,34.99
FTL: Faster Than Light,212680,전략/시뮬,S1 ~2016,압도적긍정,2012,5093.0,0,This &quot;spaceship simulation roguelike-like&quot; allows you to take your ship and crew on an adventure through a randomly generated galaxy filled with glory and bitter defeat.,Subset Games,75052,0,9.99,9.99
HITMAN™ 2,863550,협동,S2 2017-18,매우긍정,2018,2842.0,0,"HITMAN™ 2의 샌드박스 속, 이국적인 장소들을 여행하며 당신의 목표를 추적하세요. 햇볕 쨍쨍한 길거리에서부터 어둡고 위험한 열대우림까지, 세계에서 가장 창의적인 암살자인 에이전트 47이 목표로 삼은 이상, 이 흥미진진한 스파이 스릴러 속에서 안전한 곳은 존재하지 않습니다.",IO Interactive A/S,74943,0,0.0,0.0
EA SPORTS FC™ 25,2669320,멀티/경쟁,S4 2023-25,평가나쁨,2024,698.0,0,EA SPORTS FC™ 25에서는 다양한 방법으로 클럽을 승리로 이끌 수 있습니다. 새로 도입된 5v5 Rush로 좋아하는 모드에서 친구들과 팀을 이루고 FC IQ가 제공하는 그 어느 때보다 뛰어난 전술 컨트롤로 클럽을 승리로 이끄세요.,"EA Canada, EA Romania",74796,0,69.99,69.99
Fallout Shelter,588430,전략/시뮬,S2 2017-18,매우긍정,2017,3436.0,0,"Fallout Shelter puts you in control of a state-of-the-art underground Vault from Vault-Tec. Build the perfect Vault, keep your Dwellers happy, and protect them from the dangers of ",Bethesda Game Studios,74448,1,0.0,0.0
Cry of Fear,223710,협동,S1 ~2016,매우긍정,2013,4870.0,0,Cry of Fear is a psychological single-player and co-op horror game set in a deserted town filled with horrific creatures and nightmarish delusions. You play as a young man desperat,Team Psykskallar,74408,1,0.0,0.0
Assassin's Creed® Unity,289650,협동,S1 ~2016,대체로긍정,2014,4304.0,0,"1789년, 파리. 아르노 도리안이 되어 프랑스 혁명을 배경으로 한 액션 어드벤처 게임을 즐겨보세요. 암살자가 되어 국가의 운명을 좌우할 혁명의 배후 세력을 찾아내세요.",Ubisoft,74294,0,29.99,29.99
No More Room in Hell,224260,협동,S1 ~2016,매우긍정,2013,4681.0,0,"The chances of you surviving this all out war of society and the undead are slim to none. Already, there are millions of the walking dead shambling about, searching for food to eat",No More Room in Hell Team,74253,1,0.0,0.0
"Papers, Please",239030,싱글 서사,S1 ~2016,압도적긍정,2013,4765.0,0,"Congratulations. The October labor lottery is complete. Your name was pulled. For immediate placement, report to the Ministry of Admission at Grestin Border Checkpoint. An apartmen",Lucas Pope,74187,0,9.99,9.99
Crusader Kings II,203770,전략/시뮬,S1 ~2016,매우긍정,2012,5306.0,0,Explore one of the defining periods in world history in an experience crafted by the masters of Grand Strategy.,Paradox Development Studio,73809,1,0.0,0.0
PlanetSide 2,218230,멀티/경쟁,S1 ~2016,매우긍정,2012,5026.0,0,"PlanetSide 2 is an all-out planetary war, where thousands of players battle as one across enormous continents. Utilize infantry, ground and air vehicles, and teamwork to destroy yo",Rogue Planet Games,73694,1,0.0,0.0
Batman: Arkham Asylum Game of the Year Edition,35140,싱글 서사,S1 ~2016,압도적긍정,2010,5996.0,0,Experience what it’s like to be Batman and face off against Gotham's greatest villians. Explore every inch of Arkham Asylum and roam freely on the infamous island.,Rocksteady Studios,73651,0,19.99,19.99
The Walking Dead,207610,싱글 서사,S1 ~2016,압도적긍정,2012,5236.0,0,상을 받은 Robert Kirkman의 만화 책 시리즈와 같은 세계관을 가진 5부작 어드벤쳐 호러 시리즈.,Telltale Games,73628,0,14.99,1.49
Ravenfield,636480,액션/캐주얼,S2 2017-18,압도적긍정,2017,3386.0,0,"Fight upon the Ravenfield together with your Blue allies! Take down those pesky Reds using helicopters, tanks, guns, and active ragdoll physics!",SteelRaven7,73605,0,17.99,17.99
Cities: Skylines II,949230,전략/시뮬,S4 2023-25,평가나쁨,2023,1036.0,0,역대 가장 현실적인 도시 건설 게임의 허허벌판에 도시를 세워 메트로폴리스로 키워보세요. 창의력과 문제 해결 능력을 한층 더 자극하게 됩니다. 정교한 시뮬레이션과 살아 숨 쉬는 경제를 활용해 제한 없이 나만의 세계를 그려보세요.,"Iceflake Studios, Colossal Order",73524,0,49.99,49.99
Russian Fishing 4,766570,멀티/경쟁,S3 2019-22,평가나쁨,2021,1749.0,0,러시안 낚시 4는 RPG 요소가 있는 낚시 시뮬레이터입니다. 스토리 라인은 없으며 전체 과정은 개방적이고 자유롭게 돌아다닐 수 있으며 게임을 플레이할 수 있다는 개념을 기반으로 합니다.,FishSoft LLC,73485,1,0.0,0.0
Yakuza 0,638970,싱글 서사,S2 2017-18,압도적긍정,2018,2946.0,0,"SEGA가 일본에서 발매했던 전설적인 게임 시리즈가 마침내 PC로 이식되었습니다. 풋내기 야쿠자 키류와 마지마가 되어 도쿄와 오사카 속 아수라장을 헤쳐나가 보십시오. 제한 없는 프레임과 4K 해상도를 통해, 그 어떤 비디오 게임에서도 제공하지 못했던 1980년대 일본의 모습을 생생하게 체험해 보십시오. 전설이 탄생합니다.",Ryu Ga Gotoku Studio,73481,0,19.99,10.99
Hellblade: Senua's Sacrifice,414340,싱글 서사,S2 2017-18,매우긍정,2017,3305.0,0,"Heavenly Sword, Enslaved: Odyssey to the West, DmC: Devil May Cry 개발사에서, 신화와 광기 속을 헤매는 한 전사의 고통스러운 여정을 선보입니다. 때는 바이킹 시대. 망가져 버린 켈트족 전사가 죽은 연인의 영혼을 구하기 위해 바이킹의 지옥으로 영적인 모험을 떠납니다.",Ninja Theory,73472,0,29.99,29.99
A Dance of Fire and Ice,977950,액션/캐주얼,S3 2019-22,매우긍정,2019,2770.0,0,A Dance of Fire and Ice는 하나의 키로 간단하게 즐길 수 있는 엄격한 판정의 리듬 게임입니다. 서로 공전하는 두 행성의 완벽한 균형을 깨지 않도록 집중하세요.,7th Beat Games,73471,0,5.99,5.99
DRAGON BALL FighterZ,678950,멀티/경쟁,S2 2017-18,매우긍정,2018,3133.0,0,"드래곤볼 시리즈는 강력한 캐릭터들이 펼치는 끝없는 엄청난 전투 덕분에 지금까지 사랑받아 왔으며, 또한 유명합니다. 드래곤볼 파이터즈는 아크 시스템 웍스 사와 함께 애니메이션다운 뛰어난 그래픽을 매우 잘 살려, 배우기는 쉽지만 마스터하기는 어려운 격투 게임으로서 개발되었습니다.",Arc System Works,72976,0,59.99,59.99
Blender,365670,액션/캐주얼,S1 ~2016,압도적긍정,2015,4141.0,0,"Blender is the free and open source 3D creation suite. Free to use for everyone, for any purpose.",Blender Foundation,72881,1,0.0,0.0
Overcooked! 2,728880,멀티/경쟁,S2 2017-18,매우긍정,2018,2940.0,0,Overcooked returns with a brand-new helping of chaotic cooking action! Journey back to the Onion Kingdom and assemble your team of chefs in classic couch co-op or online play for u,"Ghost Town Games Ltd., Team17",72801,0,24.99,24.99
Prison Architect,233450,전략/시뮬,S1 ~2016,매우긍정,2015,3976.0,0,세계에서 가장 무자비한 교도소장만이 세계에서 가장 무자비한 재소자들을 관리할 수 있습니다. Prison Architect에서 나만의 교도소를 세우고 발전시키세요.,"Introversion Software, Double Eleven",72330,0,29.99,29.99
Manor Lords,1363080,전략/시뮬,S4 2023-25,매우긍정,2024,851.0,0,"Manor Lords는 정밀한 도시 건설, 전술이 필요한 대규모 전투, 정교한 경제 및 사회 시뮬레이션을 특징으로 하는 중세 전략 게임입니다. 시간에 따라 계절이 지나고 날씨가 다채롭게 변화하며 도시가 흥망성쇠를 겪는 가운데 중세 영주가 되어 자신의 영토를 통치해 보세요.",Slavic Magic,72120,0,39.99,39.99
BattleBlock Theater®,238460,멀티/경쟁,S1 ~2016,압도적긍정,2014,4485.0,0,"Welcome to BattleBlock Theater! You’ve got no where to go but up...on stage. Play single player or co-op to free your friends and save Hatty Hattington! Jump, solve and battle your",The Behemoth,71614,0,14.99,4.49
Rec Room,471710,멀티/경쟁,S3 2019-22,매우긍정,2021,1818.0,0,"Rec Room is the best place to build and play games together. Party up with friends from all around the world to chat, hang out, explore MILLIONS of player-created rooms, or build s",Rec Room,71223,0,0.0,0.0
STAR WARS™ Battlefront™ II,1237950,멀티/경쟁,S3 2019-22,매우긍정,2020,2266.0,0,새로운 STAR WARS™ Battlefront™ II: Celebration 에디션과 함께 환상적인 전투가 가득한 얼티메이트 STAR WARS™의 영웅이 되어보세요!,DICE,71208,0,39.99,39.99
Gorilla Tag,1533390,멀티/경쟁,S4 2023-25,매우긍정,2023,1332.0,0,"Run, jump, and climb using only your hands. Play tag or infection with people online. Run away from the infected players, or outmaneuver the survivors to catch them. Embrace your i",Another Axiom Inc.,71163,0,19.99,19.99
Battlefield 4™,1238860,멀티/경쟁,S3 2019-22,매우긍정,2020,2266.0,0,프리미엄 추가 사항으로 전장을 지배하세요,DICE,71148,0,39.99,39.99
Katana ZERO,460950,액션/캐주얼,S3 2019-22,압도적긍정,2019,2686.0,0,"Katana ZERO is a stylish neo-noir, action-platformer featuring breakneck action and instant-death combat. Slash, dash, and manipulate time to unravel your past in a beautifully bru",Askiisoft,71069,0,14.99,14.99
Tabletop Simulator,286160,멀티/경쟁,S1 ~2016,매우긍정,2015,4099.0,0,"Tabletop Simulator is the only simulator where you can let your aggression out by flipping the table! There are no rules to follow: just you, a physics sandbox, and your friends. M",Berserk Games,70660,0,19.99,19.99
Planet Coaster,493340,전략/시뮬,S1 ~2016,매우긍정,2016,3568.0,0,"Planet Coaster® - the future of coaster park simulation games has arrived! Surprise, delight and thrill incredible crowds as you build your coaster park empire - let your imaginati","Frontier Developments, Aspyr (Mac)",70278,0,44.99,44.99
Metro: Last Light Redux,287390,액션/캐주얼,S1 ~2016,매우긍정,2014,4381.0,0,"It is the year 2034. Beneath the ruins of post-apocalyptic Moscow, in the tunnels of the Metro, the remnants of mankind are besieged by deadly threats from outside – and within. Mu",4A Games,70096,0,19.99,1.99
Sleeping Dogs: Definitive Edition,307690,싱글 서사,S1 ~2016,매우긍정,2014,4339.0,0,"The Definitive Edition of the critically acclaimed, award winning open-world action adventure, reworked, rebuilt and re-mastered for the new generation. With all previously availab","United Front Games, Feral Interactive (Mac)",69029,0,19.99,19.99
Batman: Arkham City - Game of the Year Edition,200260,싱글 서사,S1 ~2016,압도적긍정,2012,5100.0,0,GOTY 릴리스에 맞춰 Batman: Arkham City와 모든 DLC를 더 낮은 가격에 한 번에 손에 넣으세요!,Rocksteady Studios,68636,0,19.99,19.99
Saints Row: The Third,55230,협동,S1 ~2016,압도적긍정,2011,5398.0,0,Get ready for the most out-landish gameplay scenarios ever seen as the Third Street Saints take on the Syndicate!,Volition,68600,0,9.99,2.49
Goat Simulator,265930,전략/시뮬,S1 ~2016,매우긍정,2014,4529.0,0,Goat Simulator is the latest in high-tech Goat Simulation technology.,Coffee Stain Studios,68580,0,9.99,9.99
Back 4 Blood,924970,멀티/경쟁,S3 2019-22,평가나쁨,2021,1778.0,0,"Back 4 Blood는 비평가들의 극찬을 받은 레프트 4 데드 시리즈의 제작자들이 만든, 스릴 넘치는 1인칭 협동 슈팅 게임입니다. 탄탄한 스토리를 가진 4인 협동 캠페인, 인간 또는 리든의 입장에서 경쟁할 수 있는 멀티플레이어, 그리고 쉴 새 없이 박진감 넘치는 액션이 펼쳐지는 게임플레이를 경험하세요.",Turtle Rock Studios,68441,0,59.99,59.99
South Park™: The Stick of Truth™,213670,싱글 서사,S1 ~2016,압도적긍정,2014,4556.0,0,"From the perilous battlefields of the fourth-grade playground, a young hero will rise, destined to be South Park’s savior. From the creators of South Park, Trey Parker and Matt Sto",Obsidian Entertainment,68305,0,29.99,29.99
INSIDE,304430,싱글 서사,S1 ~2016,압도적긍정,2016,3701.0,0,홀로 쫓기고 있는 소년은 어두운 프로젝트의 한복판에 휘말리게 됩니다.,Playdead,68046,0,24.99,24.99
STAR WARS™: The Old Republic™,1286830,멀티/경쟁,S3 2019-22,매우긍정,2020,2226.0,0,"Star Wars™: The Old Republic™은 부분 유료화 MMORPG로, 여러분만의 스토리를 펼칠 수 있는 연대기의 중심으로 여러분을 데려갑니다. 제다이, 시스, 현상금 사냥꾼 등, 고전 영화보다 3000년 이상 앞선 오래전 멀고 먼 은하계 내 Star Wars의 상징적인 캐릭터로 플레이하세요.",Broadsword,67952,1,0.0,0.0
Killing Floor,1250,협동,S1 ~2016,매우긍정,2009,6312.0,0,"6-player co-op survival horror at its finest! Free updates, free special events and a ridiculous amount of fun!",Tripwire Interactive,67472,0,19.99,19.99
Supermarket Together,2709570,협동,S4 2023-25,매우긍정,2024,746.0,0,"멀티플레이어 슈퍼마켓이 당신의 동네에 무료로 도착했습니다! 매장 공간을 채우고, 특전과 프랜차이즈를 잠금 해제하고, 직원을 고용하거나 성가신 만취범을 쫓으세요. 플레이어가 많을수록 액션이 더 많아집니다!",DeadDevsTellNoLies,67435,1,0.0,0.0
Golf With Your Friends,431240,멀티/경쟁,S3 2019-22,매우긍정,2020,2289.0,0,"친구와 골프를&quot;&quot;은 재미있고, 도전적이고, 최대 12명이 즐길 수 있는 멀티플레이어 미니 골프 게임입니다. 이 게임에는 현재 18홀로 구성된 레벨 9개가 있습니다.","Blacklight Interactive, Team17",67080,0,14.99,1.49
STAR WARS Jedi: Survivor™,1774580,싱글 서사,S4 2023-25,평가나쁨,2023,1216.0,0,3인칭 액션 어드벤처 게임 스타워즈 제다이: 서바이버™에서 칼 케스티스의 이야기가 계속 이어집니다.,Respawn,67054,0,69.99,69.99
Ori and the Blind Forest: Definitive Edition,387290,액션/캐주얼,S1 ~2016,압도적긍정,2016,3772.0,0,"&quot;Ori and the Blind Forest&quot;는 뛰어난 그래픽 연출과 함께 영웅이 될 운명을 지닌 어린 고아의 이야기를 들려줍니다. 직접 손으로 그린 아트워크, 세심하게 그려낸 캐릭터의 움직임, 완전히 오케스트라용으로 편곡된 배경 음악, 그리고 Definitive Edition에는 수많은 새로운 기능까",Moon Studios GmbH,66979,0,19.99,19.99
The Outlast Trials,1304930,협동,S4 2023-25,매우긍정,2024,903.0,0,"Red Barrels invites you to experience mind-numbing terror, this time with friends. Whether you go through the trials alone or in teams, if you survive long enough and complete the ",Red Barrels,66956,0,39.99,39.99
Red Dead Online,1404210,멀티/경쟁,S3 2019-22,매우긍정,2020,2093.0,0,"끊임없이 진화하는 생생한 Red Dead 온라인의 세상에서 미국 개척지의 삶을 경험하십시오. 현상 수배범을 쫓거나 무법자 갱단이나 다른 플레이어와 전투, 사냥, 낚시, 거래, 이국적인 보물 수색, 밀주 사업 운영 등, 놀라울 만큼 심도 있고 상세하게 묘사된 세계를 탐험할 수 있습니다.",Rockstar Games,66781,0,19.99,19.99
Pizza Tower,2231450,협동,S4 2023-25,압도적긍정,2023,1307.0,0,"피자 타워 박살 작전은 동작과 탐색, 공격 점수에 중점을 두고 빠르게 전개되는 2D 플랫포머 게임입니다. 픽셀 아트는 90년대 만화에서 영감을 받아 개성적인 스타일을 갖췄으며 사운드 트랙에서 다이나믹한 에너지가 넘치는 점이 특징입니다.",Tour De Pizza,66693,0,19.99,19.99
Hotline Miami 2: Wrong Number,274170,액션/캐주얼,S1 ~2016,매우긍정,2015,4186.0,0,"Hotline Miami 2: Wrong Number is the brutal conclusion to the Hotline Miami saga, set against a backdrop of escalating violence and retribution over spilled blood in the original g",Dennaton Games,66634,0,14.99,14.99
SPORE™,17390,전략/시뮬,S1 ~2016,매우긍정,2008,6458.0,0,"Be the architect of your own universe with Spore, an exciting single-player adventure. From Single Cell to Galactic God, evolve your creature in a universe of your own creations.",Maxis™,66120,0,19.99,19.99
Fishing Planet,380600,멀티/경쟁,S2 2017-18,매우긍정,2017,3284.0,0,Fishing Planet® is a highly realistic first-person online multiplayer fishing simulator. Developed by avid fishing enthusiasts to bring you the full thrill of actual angling on you,Fishing Planet LLC,65699,1,0.0,0.0
ELDEN RING NIGHTREIGN,2622380,협동,S4 2023-25,대체로긍정,2025,453.0,0,『ELDEN RING 밤의 통치자』는 ELDEN RING 세계관을 이용해 게임의 핵심 디자인을 재구축하여 플레이어에게 새로운 게임 체험을 전달하고자 하는 신작 어드벤처 게임입니다.,"FromSoftware, Inc.",65672,0,39.99,39.99
Microsoft Flight Simulator (2020) 40th Anniversary Edition,1250410,전략/시뮬,S4 2023-25,대체로긍정,2026,0.0,0,"From gliders and helicopters to wide-body jets, fly highly detailed and accurate aircraft in the Microsoft Flight Simulator 40th Anniversary Edition. The world is at your fingertip",Asobo Studio,65666,0,59.99,20.99
Chivalry: Medieval Warfare,219640,액션/캐주얼,S1 ~2016,매우긍정,2012,5061.0,0,멀티 플레이 전투에 중점을 둔 빠른 전개의 1인칭 중세 슬래셔 게임 'Chivalry: Medieval Warfare'에서 성채를 포위하고 마을을 습격해 보십시오.,Torn Banner Studios,65444,0,24.99,24.99
DRAGON BALL: Sparking! ZERO,1790600,멀티/경쟁,S4 2023-25,매우긍정,2024,684.0,0,『드래곤볼 스파킹! 제로』는 『드래곤볼Z 스파킹!』 시리즈의 전설적인 게임 플레이를 새로운 수준으로 끌어올립니다. 『드래곤볼』에 등장하는 초전사들의 파괴적인 힘을 여러분의 것으로 만드세요!,"Spike Chunsoft Co., Ltd.",65180,0,49.99,49.99
Ghost of Tsushima DIRECTOR'S CUT,2215430,멀티/경쟁,S4 2023-25,매우긍정,2024,831.0,0,"폭풍이 몰려옵니다. PC에서 완전한 Ghost of Tsushima 디렉터스 컷의 세계로 모험을 떠나세요. 이 오픈 월드 액션 어드벤처 게임에서 나만의 길을 개척하고 숨겨진 경이를 발견하세요. Sucker Punch Productions, Nixxes Software 및 PlayStation Studios가 제공합니다.","Sucker Punch Productions, Nixxes Software",65115,0,59.99,59.99
Eternal Return,1049590,멀티/경쟁,S4 2023-25,대체로긍정,2023,1133.0,0,"Eternal Return is a free-to-play, 2.5D perspective Battle Royale game. Search, Craft, Hunt, and Fight using a variety of characters. Plan your strategy and become the last survivor",Nimble Neuron,65046,1,0.0,0.0
Minion Masters,489520,멀티/경쟁,S3 2019-22,매우긍정,2019,2650.0,0,An addictive fast-paced hybrid of Card games &amp; Tower-Defense. Play 1v1 - or bring a friend for 2v2 - and engage in epic online multiplayer battles full of innovative strategy a,BetaDwarf,64905,1,0.0,0.0
Five Nights at Freddy's: Security Breach,747660,싱글 서사,S3 2019-22,매우긍정,2021,1713.0,0,"프레디의 피자가게: 보안위반에서 여러분은 프레디 파즈베어의 메가 피자플렉스에 밤새 갇힌 꼬마 소년, 그레고리로 플레이하게 됩니다. 그레고리는 프레디의 도움을 받아 피자플렉스의 비밀을 파헤치고, 진실을 알아내며 아침까지 생존해야 합니다.",Steel Wool Studios,64859,0,39.99,39.99
Total War: SHOGUN 2,201270,멀티/경쟁,S1 ~2016,매우긍정,2011,5642.0,0,Total War: SHOGUN 2 is the perfect mix of real-time and turn-based strategy gaming for newcomers and veterans alike.,"CREATIVE ASSEMBLY, Feral Interactive (Mac), Feral Interactiv",64276,0,29.99,8.99
Crossout,386180,멀티/경쟁,S2 2017-18,대체로긍정,2017,3317.0,0,황폐한 세계에서 펼쳐지는 액션 게임 CROSSOUT에 참여하세요! 수십 가지의 교환 가능한 부품으로 자신만의 독특한 전투 머신을 만들고 탑승하여 폭발적인 PvP 온라인 전투에서 적을 파괴하세요!,Targem Games,64139,1,0.0,0.0
Hades II,1145350,싱글 서사,S4 2023-25,매우긍정,2025,334.0,0,수상 경력에 빛나는 로그라이크 던전 크롤러의 매혹적인 속편에서 어둠의 마법을 펼치며 시간의 티탄에게 맞서 지하세계 너머에서 전투를 벌이세요.,Supergiant Games,64132,0,29.99,29.99
Party Animals,1260320,멀티/경쟁,S4 2023-25,대체로긍정,2023,1070.0,0,"Fight your friends as puppies, kittens and other fuzzy creatures in PARTY ANIMALS! Paw it out with your friends remotely, or huddle together for chaotic fun on the same screen. Int",Recreate Games,64032,0,19.99,19.99
Ghostrunner,1139900,액션/캐주얼,S3 2019-22,매우긍정,2020,2128.0,0,"Ghostrunner는 유니크한 싱글 플레이어 체험을 제공합니다: 빠른 전개, 격렬한 전투, 그리고 공상 과학과 포스트 아포칼립스 테마가 버물린 독창적 설정을 즐겨 보세요. 이미 끝난 세계와 그 속에서 생존을 위해 싸우는 이들의 스토리를 담았습니다.","One More Level, 3D Realms, Slipgate Ironworks™, All in! Game",63149,0,29.99,29.99
A Plague Tale: Innocence,752590,싱글 서사,S3 2019-22,매우긍정,2019,2660.0,0,"Follow the grim tale of young Amicia and her little brother Hugo, in a heartrending journey through the darkest hours of history.",Asobo Studio,63042,0,39.99,39.99
Dishonored 2,403640,액션/캐주얼,S1 ~2016,매우긍정,2016,3574.0,0,"Reprise your role as a supernatural assassin in Dishonored 2. Declared a “masterpiece” by Eurogamer and hailed “a must-play revenge tale” by Game Informer, Dishonored 2 is the foll",Arkane Studios,62782,0,29.99,29.99
State of Decay 2: Juggernaut Edition,495420,협동,S3 2019-22,매우긍정,2020,2356.0,0,"The dead have risen and civilization has fallen. Now it's up to you to gather survivors, scavenge for resources and build a community in a post-apocalyptic world – a world where yo",Undead Labs,62716,0,29.99,29.99
GTFO,493520,협동,S3 2019-22,매우긍정,2021,1720.0,0,"GTFO는 하드코어 협동 호러 슈팅 게임으로, 손에 땀을 쥐게 하는 서스펜스와 심장을 뛰게 하는 폭발적인 액션을 경험할 수 있습니다. 이 치명적인 지하 감옥에서 살아남으려면 은신, 전략, 팀워크를 총동원해야 합니다. 함께 협력하지 못하면, 함께 죽고 말 겁니다.",10 Chambers,62097,0,39.99,39.99
Left 4 Dead,500,협동,S1 ~2016,압도적긍정,2008,6490.0,0,Left 4 Dead는 좀비 무리와 끔찍한 돌연변이인 ‘보스 좀비’에 맞서 싸우는 4명의 생존자를 중심으로 한 대서사시입니다. L4D의 생존 협동 게임 모드는 좀비 대재앙이 발생한 직후를 배경으로 생존자들이 함께 목표를 달성하며 헤쳐 나가는 4편의 '영화' 시리즈로서 최대 4명의 플레이어가 플레이할 수 있습니다.,Valve,61894,0,9.99,9.99
Clicker Heroes,363970,전략/시뮬,S1 ~2016,매우긍정,2015,4122.0,0,1초에 1000조 건의 대미지가 어떤 기분일지 궁금해본 적이 있나요? 더 이상 궁금해하지 마세요! 지금 바로 탐험을 떠나서 느껴보세요!,Playsaurus,61304,1,0.0,0.0
Far Cry® 4,298110,협동,S1 ~2016,매우긍정,2014,4299.0,0,"전쟁으로 황폐해진 히말라야 지역, 이곳에 오픈 월드 FPS로 자유를 불러오세요. 강력한 무기를 사용하며, 자이로콥터와 전쟁 코끼리로 지상과 하늘을 제패하며, 솔로 또는 협동 플레이로 적의 영토에 맞서세요.","Ubisoft Montreal, Red Storm, Shanghai, Toronto, Kiev",61267,0,29.99,29.99
TEKKEN 8,1778820,멀티/경쟁,S4 2023-25,평가나쁨,2024,943.0,0,3D 대전 격투 게임의 최고봉 『철권』 시리즈 넘버링 최신작 『철권 8』. 32명 이상의 캐릭터가 격돌. 『철권』 사가가 새로운 막을 연다. 시리즈 사상 최고로 호쾌함이 넘치는 배틀이 여기서 극에 달한다.,Bandai Namco Studios Inc.,61068,0,39.99,23.99
Alien: Isolation,214490,액션/캐주얼,S1 ~2016,매우긍정,2014,4341.0,0,"Discover the true meaning of fear in Alien: Isolation, a survival horror set in an atmosphere of constant dread and mortal danger.","Creative Assembly, Feral Interactive (Mac), Feral Interactiv",60831,0,39.99,11.99
NBA 2K20,1089350,멀티/경쟁,S3 2019-22,평가나쁨,2019,2545.0,0,"공지: NBA 2K20의 모든 멀티플레이어 서버가 2021/12/31에 종료될 예정입니다. 이후, 모든 온라인 서버가 요구되는 기능은 더는 지원되지 않습니다.",Visual Concepts,60673,0,0.0,0.0
The Scroll of Taiwu : Beyond The Dome,838350,전략/시뮬,S4 2023-25,평가나쁨,2026,70.0,0,"신화와 무협을 테마로 한 인디 게임입니다. 플레이어는 고대 중국을 배경으로 한 가상의 세계에서, 신비로운 &quot;태무문의 후손&quot;이 되어 대대로 이어져 온 후손들의 노력과 희생을 통해 강력한 적을 물리치고 인류의 운명을 결정짓게 됩니다.",ConchShip Games,60637,0,29.99,29.99
The Binding of Isaac,113200,싱글 서사,S1 ~2016,매우긍정,2011,5445.0,0,Now 20% More Evil with the Free Halloween update!,"Edmund McMillen, Florian Himsl",60379,0,4.99,2.49
REMNANT II®,1282100,협동,S4 2023-25,매우긍정,2023,1127.0,0,Remnant II®는 인류의 생존자들이 무시무시한 세계를 활보하며 전에 없던 치명적인 생명체들과 신에 가까운 보스들에 대항하는 내용을 담은 베스트셀러 게임 Remnant: From the Ashes의 속편입니다.,Gunfire Games,60363,0,49.99,49.99
Gang Beasts,285900,멀티/경쟁,S2 2017-18,매우긍정,2017,3178.0,0,"갱 비스트는 탱글탱글한 젤리 같은 캐릭터들이 어이없을 정도로 위험한 환경에서 인정사정없는 슬랩스틱 전투를 벌이는 우스꽝스러운 멀티플레이 파티 게임으로, 비프 시티의 슬럼가가 배경입니다.","Boneloaf, Rocket Science",60270,0,19.99,19.99
GUILTY GEAR -STRIVE-,1384160,멀티/경쟁,S3 2019-22,매우긍정,2021,1901.0,0,"한층 더 진화한 애니메이션 그래픽으로, 세밀한 부분까지 철저하게 고집한 신세대의 영상표현에 전율하라!",Arc System Works,59382,0,39.99,39.99
Battlerite,504370,멀티/경쟁,S2 2017-18,매우긍정,2017,3212.0,0,BATTLERITE는 액션성이 돋보이는 팀 아레나 전투 게임입니다. 탑 다운 슈터 방식과 빠른 페이스의 전투가 결합된 독특한 시스템의 BATTLERITE에서 친구 또는 적들과 반응속도를 겨뤄보세요. 아레나가 여러분을 기다립니다!,Stunlock Studios,59348,1,0.0,0.0
Gray Zone Warfare,2479810,멀티/경쟁,S4 2023-25,평가나쁨,2024,847.0,0,"격리된 동남아의 섬에서 펼쳐지는 이 PvE 중심의 하이리스크 오픈월드 전술 슈팅 게임에 뛰어드세요. 세력 간 전쟁으로 갈가리 찢긴 섬에 투입된 정예 요원으로서 솔로로 또는 분대와 함께 임무를 수행하고, 평판을 쌓고, 분쟁에 불을 지핀 사건의 진실을 추적하게 됩니다.","MADFINGER Games, a.s.",59318,0,39.99,39.99
AdVenture Capitalist,346900,액션/캐주얼,S1 ~2016,매우긍정,2015,4166.0,0,"Welcome, eager young investor, to AdVenture Capitalist! Arguably the world's greatest Capitalism simulator!",Hyper Hippo Games,59166,1,0.0,0.0
Sniper Elite 4,312660,협동,S2 2017-18,매우긍정,2017,3480.0,0,"2차 세계대전 슈팅 게임 역사상 가장 거대하고 진보한 게임 속에서 타의 추종을 불허하는 자유로운 저격 액션을 즐기세요. 전술 3인칭 전투, 게임 플레이 선택, 방대한 레벨에서의 장대한 원거리 사격을 경험하고 전시의 이탈리아를 파시즘의 손아귀로부터 해방시키세요.",Rebellion,59155,0,59.99,59.99
Broforce,274190,멀티/경쟁,S1 ~2016,압도적긍정,2015,3967.0,0,"Broforce는 자유를 향한 액션 중심의 사이드스크롤링 런 앤 건 장르에 대한 찬사로, 돈 없고 폭력에만 의존하는 힘만 센 준군사조직의 일원들을 조작합니다.",Free Lives,58880,0,14.99,14.99
PAYDAY 3,1272080,협동,S4 2023-25,평가나쁨,2023,1069.0,0,PAYDAY 3는 궁극적인 FPS 범죄 판타지 게임입니다. 혼자서 작업하거나 코옵 모드로 범죄를 꾸미세요. 스텔스 및 라우드 방식 중에서 선택하고 치명적인 무기고를 만들어 완벽한 하이스트를 행하세요.,Starbreeze Studios,58692,0,29.99,29.99
Ultimate Custom Night,871720,액션/캐주얼,S2 2017-18,압도적긍정,2018,2981.0,0,"Welcome to the ultimate FNAF mashup, featuring 50 selectable characters and custom difficulties!",Scott Cawthon,58273,1,0.0,0.0
BioShock™ Remastered,409710,싱글 서사,S1 ~2016,매우긍정,2016,3631.0,0,"기존에 플레이해보지 못한 전혀 새로운 스타일의 슈팅게임인 바이오쇼크는 색다른 무기와 전략으로 가득합니다. 단순한 리볼버에서 유탄 발사기, 화학탄 투척기까지 원하는 무기를 마음대로 사용할 수 있지만, 자신의 DNA를 유전적으로 조작해 '자신'을 가장 강력한 무기로 만들어야 합니다.","2K Boston, 2K Australia, Blind Squirrel, Feral Interactive (",58263,0,19.99,4.99
Call of Duty®: Modern Warfare® 2 (2009),10180,협동,S1 ~2016,매우긍정,2009,6131.0,0,"올해의 최고로 기대되는 게임이자, 사상 최고로 가장 많이 팔린 1인칭 액션게임의 속편인 Modern Warfare 2 는 플레이어에게 새로운 위협과 맞서거나, 붕괴 직전의 세상을 위해 헌신하는등의 박진감 넘치고 눈을 떼지 못할만한 액션을 이어가고있습니다. Call of Duty®: Modern Warfare 2 의 특징으",Infinity Ward,58118,0,19.99,19.99
Rising Storm 2: Vietnam,418460,멀티/경쟁,S2 2017-18,매우긍정,2017,3374.0,0,"Red Orchestra Series의 베트남 전투: 64-플레이어 MP 경기; 20개 이상의 지도; 미국 및 해군, PAVN/NVA, NLF/VC; 호주 및 ARVN 군; 50가지 이상의 무기; 비행 가능 헬리콥터 4대; 지뢰, 트랩 및 땅굴; 잔인함. 현실적. 사실적. 캐릭터 맞춤화. 아침의 네이팜.","Antimatter Games, Tripwire Interactive",57563,0,24.99,24.99
Blade and Sorcery,629730,전략/시뮬,S4 2023-25,압도적긍정,2024,799.0,0,"Blade &amp; Sorcery is a built-for-VR medieval fantasy with full physics driven melee, ranged and magic combat. Become a powerful warrior, ranger or sorcerer and devastate your ene",WarpFrog,57485,0,29.99,29.99
Ori and the Blind Forest,261570,액션/캐주얼,S1 ~2016,매우긍정,2015,4186.0,0,"“Ori and the Blind Forest” tells the tale of a young orphan destined for heroics, through a visually stunning action-platformer crafted by Moon Studios for PC.",Moon Studios GmbH,57412,0,0.0,0.0
CODE VEIN,678960,협동,S3 2019-22,매우긍정,2019,2525.0,0,'심판의 가시'로 인해 붕괴해버린 근미래 세계. '베인'이라 불리는 폐쇄된 땅이 있었다.,Bandai Namco Studios,57318,0,59.99,59.99
LIMBO,48000,싱글 서사,S1 ~2016,매우긍정,2011,5502.0,0,"여동생의 운명을 확신하지 못한 채, 소년은 LIMBO에 발을 들여놓는다",Playdead,57284,0,12.49,12.49
Batman™: Arkham Origins,209000,싱글 서사,S1 ~2016,매우긍정,2013,4688.0,0,2016년 12월 4일부터 Batman: Arkham Origins의 온라인 서비스의 일부가 종료되었습니다. 저희와 함께 싸워 주셔서 감사합니다. 싱글 플레이어 캠페인는 앞으로도 오프라인으로 즐길 수 있을 것입니다. Batman: Arkham Origins에 관련된 질문은 WB Games 고객 서비스에 문의해 주세요.Ba,"WB Games Montreal, Splash Damage",57263,0,19.99,19.99
Dirty Bomb®,333930,멀티/경쟁,S1 ~2016,매우긍정,2015,4102.0,0,"함께 싸우느냐, 홀로 죽느냐! 사상 최강의 경쟁적인 팀 기반 슈팅 게임에서 런던의 수호자가 되거나 파괴자가 되어보세요.",Splash Damage,57167,1,0.0,0.0
Vampire: The Masquerade - Bloodhunt,760160,멀티/경쟁,S3 2019-22,대체로긍정,2022,1581.0,0,"Bloodhunt는 짜릿한 무료 플레이 배틀 로얄 게임으로 프라하를 배경으로 뱀파이어 클랜 사이에 벌어지는 무자비한 전쟁 속으로 여러분을 초대합니다. 초자연 능력과 무기, 그리고 여러분의 기지를 발휘해 적을 사냥하고 밤을 지배하세요!",Sharkmob AB,57084,0,0.0,0.0
Max Payne 3,204100,액션/캐주얼,S1 ~2016,매우긍정,2012,5199.0,0,전직 뉴욕 경찰인 맥스 페인은 자신의 힘들었던 과거로부터 마침내 벗어나기 위해 상파울루로 날아가 부유한 집안을 보호하게 됩니다. Max Payne 3 Complete Edition에는 오리지널 게임과 이전에 배포된 DLC 콘텐츠가 모두 포함되어 있습니다.,Rockstar Studios,57076,0,19.99,5.99
Realm Royale Reforged,813820,멀티/경쟁,S2 2017-18,대체로긍정,2018,3003.0,0,Realm Royale Reforged에서 2000만 명 이상의 플레이어들과 함께하며 새로운 배틀 로얄을 경험하세요! 클래스를 선택하고 치명적인 무기를 제작하며 최후의 1인이 되기 위한 강력한 능력을 마스터하세요. 혼자 또는 팀원들과 함께 말에 올라타 치명적인 안개를 헤쳐나가며 환상의 세계를 탐험하세요.,Heroic Leap Games,56743,0,0.0,0.0
Street Fighter™ 6,1364780,멀티/경쟁,S4 2023-25,매우긍정,2023,1181.0,0,"시리즈 최신작 『Street Fighter 6』, 2023년 6월 2일 발매 결정! RE ENGINE으로 개발된 본 작품은 대형 모드 「World Tour」, 「Fighting Ground」, 「Battle Hub」로 구성되어 있다. 새로운 「스트리트 파이터」에는 지금까지의 시리즈에는 없었던 새로운 체험이 기다리고 있다.","CAPCOM Co., Ltd.",56666,0,39.99,39.99
Mafia III: Definitive Edition,360430,싱글 서사,S3 2019-22,평가나쁨,2020,2289.0,0,"1968년, 룰은 바뀌었다. 베트남에서 수년간 전투를 치른 링컨 클레이는 진정한 가족이란 혈연으로 맺어진 것이 아닌, 대신 죽어줄 수 있는 존재라 믿는다.","Hangar 13, Aspyr (Mac)",56508,0,29.99,5.99
Wolfenstein: The New Order,201810,액션/캐주얼,S1 ~2016,매우긍정,2014,4481.0,0,"Wolfenstein®: The New Order reignites the series that created the first-person shooter genre. Wolfenstein offers a deep game narrative packed with action, adventure and first-perso",MachineGames,56469,0,19.99,19.99
XCOM: Enemy Unknown,200510,전략/시뮬,S1 ~2016,매우긍정,2012,5066.0,0,The XCOM: Enemy Unknown - Slingshot Pack is Now Available!,"Firaxis Games, Feral Interactive (Linux)",56414,0,14.99,5.99
Mass Effect™ Legendary Edition,1328670,싱글 서사,S3 2019-22,매우긍정,2021,1929.0,0,"The Mass Effect™ Legendary Edition includes single-player base content and over 40 DLC from the highly acclaimed Mass Effect, Mass Effect 2, and Mass Effect 3 games, including prom",BioWare,56328,0,59.99,59.99
EA SPORTS™ FIFA 21,1313860,멀티/경쟁,S3 2019-22,대체로긍정,2020,2147.0,0,EA SPORTS™ FIFA 21과 함께 다시 돌아온 축구를 즐기며 더 다양한 방식으로 길거리 또는 경기장에서 팀을 구성하고 친구들과 함께 더 큰 승리를 달성하세요.,EA Canada,56283,0,0.0,0.0
Mortal Kombat X,307780,멀티/경쟁,S1 ~2016,매우긍정,2015,4152.0,0,"Experience the Next Generation of the #1 Fighting Franchise. Mortal Kombat X combines unparalleled, cinematic presentation with all new gameplay.","NetherRealm Studios, QLOC",56252,0,19.99,19.99
NARUTO TO BORUTO: SHINOBI STRIKER,633230,멀티/경쟁,S4 2023-25,매우긍정,2023,1153.0,0,"온라인 아크로바틱 닌자 대전 액션이 등장! 7대 호카게의 시대. 당신은 나뭇잎 마을에서 개최되는 「인계 리그」에 참가하러 온 신참 닌자! NARUTO・BORUTO에 등장하는 인술들을 갈고닦아, 온라인 로비에 모인 플레이어들과 4인 1조 팀을 맺고 인계 최강을 노리자!",Soleil Ltd.,56030,0,19.99,19.99
Grand Theft Auto V Enhanced,3240220,멀티/경쟁,S4 2023-25,평가나쁨,2025,539.0,0,"엔터테인먼트 블록버스터인 Grand Theft Auto V와 Grand Theft Auto 온라인을 경험해 보십시오. 이제 환상적인 비주얼과 더욱 빠른 로딩, 3D 오디오 등과 함께 차세대 수준으로 업그레이드되었으며, GTA 온라인 플레이어를 위한 특별 콘텐츠 또한 마련되어 있습니다.",Rockstar North,55881,0,29.99,29.99
Plague Inc: Evolved,246620,멀티/경쟁,S1 ~2016,매우긍정,2016,3841.0,0,Plague Inc: Evolved는 고급 전략과 오싹하게 리얼한 시뮬레이션이 독특하게 혼합된 게임입니다. 플레이어의 병원균이 '1호 환자'를 방금 감염했습니다. 이제 인류의 방지책을 전부 이겨내는 치명적이고 세계적으로 확산되는 전염병을 진화시켜서 인류 역사의 종말을 가져와야 합니다.,Ndemic Creations,55664,0,14.99,14.99
Outlast 2,414700,싱글 서사,S2 2017-18,매우긍정,2017,3410.0,0,"Outlast 2 introduces you to Sullivan Knoth and his followers, who left our wicked world behind to give birth to Temple Gate, a town, deep in the wilderness and hidden from civiliza",Red Barrels,55500,0,19.99,4.99
Mafia II (Classic),50130,액션/캐주얼,S1 ~2016,매우긍정,2011,5635.0,0,"Vito Scaletta has started to make a name for himself on the streets of Empire Bay as someone who can be trusted to get a job done. Together with his buddy Joe, he is working to pro",2K Czech,54997,0,29.99,5.99
Core Keeper,1621690,협동,S4 2023-25,매우긍정,2024,728.0,0,"이 1~8인 플레이어용 채굴 샌드박스 모험 게임에서 여러 생물과 유물, 자원이 가득한 끝없는 동굴을 탐험해 보세요. 채굴, 건축, 전투, 제작, 농사를 즐기며 고대 코어에 얽힌 수수께끼를 풀어보세요.",Pugstorm,54979,0,19.99,19.99
Spec Ops: The Line,50300,싱글 서사,S1 ~2016,매우긍정,2012,5170.0,0,A Third-Person modern military Shooter designed to challenge players' morality by putting them in the middle of unspeakable situations.,YAGER,54909,0,0.0,0.0
Skul: The Hero Slayer,1147560,액션/캐주얼,S3 2019-22,매우긍정,2021,2043.0,0,Skul: The Hero Slayer는 2D 로그라이트 액션 플랫포머 게임입니다. 마왕성 경비를 맡고있는 꼬마 스켈레톤 '스컬'은 인간들에게 붙잡혀간 마왕을 구하기 위해 용사와 모험가 그리고 제국군에 홀로 맞서 싸우기 시작합니다.,SOUTHPAW GAMES,54901,0,19.99,19.99
DRAGON BALL Z: KAKAROT,851850,싱글 서사,S3 2019-22,매우긍정,2020,2413.0,0,"드래곤볼 Z 카카로트에서 오공과 Z 전사들의 이야기를 체험하라! 원작의 장대한 전투는 물론, 오공, 오반, 베지터와 다른 캐릭터들과 함께 싸우고, 낚시하고, 먹고, 훈련하며 드래곤볼 Z의 세계에서 살아가자.",CyberConnect2 Co. Ltd.,54680,0,19.99,19.99
Assassin's Creed 2,33230,싱글 서사,S1 ~2016,매우긍정,2010,6018.0,0,"An epic story of family, vengeance and conspiracy set in the pristine, yet brutal, backdrop of a Renaissance Italy. New low price!",Ubisoft Montreal,54646,0,19.99,19.99
The Planet Crafter,1284190,협동,S4 2023-25,압도적긍정,2024,867.0,0,"1~10명의 플레이어를 위해 설계된 우주 생존 오픈 월드 테라포밍 크래프팅 게임입니다. 사람이 살 수 없는 혹독한 행성의 생태계를 변화시켜 인류가 거주할 수 있는 곳으로 만드세요. 생존하고, 자원을 모으고, 기지를 건설하세요. 산소와 온도, 압력을 생성해 완전히 새로운 생물권을 조성하세요.",Miju Games,54316,0,23.99,23.99
Jurassic World Evolution,648350,전략/시뮬,S2 2017-18,매우긍정,2018,2997.0,0,"쥬라기 스토리의 한 가운데에 뛰어들어 직접 쥬라기 월드를 창조하세요. 스스로 생각하고, 느끼고, 주변 환경에 지능적으로 반응하는 공룡을 생명 공학으로 탄생시키고, 생명이 언제나 길을 찾아내는 미지의 세계에서 내부 배신자, 정전, 재앙적인 열대 폭풍의 위협을 해결하세요.",Frontier Developments,53956,0,44.99,11.24
Pummel Party,880940,멀티/경쟁,S2 2017-18,매우긍정,2018,2896.0,0,Pummel Party는 4~8명의 플레이어가 온라인 및 로컬로 플레이하는 멀티 플레이어 파티 게임입니다. 보드 모드에서 여러 터무니없는 아이템을 사용해 친구나 인공지능을 쳐부수고 독특한 미니 게임 컬렉션에서 우정 파괴 대전을 펼치세요.,Rebuilt Games,53814,0,14.99,14.99
OneShot,420530,싱글 서사,S1 ~2016,압도적긍정,2016,3547.0,0,"원샷(OneShot)은 신감각의 초현실 퍼즐/어드벤처 게임으로, 플레이어는 주인공 니코를 데리고 붕괴되어가는 세상에 태양을 복원시킬 임무를 띠고 모험을 떠나게 됩니다. 과연 니코는 세상을 구하고, 무사히 집으로 돌아갈 수 있을까요?",Future Cat LLC,53704,0,9.99,9.99
FINAL FANTASY XV WINDOWS EDITION,637650,멀티/경쟁,S2 2017-18,매우긍정,2018,3094.0,0,"Take the journey, now in ultimate quality. Boasting a wealth of bonus content and supporting ultra high-resolution graphical options and HDR 10, you can now enjoy the beautiful and",Square Enix,53688,0,34.99,34.99
"STAR WARS™ Battlefront II (Classic, 2005)",6060,멀티/경쟁,S1 ~2016,매우긍정,2009,6257.0,0,"Join the rise of Darth Vader’s elite 501st Legion of Stormtroopers as you fight through an all new story-based saga where every action you take impacts the battlefront and, ultimat",Pandemic Studios,53287,0,9.99,9.99
Chained Together,2567870,협동,S4 2023-25,매우긍정,2024,797.0,0,"지옥의 깊은 곳에서 시작하여, 사슬로 묶인 채 친구들과 함께 다양한 세계들을 넘어 올라가세요. 혼자서 또는 협동으로, 정상에 도달해보고 거기에서 여러분을 기다리고 있는 것을 발견하세요...",Anegar Games,53138,0,4.99,4.99
Stormworks: Build and Rescue,573090,멀티/경쟁,S3 2019-22,매우긍정,2020,2168.0,0,"Join a world where you design, create and pilot your own air sea rescue service. Release your inner hero as you battle fierce storms out at sea to rescue those in need.",Geometa,52942,0,24.99,24.99
DRAGON BALL XENOVERSE 2,454650,멀티/경쟁,S1 ~2016,매우긍정,2016,3589.0,0,"인기 시리즈 DRAGON BALL XENOVERSE의 최신작이자 더욱 발전된 그래픽으로 돌아온 DRAGON BALL XENOVERSE 2를 만나세요! 더욱 발전된 시스템, 그리고 지금까지 개발된 어떤 게임보다도 철저하게 구현된 거대한 드래곤 볼의 세계를 즐겨보세요.","QLOC, Dimps Corporation",52883,0,19.99,19.99
Remnant: From the Ashes,617290,협동,S3 2019-22,매우긍정,2019,2563.0,0,"The world has been thrown into chaos by an ancient evil from another dimension. As one of the last remnants of humanity, you must set out alone or alongside up to two other survivo",Gunfire Games,52842,0,39.99,39.99
The Hungry Lamb: Traveling in the Late Ming Dynasty,2593370,싱글 서사,S4 2023-25,압도적긍정,2024,855.0,0,"He is a bandit who sells lives. She is a mute girl seeking revenge. In a famine-ravaged ancient China, a ruthless trafficker escorts four girls to a demon's feast. But when a deadl",零创游戏(ZerocreationGame),52780,0,9.99,9.99
Victoria 3,529340,멀티/경쟁,S3 2019-22,평가나쁨,2022,1400.0,0,Paradox Development Studio invites you to build your ideal society in the tumult of the exciting and transformative 19th century. Balance the competing interests in your society an,Paradox Development Studio,52618,0,49.99,49.99
The Elder Scrolls IV: Oblivion Remastered,2623190,싱글 서사,S4 2023-25,매우긍정,2025,490.0,0,Elder Scrolls IV: Oblivion™ Remastered에서 멋진 새 비주얼과 정제된 게임플레이로 새로워진 Cyrodiil을 탐험해 보세요.,"Bethesda Game Studios, Virtuos",52558,0,49.99,49.99
Lies of P,1627720,싱글 서사,S4 2023-25,매우긍정,2023,1072.0,0,P의 거짓은 우아하고 매혹적인 벨에포크 시대를 배경으로 고전 피노키오의 모험을 재해석한 이야기를 담아낸 잔혹 동화 액션 소울라이크입니다. 제페토의 인형으로 시작된 여정의 끝에 무엇이 당신을 기다리고 있는지 확인해보세요.,NEOWIZ,52485,0,59.99,59.99
Total War: WARHAMMER,364360,멀티/경쟁,S1 ~2016,대체로긍정,2016,3745.0,0,"올드 월드를 직접 지휘하십시오. 턴제 캠페인과 마법이 난무하는 전략적 실시간 전투 속에서 전설적인 군주들을 이끌고, 카오스에 맞선 싸움에서 자신이 선택한 종족이 어떤 운명을 맞이할지 결정하십시오.","CREATIVE ASSEMBLY, Feral Interactive (Linux), Feral Interact",52422,0,59.99,14.99
PowerWash Simulator,1290000,협동,S3 2019-22,압도적긍정,2022,1503.0,0,"PowerWash Simulator로 스트레스를 날려버리세요! 세차게 뿜어지는 물줄기 소리로 걱정을 씻어내세요. 파워 세척기를 켜고 눈에 보이는 먼지와 얼룩을 모두 날려 버리고, 반짝이는 마무리로 파워 세척이 주는 소소한 만족감을 느껴보세요.",FuturLab,52410,0,24.99,24.99
Five Nights at Freddy's,319510,전략/시뮬,S1 ~2016,매우긍정,2014,4389.0,0,"Welcome to your new summer job at Freddy Fazbear's Pizza, where kids and parents alike come for entertainment and food! The main attraction is Freddy Fazbear, of course; and his tw",Scott Cawthon,52237,0,4.99,4.99
A Hat in Time,253230,협동,S2 2017-18,압도적긍정,2017,3246.0,0,A Hat in Time은 강력한 힘을 지닌 모자를 쓴 작은 소녀가 등장하는 귀여움 넘치는 3D 플랫포머 게임입니다. 시간 조각들을 모아 거대하고 새로운 세계를 자유롭게 탐험하세요!,Gears for Breakfast,51687,0,29.99,29.99
PC Building Simulator,621060,전략/시뮬,S3 2019-22,매우긍정,2019,2765.0,0,"PC를 진단하고 수리하고 제작하는 법을 배우면서, 자기만의 컴퓨터 수리 기업을 구축하고 성장시키세요. 현실의 부품 회사로부터 사용 허가를 받은 실제 부품과 종합적인 하드웨어 및 소프트웨어 시뮬레이션을 통해, 궁극의 PC를 계획하고 완성할 수 있습니다.","Claudiu Kiss, The Irregular Corporation",51655,0,19.99,19.99
Car Mechanic Simulator 2018,645630,전략/시뮬,S2 2017-18,매우긍정,2017,3315.0,0,"Build and expand your repair service empire in this incredibly detailed and highly realistic simulation game, where attention to car detail is astonishing. Find classic, unique car",Red Dot Games,51521,0,19.99,1.79
UNO,470220,멀티/경쟁,S2 2017-18,대체로긍정,2017,3521.0,0,"우노™는 다양한 게임플레이와 커스터마이징 옵션으로 재탄생한 상징적인 카드 게임입니다. 혼자서 또는 친구들과 함께 플레이하고, 규칙부터 꾸미기까지 자유롭게 커스터마이즈하며, 해피 아워도 즐겨보세요!",Ubisoft Entertainment,51518,0,9.99,9.99
Blasphemous,774361,싱글 서사,S3 2019-22,매우긍정,2019,2541.0,0,Blasphemous는 Cvstodia 세계의 악몽 속에서 숙련된 핵 앤 슬레시 전투를 펼치는 잔혹한 액션 플랫폼 게임입니다. 탐험하면서 능력을 업그레이드하고 여러분의 앞을 가로막는 수많은 적들에게 참혹한 처형을 내리고 영겁의 지옥을 파괴하세요.,The Game Kitchen,51484,0,24.99,24.99
NBA 2K23,1919590,멀티/경쟁,S3 2019-22,평가나쁨,2022,1447.0,0,"NBA 2K23에서 역경을 딛고 일어서세요. MyCAREER에서 유감 없이 기량을 뽐내 보세요. MyTEAM에서 올스타들과 과거의 레전드들로 팀을 구성하고, MyGM에서 나만의 시대를 열거나 MyLEAGUE에서 NBA를 새로운 방향으로 이끌어 나가세요. NBA 또는 WNBA 팀으로 실감 나는 경기를 체험해 볼 수도 있습니",Visual Concepts,51475,0,0.0,0.0
Dead Space,1693980,싱글 서사,S4 2023-25,매우긍정,2023,1306.0,0,"SF 서바이벌 호러 클래식 게임이 돌아옵니다! 완전히 재구성되어 원작 게임의 스릴 넘치는 세계관을 충실히 구현하는 동시에 개선된 그래픽, 오디오, 게임플레이로 더욱 몰입도 높은 경험을 제공합니다.",Motive,51259,0,59.99,59.99
Prey,480490,싱글 서사,S2 2017-18,매우긍정,2017,3400.0,0,"In Prey, you awaken aboard Talos I, a space station orbiting the moon in the year 2032. You are the key subject of an experiment meant to alter humanity forever – but things have g",Arkane Studios,51033,0,29.99,29.99
Just Cause 2,8190,싱글 서사,S1 ~2016,매우긍정,2010,5999.0,0,자유롭게 돌아 다닐수 있는 400 평방 마일 지역을 수백가지의 총들과 차들로 체험해 보세요,Avalanche Studios,50739,0,14.99,14.99
The Henry Stickmin Collection,1089980,싱글 서사,S3 2019-22,압도적긍정,2020,2209.0,0,A choose-your-own-path where failing is more fun than succeeding.,PuffballsUnited,50698,0,14.99,14.99
The Elder Scrolls IV: Oblivion® Game of the Year Edition (2009),22330,싱글 서사,S1 ~2016,압도적긍정,2009,6279.0,0,퍼블리셔 업데이트 - 이 페이지는 2009년에 출시된 The Elder Scrolls IV: Oblivion Game of the Year Edition(PC)의 제품 페이지입니다.---The Elder Scrolls IV: Oblivion® Game of the Year Edition은 전에 없던 최고의 RPG를 선사합,Bethesda Game Studios,50661,0,14.99,14.99
The Elder Scrolls IV: Oblivion® Game of the Year Edition Deluxe (2009),900883,액션/캐주얼,S1 ~2016,압도적긍정,2009,6279.0,0,퍼블리셔 업데이트 - 이 페이지는 2009년에 출시된 The Elder Scrolls IV: Oblivion Game of the Year Deluxe Edition(PC)의 제품 페이지입니다.---The Elder Scrolls IV: Oblivion® Game of the Year Edition은 전에 없던 최고의 R,Bethesda Game Studios®,50661,0,19.99,19.99
Fallout 3: Game of the Year Edition,22370,싱글 서사,S1 ~2016,매우긍정,2009,6095.0,0,"Prepare for the Future™ With Fallout 3: Game of the Year Edition, experience the most acclaimed game of 2008 like never before. Create a character of your choosing and descend into",Bethesda Game Studios,50593,0,19.99,19.99
Call of Duty: World at War,10090,협동,S1 ~2016,매우긍정,2008,6489.0,0,"Call of Duty is back, redefining war like you've never experienced before. Building on the Call of Duty 4®: Modern Warfare engine, Call of Duty: World at War immerses players into ",Treyarch,50549,0,19.99,19.99
No Rest for the Wicked,1371980,협동,S4 2023-25,대체로긍정,2024,859.0,0,수상 경력에 빛나는 Ori and the Blind Forest 및 Ori and the Will of the Wisps의 개발사 Moon Studios가 No Rest for the Wicked로 돌아옵니다. 정교한 세계에서 소울라이크 스타일 전투가 펼쳐지는 독특한 감성의 액션 RPG를 경험하세요. 최대 4인 협동 플레,Moon Studios GmbH,50533,0,39.99,39.99
CONTROL Ultimate Edition,870780,싱글 서사,S3 2019-22,매우긍정,2020,2189.0,0,"80개 이상의 상을 받은 Control은 시각적으로 즐거운 3인칭 액션 어드벤처 게임으로, 플레이 내내 긴장의 끈을 놓을 수 없습니다.",Remedy Entertainment,50448,0,39.99,3.99
Diablo® IV,2344520,멀티/경쟁,S4 2023-25,평가나쁨,2023,1043.0,0,"Join the fight for Sanctuary in Diablo® IV, the ultimate action RPG adventure. Experience the critically acclaimed campaign and new seasonal content.","Blizzard Entertainment, Inc.",50302,0,49.99,49.99
Brick Rigs,552100,멀티/경쟁,S4 2023-25,매우긍정,2023,1138.0,0,"혼돈스러운 파괴, 끝없는 유저 창작물, 예측 불가능한 모험으로 가득한 물리 샌드박스에서 하고 싶은 건 뭐든지 즐겨 보세요. 혼자서 혹은 친구들과 함께 만들고, 부수고, 롤플레이하고, 실컷 난장판을 벌여 보세요!",Fluppisoft GmbH,50122,0,19.99,19.99
Need for Speed™ Unbound,1846380,멀티/경쟁,S3 2019-22,평가나쁨,2022,1363.0,0,"정상으로 레이스하고, 주저앉지 마세요. 경찰을 따돌리고, 주간 예선전에 도전해 Lakeshore 최고의 스트리트 레이스인 The Grand에 입장하세요. 정교하게 튜닝된 커스텀 차량으로 차고를 가득 채우고, 자신만의 스타일로 거리를 빛내세요.",Criterion Games,49608,0,69.99,69.99
Alan Wake,108710,싱글 서사,S1 ~2016,매우긍정,2012,5304.0,0,"어둠의 존재가 Bright Falls라는 작은 마을에 숨어들어, 미스터리를 밝혀내고 그의 사랑을 구하기 위해 Alan Wake를 이성의 한계까지 몰아넣습니다.",Remedy Entertainment,49163,0,14.99,14.99
Resident Evil 5,21690,협동,S1 ~2016,매우긍정,2009,6188.0,0,이 게임은 2009년 출시된 Games for Windows - Live 버전을 스팀에 대응시킨 제품입니다. Steam에서 Untold Stories Bundle을 구매하면 Biohazard 5 Gold Edition과 동일한 내용의 콘텐츠가 됩니다.,Capcom,49117,0,19.99,19.99
They Are Billions,644930,전략/시뮬,S3 2019-22,매우긍정,2019,2625.0,0,They Are Billions는 세계 종말 후의 행성에서 펼쳐지는 스팀펑크 전략 게임입니다. 얼마 남지 않은 인류를 몰살시키려는 수십억 명의 감염자들에 맞서 생존하기 위해 식민지를 건설하고 방어하십시오. 좀비 종말 이후 인류의 운명은?,Numantian Games,48765,0,29.99,29.99
Liar's Bar,3097560,멀티/경쟁,S4 2023-25,매우긍정,2024,692.0,0,수상한 바에서 벌어지는 멀티플레이어 온라인 경험에 뛰어드세요. 이곳의 게임은 손님들만큼 위험합니다. 4인 테이블에 앉아 거짓말과 속임수가 승리의 열쇠인 라이어스 다이스와 라이어스 덱에서 당신의 실력을 시험해보세요. 라이어스 바에서의 밤을 준비되셨나요?,Curve Animation,48550,0,6.99,6.99
Evolve Stage 2,273350,협동,S1 ~2016,평가나쁨,2015,4214.0,0,Evolve Stage 2로 Evolve 무료 플레이를 즐기십시오! Evolve Stage 2는 4V1 방식의 중독성 있는 차세대 무료 멀티 플레이 슈팅 게임입니다! 플레이어 1명이 조종하는 몬스터는 특별한 기술로 무장한 4명의 헌터 팀을 피하며 그들을 제압해야 합니다.,Turtle Rock Studios,48362,0,0.0,0.0
Age of Empires III: Definitive Edition,933110,멀티/경쟁,S3 2019-22,매우긍정,2020,2140.0,0,"Lead powerful civilizations across the globe, master strategies and tactics, and relive history in co op battles—now remastered in stunning 4K and modernized gameplay.","World's Edge, Tantalus Media, Forgotten Empires",48342,0,34.99,34.99
Ultimate Chicken Horse,386940,멀티/경쟁,S1 ~2016,압도적긍정,2016,3826.0,0,"Ultimate Chicken Horse는 파티 플랫포머 게임으로 플레이하며 레벨을 올리고, 함정과 위험 요소를 설치하여 친구들을 쓰려뜨려야 합니다. 하지만 자기가 판 함정에 걸리면 안 되겠죠.",Clever Endeavour Games,48300,0,14.99,14.99
ACE COMBAT™ 7: SKIES UNKNOWN,502500,멀티/경쟁,S3 2019-22,매우긍정,2019,2763.0,0,"에이스 파일럿이 되어 현실적인 하늘을 추구한 그래픽 공간을, 좋아하는 기체를 몰아 360도 자유롭게 날아다니는 상쾌감과, 자신의 상황 판단으로 적을 선택하여 격파하는 쾌감, 눈앞에 닥친 난국을 타파하는 달성감을 즐길 수 있는 플라이트 슈팅 게임입니다. 하늘에 입체적으로 수놓여 펼쳐지는 구름 속에서 매력적인 공중전을 즐기실",Bandai Namco Studios Inc.,48192,0,59.99,59.99
Granblue Fantasy: Relink,881020,협동,S4 2023-25,매우긍정,2024,937.0,0,A grand adventure in the skies awaits! Form a party of four from a diverse roster of skyfarers and slash—or shoot or hex—your way to victory against treacherous foes in this action,"Cygames, Inc.",47999,0,39.99,39.99
Gujian3(古剑奇谭三),994280,싱글 서사,S2 2017-18,매우긍정,2018,2811.0,0,"Gujian 3 is a mass 3D single-person RPG developed by Aurogon Info &amp; Tech (Shanghai), a subsidiary of Wangyuan Shengtang. As the latest hit of the Gujian series, it boasts more ","上海烛龙信息科技有限公司, Aurogon Shanghai",47845,0,29.99,29.99
The Long Drive,1017180,전략/시뮬,S3 2019-22,매우긍정,2019,2526.0,0,Random generated open world semi-post apocalyptic survival car driving game.,Genesz,47427,0,15.99,15.99
S.T.A.L.K.E.R.: Shadow of Chernobyl,4500,멀티/경쟁,S1 ~2016,매우긍정,2007,7098.0,0,"S.T.A.L.K.E.R.: 초르노빌의 그림자에서는 위험하기 짝이 없는 지역인 존에서 살아나가는 이야기가 펼쳐집니다. 존은 방사능, 이상 현상, 강력한 괴물은 물론이고 스토커들이 자신만의 욕심과 목적을 가지고 덤벼드는 곳입니다.",GSC Game World,47291,0,19.99,19.99
NEEDY STREAMER OVERLOAD,1451940,싱글 서사,S3 2019-22,매우긍정,2022,1677.0,0,『NEEDY GIRL OVERDOSE』는 최강의 인터넷 엔젤(스트리머)를 목표로 승인 욕구가 강한 소녀(초절정 귀요미 천사)와의 라이프를 체험하는 멀티 엔딩 어드벤처입니다.,"WSS playground, xemono",47205,0,15.99,15.99
ICARUS,1149460,협동,S3 2019-22,대체로긍정,2021,1726.0,0,"ICARUS는 최대 여덟 명의 플레이어가 참가할 수 있는 PvE 서바이벌 게임입니다. 테라포밍 실패에 따른 부작용 속에서 잔혹한 야생 환경을 탐험해 보세요. 오픈 월드에서 생존하고 한정 시간 미션을 완수하거나 나만의 전초 기지를 건설하세요. 대박을 터트리기 위해 엑조틱을 찾으면서 탐험, 건설, 제조, 사냥에 힘을 쏟으세요",RocketWerkz,47072,0,34.99,34.99
Call of Duty®: Black Ops II,202970,협동,S1 ~2016,매우긍정,2012,5034.0,0,"기록 제조기 엔터테인먼트 프랜차이즈에 거는 팬들의 기대를 뛰어넘으며, Call of Duty®: Black Ops II는 기술과 무기가 융합하여 새로운 전쟁을 만들어낸 21세기의 근미래 냉전 속으로 플레이어를 이끕니다.",Treyarch,47017,0,39.99,39.99
Chivalry 2,1824220,멀티/경쟁,S3 2019-22,매우긍정,2022,1535.0,0,"최고의 중세 전장으로 돌아오세요. Chivalry 2는 중세를 배경으로 한 장편 서사 영화 속 전투에서 영감을 받은 1인칭 슬래셔 멀티플레이어 게임입니다. 플레이어들은 당시의 상징적인 시기 속으로 들어가 칼을 맞대고 화살비를 내리며, 공성전에 참여하는 등 다양한 활약을 펼칩니다.",Torn Banner Studios,46961,0,39.99,39.99
Dragon's Dogma: Dark Arisen,367500,싱글 서사,S1 ~2016,매우긍정,2016,3875.0,0,"상상하던 모험이 소생한다. 가슴뛰는 대모험이 기다리는, 판타지의 세계로… 「드래곤즈 도그마 : 다크 어리즌」이 고해상도화를 실현하고 유료DLC도 수록하여 등장！",Capcom,46686,0,29.99,29.99
Realm of the Mad God Exalt,200210,멀티/경쟁,S1 ~2016,매우긍정,2012,5300.0,0,"Embark on an exhilarating journey into the pixelated Realm of the Mad God! Join, an action-packed, free-to-play MMO bullet hell game. Discover a world with danger, challenges, and ","Wild Shadow Studios, Deca Live Operations GmbH",46620,1,0.0,0.0
Spiritfarer®: Farewell Edition,972660,협동,S3 2019-22,압도적긍정,2020,2198.0,0,"Spiritfarer®는 편안하게 즐길 수 있는 관리형 게임으로, 죽음에 대해 다루고 있습니다. 망자들의 페리마스터로서 세계를 여행할 배를 만들고, 영혼 친구들을 보살피며 신비의 바다 건너로 인도해 사후세계로 보내주세요. 마음이 따뜻해지는 기본 게임과 3가지 주요 콘텐츠 업데이트가 포함되어 있습니다. 확장된 세계를 탐험하",Thunder Lotus,46417,0,29.99,29.99
Age of History II,603850,멀티/경쟁,S2 2017-18,매우긍정,2018,2834.0,0,Age of History II는 배우기 쉽지만 마스터하기 어려운 대 전략 전쟁 게임입니다. 당신의 목표는 군사 전략과 교활한 외교를 이용하여 세계를 통일하거나 정복하는 것입니다. 세계가 피를 흘릴 것인가 아니면 당신 앞에 굴복 할 것인가? 선택은 당신의 것입니다.,Łukasz Jakowski,46395,0,5.99,5.99
Dread Hunger,1418630,멀티/경쟁,S3 2019-22,평가나쁨,2022,1672.0,0,"A game of survival and betrayal. Eight Explorers path their ship through the unforgiving Arctic. Among the crew, two traitors call on dark powers to undermine them. Note: Official ",Dread Hunger Team,46185,0,0.0,0.0
HITMAN World of Assassination,1659040,싱글 서사,S3 2019-22,매우긍정,2022,1678.0,0,"궁극의 암살자 세계로 여러분을 초대합니다. 'HITMAN 암살자의 세계'는 메인 캠페인, 계약 모드, 승급, 미스터리 목표 아케이드, 로그라이크에서 모티브를 얻은 HITMAN: Freelancer 및 HITMAN, HITMAN 2, HITMAN 3의 가장 뛰어난 장점만을 녹여냈습니다.",IO Interactive A/S,45782,0,69.99,27.99
Nioh 2 – The Complete Edition,1325200,협동,S3 2019-22,매우긍정,2021,2027.0,0,Battle hordes of yokai in this masocore Action RPG. Create your protagonist and embark on an adventure through a myriad of locales across Japan during the Sengoku period. Utilize t,"KOEI TECMO GAMES CO., LTD.",45496,0,49.99,49.99
The Cycle: Frontier,868270,멀티/경쟁,S3 2019-22,평가나쁨,2022,1539.0,0,"The Cycle: Frontier는 엄청난 긴장감과 위험이 도사리는 행성에서 진행되며 무료 플레이가 가능한 PvPvE 익스트랙션 슈팅 게임입니다. 치명적인 폭풍으로 황폐화된 후 버려진 외계 세계에서, 괴물들의 공격과 야망 넘치는 다른 프로스펙터의 급습으로부터 살아남으며 자원과 부를 손에 넣으세요.",YAGER,45422,0,0.0,0.0
Love Is All Around,2322560,전략/시뮬,S4 2023-25,매우긍정,2023,1043.0,0,"The player becomes Gu Yi, uses the first-person perspective to immerse himself in meeting six beauties, and embarks on a joyful and sweet love journey with them. Six girls that are",intiny,45414,0,9.99,9.99
SOMA,282140,싱글 서사,S1 ~2016,압도적긍정,2015,3991.0,0,"From the creators of Amnesia: The Dark Descent comes SOMA, a sci-fi horror game set below the waves of the Atlantic ocean. Struggle to survive a hostile world that will make you qu",Frictional Games,45365,0,29.99,29.99
Medieval Dynasty,1129580,협동,S3 2019-22,매우긍정,2021,1797.0,0,"척박한 중세 시대에서 사냥하고, 살아남고, 건축하고, 지도자가 되어 보세요. 나만의 중세 왕조를 만들어 오래 지속될 번영을 지켜내거나, 노력하다 죽음을 맞이하세요! 혼자 플레이하거나 친구들과 팀을 이루어 궁극의 중세 경험을 즐기세요.",Render Cube,45166,0,34.99,34.99
What Remains of Edith Finch,501300,싱글 서사,S2 2017-18,압도적긍정,2017,3410.0,0,"What Remains of Edith Finch(워트 리메인스 오브 에디스 핀치)는 워싱턴 주에 있는 어느 가족에 대한 이상한 이야기의 모음입니다. 플레이어는 에디스가 되어 거대한 핀치 가택을 탐사하고, 가족사를 연구하며 이야기를 찾고, 왜 가족 중에서 그녀만 살아남았는지 알아내야 합니다. 각 이야기는 새로운 가족 구성",Giant Sparrow,45053,0,19.99,4.99
LEGO® Star Wars™: The Skywalker Saga,920210,협동,S3 2019-22,매우긍정,2022,1603.0,0,"9편의 스카이워커 사가 영화를 다른 영화들과 다른 게임에서 플레이하세요. 300명 이상의 플레이 가능한 캐릭터, 100대 이상의 탈 것, 그리고 탐험할 수 있는 23개의 행성이 있는 머나먼 은하계가 여태껏 본 적 없는 큰 재미를 줄 것입니다! *플레이 가능한 클래식 오비완 케노비 캐릭터 포함",TT Games,45038,0,49.99,49.99
Inside the Backrooms,1987080,협동,S3 2019-22,매우긍정,2022,1527.0,0,"Inside the Backrooms is a horror multiplayer game mixed with different mechanics that will make you spend an intense night with friends. Explore, think, interact, but be careful, i",MrFatcat,45032,0,6.99,6.99
The Stanley Parable,221910,싱글 서사,S1 ~2016,매우긍정,2013,4695.0,0,"The Stanley Parable is a first person exploration game. You will play as Stanley, and you will not play as Stanley. You will follow a story, you will not follow a story. You will h",Galactic Cafe,44982,0,14.99,14.99
DiRT Rally 2.0,690790,멀티/경쟁,S3 2019-22,매우긍정,2019,2738.0,0,"DiRT Rally 2.0 dares you to carve your way through a selection of iconic rally locations from across the globe, in the most powerful off-road vehicles ever made, knowing that the s",Codemasters,44595,0,19.99,19.99
Wolfenstein II: The New Colossus,612880,액션/캐주얼,S2 2017-18,매우긍정,2017,3225.0,0,"America, 1961. The assassination of Nazi General Deathshead was a short-lived victory. The Nazis maintain their stranglehold on the world. You are BJ Blazkowicz, aka “Terror-Billy,",MachineGames,44497,0,39.99,39.99
Torchlight II,200710,협동,S1 ~2016,매우긍정,2012,5087.0,0,Torchlight II에서 모험이 계속됩니다! 장대한 전투와 보물이 가득하고 완전히 랜덤화된 세계를 선보이는 액션 RPG. 온라인 LAN 멀티플레이어 기능으로 함께 여정을 떠날 친구를 초대하세요.,Runic Games,44341,0,19.99,19.99
DARK SOULS™ II,236430,협동,S1 ~2016,매우긍정,2014,4505.0,0,FROM SOFTWARE에서 개발한 DARK SOULS™ II는 2011년에 출시되어 큰 인기를 누린 Dark Souls™의 속편입니다. 특유의 전통 방식 액션 RPG는 도전 의식을 고취시키고 강한 성취감을 느끼게 함으로써 세계 각지의 게이머 마음을 사로잡았습니다. Dark Souls™ II는 싱글 플레이와 멀티 플레이 ,"FromSoftware, Inc.",44324,0,39.99,39.99
WorldBox - God Simulator,1206560,전략/시뮬,S3 2019-22,압도적긍정,2021,1727.0,0,"월드박스는 당신이 직접 신이 되어볼수 있는 궁극의 샌드박스 게임입니다. 당신만의 월드를 창조해 파괴시키거나... 발전시킬 수 도 있습니다. 문명의 발전을 지켜보십시오, 왕국을 창조하고, 새로운 땅들을 점령하고 약탈하며, 바다 저 멀리 나아가는 것을요. 마을에서는 반란과, 봉기가 일어나고. 영원할것만 같던 제국 또한 멸망하",Maxim Karpenko,44062,0,19.99,19.99
DREDGE,1562430,싱글 서사,S4 2023-25,압도적긍정,2023,1244.0,0,"DREDGE is a single-player fishing adventure with a sinister undercurrent. Sell your catch, upgrade your boat, and dredge the depths for long-buried secrets. Explore a mysterious ar",Black Salt Games,43966,0,24.99,9.99
Lobotomy Corporation | Monster Management Simulation,568220,전략/시뮬,S2 2017-18,매우긍정,2018,3060.0,0,"A roguelite monster-management simulation inspired by the likes of the SCP Foundation, Cabin in the Woods, and Warehouse 13. Order your employees to perform work with the creatures",ProjectMoon,43932,0,24.99,24.99
SnowRunner,1465360,협동,S3 2019-22,매우긍정,2021,1926.0,0,"차원이 다른 오프로드를 경험하세요! 강력한 차량으로 진흙, 급류, 눈, 얼어붙은 호수 등 극단적인 환경을 헤쳐 나가며 도전 정신을 자극하는 미션을 혼자 또는 최대 3인의 친구와 함께 완수하세요!",Saber Interactive,43881,0,29.99,29.99
Marvel’s Spider-Man: Miles Morales,1817190,싱글 서사,S3 2019-22,매우긍정,2022,1376.0,0,"Marvel’s Spider-Man Remastered의 사건 이후, 십대 청소년 마일즈 모랄레스는 새로운 집에 적응하면서 멘토인 피터 파커의 발자취를 따라 새로운 스파이더맨이 됩니다. 하지만 무시무시한 힘겨루기로 인해 새로운 고향이 산산조각날 위기에 처하자 마일즈는 스파이더맨의 역할을 이어받아 진정한 스파이더맨이 되어야","Insomniac Games, Nixxes Software",43681,0,49.99,49.99
Call of Duty®: WWII,476600,멀티/경쟁,S2 2017-18,평가나쁨,2017,3218.0,0,콜 오브 듀티®: WWII - 제2차 세계 대전을 새롭게 정의하는 숨 막히는 경험을 선사합니다.,"Sledgehammer Games, Raven Software",43333,0,59.99,59.99
SILENT HILL 2,2124490,싱글 서사,S4 2023-25,압도적긍정,2024,687.0,0,"죽은 아내로부터 온 편지를 계기로, 추억의 거리인 「사일런트 힐」을 방문한 제임스. 거리는 짙은 안개에 휩싸여 이형의 크리처가 배회하는 유령도시가 되어 있었다. 크리처와 싸워, 수수께끼를 풀면서, 아내의 단서를 찾아 거리르 탐색하는 『SILENT HILL 2』의 리메이크 작품입니다.",Bloober Team SA,43049,0,69.99,69.99
Little Nightmares II,860510,싱글 서사,S3 2019-22,매우긍정,2021,2022.0,0,"『리틀 나이트메어 2』는 서스펜스 어드벤처 게임으로, 여러분은 사악한 전파로 인해 왜곡된 세계에 갇힌 어린 소년 모노를 플레이하게 됩니다. 새로운 친구 식스와 함께, 모노는 전파의 근원지를 파헤치기 위해 발걸음을 옮깁니다.",Tarsier Studios,43042,0,29.99,29.99
theHunter Classic,253710,협동,S1 ~2016,평가나쁨,2014,4466.0,0,"The most realistic hunting experience awaits. Explore 12 reserves and hunt 45 unique species, ranging from waterfowl to big game. Over 100 weapons from state-of-the art rifles to b","Expansive Worlds, Avalanche Studios",42953,0,0.0,0.0
Persona 3 Reload,2161700,전략/시뮬,S4 2023-25,매우긍정,2024,936.0,0,『페르소나3』가 새롭게 단장하여 현행 최신 하드웨어에서 다시 태어난다!,ATLUS,42567,0,59.99,20.99
Super Animal Royale,843380,멀티/경쟁,S3 2019-22,매우긍정,2021,1825.0,0,"가장 귀엽고 아늑한 방식으로 여러분들의 친구들을 쓰러뜨리는 세계 오신 걸 환영합니다. 슈퍼 애니멀 로얄은 64명이 참가하는 탑다운 2D 배틀로얄로, 사랑스럽지만 살벌한 동물들이 이빨,발톱,기관총까지 총동원해 싸우는 게임입니다. 그리고 극한의 한 판이 끝나면, 다음 사투 전까지 슈퍼 애니멀 월드에서 낚시,햄스터볼 레이스,스",Pixile,42367,1,0.0,0.0
Rain World,312520,멀티/경쟁,S2 2017-18,매우긍정,2017,3437.0,0,"여러분은 유랑 생활을 하는 슬러그캣으로, 파괴된 생태계의 포식자이자 피식자입니다. 창을 손에 쥐고 산업 폐기물에 용감하게 맞서 싸우며 생존에 필요한 식량을 사냥하세요. 하지만 더 커다란 다른 존재에게도 똑같은 계획이 있으니 조심하세요. 슬러그캣은 맛있어 보이거든요.",Videocult,42277,0,24.99,24.99
Sid Meier's Civilization VII,1295660,멀티/경쟁,S4 2023-25,평가나쁨,2025,561.0,0,시대를 진보 또는 존속시키는 지도자가 되어 제국을 이끌어 보세요. 시드 마이어의 문명® VII에서 여러분의 신념을 실현하세요.,Firaxis Games,42248,0,69.99,69.99
Lords of the Fallen,1501750,멀티/경쟁,S4 2023-25,평가나쁨,2023,1047.0,0,중세 시대 배경의 다크 판타지 액션 RPG인 Lords of the Fallen의 광대한 세계가 여러분을 기다리고 있습니다. 전설의 다크 크루세이더가 되어 마신 아디르를 타도하는 장대한 여정을 시작하세요. 지금 출시된 최종 버전 2.5에는 진행 상황 공유 협동 모드 및 무료 친구 패스 기능이 포함되어 있습니다.,CI Games,42133,0,29.99,29.99
Brothers - A Tale of Two Sons,225080,싱글 서사,S1 ~2016,매우긍정,2013,4739.0,0,"Guide two brothers on an epic fairy tale journey from visionary Swedish film director, Josef Fares and top-tier developer Starbreeze Studios. Control both brothers at once as you e",Starbreeze Studios AB,40995,0,14.99,14.99
Forager,751780,전략/시뮬,S3 2019-22,매우긍정,2019,2686.0,0,"&quot;한 번 플레이하면 멈출 수 없는&quot; 기발하면서도 유명한 방치형 게임이 왔습니다! 무일푼으로 시작하여 모험하고, 제작하고, 수집하고, 관리하고, 비밀을 찾아가며 당신만의 보금자리를 건설하세요! 모험이 끝나면 새로운 토지를 구입해 또 다른 모험을 떠나세요!",HopFrog,40881,0,19.99,19.99
Skullgirls 2nd Encore,245170,멀티/경쟁,S1 ~2016,대체로긍정,2013,4751.0,0,"--Main Stage Game at Evo 2022!-- The ultimate Skullgirls experience: Featuring 14 hand-animated characters, fully voiced story mode, countless palettes, and unparalleled GGPO-based",Hidden Variable Studios,40853,0,24.99,24.99
Deus Ex: Mankind Divided,337000,싱글 서사,S1 ~2016,대체로긍정,2016,3654.0,0,"You play as Adam Jensen, an experienced covert operative operating in a world that despises his kind: augmented humans. Choose from an arsenal of state-of-the-art weapons and augme","Eidos Montreal, Feral Interactive (Linux/Mac)",40850,0,29.99,29.99
Ryse: Son of Rome,302510,협동,S1 ~2016,매우긍정,2014,4337.0,0,"“Ryse: Son of Rome” tells the story of Marius Titus, a young Roman soldier who witnesses the murder of his family at the hands of barbarian bandits, then travels with the Roman arm",Crytek,40826,0,9.99,2.89
Call of Juarez: Gunslinger,204450,액션/캐주얼,S1 ~2016,압도적긍정,2013,4843.0,0,"금광에서 술집에 이르기까지, Call of Juarez® Gunslinger는 미국 서부극에 대한 진정한 오마주입니다. 서부에서 가장 악명 높은 무법자들의 흔적을 쫓는 무자비한 현상금 사냥꾼의 장대하고 폭력적인 여정을 경험해 보세요.",Techland,40706,0,14.99,14.99
Source Filmmaker,1840,액션/캐주얼,S1 ~2016,매우긍정,2012,5159.0,0,Source Filmmaker(SFM)는 Source 게임 엔진에서 영상을 제작하기 위해 Valve가 직접 개발하고 사용하는 영상 제작 도구입니다. SFM는 게임과 동일한 자산을 사용함으로 게임에 포함된 모든 요소를 영상에서 사용하거나 그 반대로도 사용할 수 있습니다. SFM은 게이밍 PC의 하드웨어 렌더링 성능을 활용하,Valve,40659,1,0.0,0.0
Dragon Age™: The Veilguard,1845910,전략/시뮬,S4 2023-25,평가나쁨,2024,663.0,0,몰입감 높은 싱글 플레이어 RPG인 Dragon Age™: The Veilguard에서 베일가드를 모아 신들에게 맞서세요.,BioWare,40479,0,59.99,59.99
PAYDAY™ The Heist,24240,협동,S1 ~2016,매우긍정,2011,5423.0,0,"Take on the role of a hardened career criminal executing intense, dynamic heists in constant pursuit of the next “big score”",OVERKILL - a Starbreeze Studio.,40223,0,9.99,9.99
DiRT Rally,310560,전략/시뮬,S1 ~2016,매우긍정,2015,3914.0,0,"DiRT Rally is the most authentic and thrilling rally game ever made, road-tested over 80 million miles by the DiRT community. It perfectly captures that white knuckle feeling of ra","Codemasters, Feral Interactive (Linux), Feral Interactive (M",39791,0,0.0,0.0
Pavlov,555160,멀티/경쟁,S4 2023-25,매우긍정,2024,629.0,0,Pavlov is a multiplayer shooter in VR with heavy focus on community features. Realistic reloading features and fast paced combat as part of the core experience. Play the #1 most po,Vankrupt Games,39672,0,24.99,24.99
ENDER LILIES: Quietus of the Knights,1369630,싱글 서사,S3 2019-22,매우긍정,2021,1891.0,0,"죽음의 비로 인해 멸망한 왕국 &quot;끝자락의 나라&quot;. 슬프고도 아름다운 이곳에서 펼쳐지는 소녀 릴리와 불사신 기사들의 이야기. 한순간의 방심으로도 목숨을 잃을 수 있는 험난한 전투가 꼬리에 꼬리를 물고 이어지는 본격 횡스크롤 액션 RPG를 만끽하며, 동료와 함께 세계의 진실을 밝혀내세요.","Live Wire, Adglobe",39533,0,24.99,24.99
DEATH STRANDING DIRECTOR'S CUT,1850570,싱글 서사,S3 2019-22,매우긍정,2022,1609.0,0,전설의 게임 제작자 코지마 히데오가 도전한 새로운 장르 경험이 완벽한 디렉터스 컷(DIRECTOR’S CUT)으로 확장됩니다. 플레이어는 샘 브리지스(Sam Bridges)가 되어 생사의 경계가 무너진 미대륙 최후의 생존자 사이를 이어 인류에 희망을 전달하는 임무를 맡습니다. 산산조각이 난 세계를 조금씩이나마 다시 연결할,KOJIMA PRODUCTIONS,39516,0,39.99,39.99
TCG Card Shop Simulator,3070070,전략/시뮬,S4 2023-25,압도적긍정,2024,709.0,0,"Open your own local game store. Stock shelves with the latest booster packs, or crack them and collect the cards for yourself. Set your own prices, hire staff, host events, and exp",OPNeon Games,39499,0,19.99,19.99
Bloodstained: Ritual of the Night,692850,멀티/경쟁,S3 2019-22,매우긍정,2019,2625.0,0,&quot;Bloodstained : Ritual of the Night&quot;는 유명 프로듀서 이가라시 코지(五十嵐孝司)씨가 제작한 새로운 스타일의 횡스크롤 액션 RPG. 연금술사의 비술을 어려서부터 계속 걸리게된 고아인 주인공 미리암은 신체가 결정화가 진행됨에 따라 천천히 몸이 결정체화 되어갑니다. 소환된 악마들이,ArtPlay,39485,0,39.99,39.99
STAR WARS™ Empire at War - Gold Pack,32470,멀티/경쟁,S1 ~2016,압도적긍정,2010,5936.0,0,"Command or corrupt an entire galaxy in the definitive Star Wars strategy collection. It is a time of galactic civil war. Will you take up the reins of the Rebellion, assume control",Petroglyph,39435,0,19.99,19.99
The Callisto Protocol™,1544020,싱글 서사,S3 2019-22,평가나쁨,2022,1363.0,0,Survive to escape the horrors of Callisto and uncover the dark secrets of Jupiter’s dead moon.,Striking Distance Studios,39430,0,59.99,59.99
Marvel's Guardians of the Galaxy,1088850,싱글 서사,S3 2019-22,매우긍정,2021,1764.0,0,새롭게 재해석한 마블의 가디언즈 오브 갤럭시에서 우주 곳곳을 종횡무진 누비세요. 이 액션 어드벤처 게임에서 예측 불가능한 가디언즈를 이끄는 스타로드가 되어 일촉즉발의 위기 상황을 헤쳐나가세요. 당신이라면 할 수 있습니다. 아마도.,Eidos-Montréal,39158,0,59.99,59.99
NBA 2K22,1644960,멀티/경쟁,S3 2019-22,평가나쁨,2021,1811.0,0,"공지: NBA 2K22의 모든 멀티플레이어 서버가 2023/12/31에 셧다운 될 것입니다. 이 시간에는, 모든 온라인 서버가 요구되는 기능은 더는 지원되지 않습니다.",Visual Concepts,39093,0,0.0,0.0
NBA 2K21,1225330,멀티/경쟁,S3 2019-22,평가나쁨,2020,2181.0,0,"공지: NBA 2K21의 모든 멀티플레이어 서버가 2022/12/31에 셧다운 될 것입니다. 이 시간에는, 모든 온라인 서버가 요구되는 기능은 더는 지원되지 않습니다.",Visual Concepts,39056,0,0.0,0.0
Assetto Corsa Competizione,805550,멀티/경쟁,S3 2019-22,매우긍정,2019,2645.0,0,"아세토 코르사 컴페티치오네는 새로운 공식 GT 월드 챌린지 비디오 게임입니다. 탁월한 시뮬레이션 품질을 자랑하는 본 게임에서는 정교하게 재현된 공식 드라이버, 팀, 차, 서킷을 상대로 경쟁하는 FIA GT3 챔피언십의 실제 분위기를 만끽할 수 있습니다.",Kunos Simulazioni,38943,0,39.99,39.99
RISK: Global Domination,1128810,멀티/경쟁,S3 2019-22,대체로긍정,2020,2379.0,0,"Take over the world in RISK: Global Domination, the iconic strategy board game with 100+ original and classic maps and millions of players",SMG Studio,38843,1,0.0,0.0
SUPERHOT,322500,액션/캐주얼,S1 ~2016,매우긍정,2016,3834.0,0,"SUPERHOT은 당신이 움직일 때만 시간이 흐르는 컨셉의 일인칭 슈팅 게임입니다. 자동으로 회복되는 체력 게이지 따윈 없습니다. 집기 편리하게 놓인 탄약도 없습니다. 무장한 적들에게 둘러싸인 채 오로지 혼자 힘으로 적들에게서 무기를 빼앗아 쏘고, 베며, 느리게 날아오는 총탄을 헤치며 나아가야 합니다.",SUPERHOT Team,38776,0,24.99,24.99
One-armed robber,2551020,협동,S4 2023-25,매우긍정,2023,984.0,0,"One-armed robber is a chaotic first-person heist game that centers around a uniquely challenging premise. Players take the role of a determined robber equipped with only one arm, t",Duhndal,38728,1,0.0,0.0
Bright Memory: Infinite,1178830,액션/캐주얼,S3 2019-22,매우긍정,2021,1748.0,0,"Bright Memory: Infinite는 FPS와 액션 장르를 섞어 번개처럼 빠르게 진행되는 새로운 퓨전 게임으로, FYQD-Studio에서 제작했습니다. 다양한 스킬과 능력을 조합하여 번쩍이는 콤보 공격을 터뜨려 보세요.",FYQD-Studio,38711,0,19.99,19.99
KARDS - The WW2 Card Game,544810,멀티/경쟁,S3 2019-22,대체로긍정,2020,2323.0,0,"KARDS는 실제 전술 및 고전 전략 게임에서 영감을 얻은 독창적인 메커니즘과 정통 CCG(Collectible Card Game)를 접목시킨 제2차 세계 대전 카드 게임입니다. 지상과 공중, 바다에서 펼쳐지는 대규모 전투의 지휘를 맡아 다른 플레이어들과 겨뤄보십시오.",1939 Games,38679,1,0.0,0.0
Neverwinter,109600,멀티/경쟁,S1 ~2016,대체로긍정,2013,4646.0,0,"Neverwinter is a free, action MMORPG based on the acclaimed Dungeons &amp; Dragons fantasy roleplaying game. Epic stories, action combat and classic roleplaying await those heroes ",Cryptic Studios,38585,1,0.0,0.0
Pathfinder: Wrath of the Righteous - Enhanced Edition,1184370,전략/시뮬,S3 2019-22,매우긍정,2021,1818.0,0,"Embark on a journey to a realm overrun by demons in a new epic RPG from the creators of the critically acclaimed Pathfinder: Kingmaker. Explore the nature of good and evil, learn t",Owlcat Games,38496,0,19.99,19.99
Duck Game,312530,멀티/경쟁,S1 ~2016,압도적긍정,2015,4100.0,0,"Enter the futuristic year of 1984, an age where ducks run wild in a frantic battle for glory. Blast your friends with Shotguns, Net Guns, Mind Control Rays, Saxophones, Magnet Guns",Landon Podbielski,38476,0,12.99,12.99
Quake Champions,611500,멀티/경쟁,S3 2019-22,대체로긍정,2022,1468.0,0,Step into the Arena. Compete against players from around the world in this fast-paced shooter that combines the dark mythos of the original Quake with the skill-based competition o,id Software,38365,1,0.0,0.0
Atomic Heart,668580,싱글 서사,S4 2023-25,매우긍정,2023,1282.0,0,"In a mad and sublime utopian world, take part in explosive encounters. Adapt your fighting style to each opponent, use your environment and upgrade your equipment to fulfill your m",Mundfish,37995,0,59.99,59.99
HoloCure - Save the Fans!,2420510,싱글 서사,S4 2023-25,압도적긍정,2023,1105.0,0,"Play as your favorite Vtubers from Hololive! Fight, explore, and clear your way through armies of fans and save them from their mind-control in this unofficial free fan-game.",KayAnimate,37986,1,0.0,0.0
eFootball PES 2021 SEASON UPDATE,1259970,멀티/경쟁,S3 2019-22,대체로긍정,2020,2170.0,0,■25주년 기념! 인기 축구 게임 시리즈를 최신 시즌으로 업데이트! 각종 특전이 가득한 특별 가격으로 등장!,Konami Digital Entertainment,37942,0,0.0,0.0
MudRunner,675010,협동,S2 2017-18,매우긍정,2017,3221.0,0,"MudRunner is the ultimate off-road experience putting the players in the driver seat and dares them to take charge of incredible all-terrain vehicles, venturing across extreme Sibe",Saber Interactive,37696,0,19.99,19.99
Mirror's Edge™,17410,싱글 서사,S1 ~2016,매우긍정,2009,6432.0,0,"In a city where information is heavily monitored, couriers called Runners transport sensitive data. In this seemingly utopian paradise, a crime has been committed, &amp; you are be",DICE,37652,0,19.99,19.99
Red Orchestra 2: Heroes of Stalingrad with Rising Storm,35450,멀티/경쟁,S1 ~2016,매우긍정,2011,5460.0,0,Contains full Rising Storm content as well!,Tripwire Interactive,37628,0,19.99,19.99
Potion Craft: Alchemist Simulator,1210320,전략/시뮬,S3 2019-22,매우긍정,2022,1351.0,0,"포션 크래프트는 연금술사 시뮬레이션 게임으로 당신은 게임에서 포션을 조제하며 도구 및 재료와 자연법칙에 따라 소통하게 됩니다. 당신은 상점을 완전히 장악하여 새로운 레시피를 개발하고, 고객을 유치하며, 마음이 흡족해질 때까지 실험할 수 있습니다. 기억해 주세요. 온 마을이 당신을 믿고 있어요.",niceplay games,37608,0,19.99,19.99
DDNet,412220,협동,S3 2019-22,매우긍정,2020,2199.0,0,"Want to play the hardest cooperative 2D platformer ever? Want to finish no map ever? Want to be in pain for hours and cry, getting nothing in return? Come play DDNet with a large c",DDNet Team,37450,1,0.0,0.0
Bastion,107100,싱글 서사,S1 ~2016,압도적긍정,2011,5488.0,0,"Discover the secrets of the Calamity, a surreal catastrophe that shattered the world to pieces.",Supergiant Games,37392,0,14.99,14.99
Verdun,242860,멀티/경쟁,S1 ~2016,매우긍정,2015,4137.0,0,"Verdun은 사실적인 제1차 세계대전을 배경으로 한 최초의 멀티플레이어 1인칭 슈팅게임입니다. 무자비한 참호전을 통해 전장의 독특한 경험을 선사해주며, 플레이어와 플레이어의 부대는 강렬한 공격전과 방어전에 몰입할 수 있습니다.",BlackMill Games,37317,0,19.99,3.99
FINAL FANTASY VII REMAKE INTERGRADE,1462040,싱글 서사,S3 2019-22,매우긍정,2022,1530.0,0,"Cloud Strife, an ex-SOLDIER operative, descends on the mako-powered city of Midgar. The world of the timeless classic FINAL FANTASY VII is reborn, using cutting-edge graphics techn",Square Enix,37307,0,39.99,39.99
Life is Strange: Before the Storm,554620,싱글 서사,S2 2017-18,매우긍정,2017,3281.0,0,"Life is Strange: Before the Storm is a new three part standalone story adventure set three years before the events of the first game. This time play as Chloe Price, a rebel who for","Deck Nine, Feral Interactive (Mac), Feral Interactive (Linux",37293,0,16.99,16.99
Phoenix Wright: Ace Attorney Trilogy,787480,싱글 서사,S3 2019-22,압도적긍정,2019,2695.0,0,법정을 무대로 뜨거운 배틀이 펼쳐지는 어드벤쳐 게임. 플레이어는 변호사 &quot;나루호도 류이치&quot;가 되어 무고한 의뢰인을 위해 재판에 도전한다. 본작은 시리즈의 원점인「역전재판 소생하는 역전」「역전재판 2」「역전재판 3」의 세 작품의 전14화를 그래픽을 파워업해 1개에 수록. ※ 한국어 자막은 출시 후 패치를 ,"CAPCOM Co., Ltd.",37254,0,29.99,29.99
Shadow Tactics: Blades of the Shogun,418240,전략/시뮬,S1 ~2016,압도적긍정,2016,3549.0,0,"1615년 일본. 새로운 쇼군이 일본을 장악하고 전국에 평화를 가져오려 합니다. 반란과 음모에 맞선 싸움에서 그는 뛰어난 암살, 파괴, 첩보 능력을 가진 다섯 명의 전문가를 고용했습니다. 하지만 그들은 평화라는 이름 아래 얼마나 헌신할 수 있을까요?",Mimimi Games,37237,0,39.99,39.99
HITMAN™,236870,액션/캐주얼,S1 ~2016,매우긍정,2016,3819.0,0,"우리 세계를 초월하는 세계가 있습니다. 국가, 정의, 도덕도 초월하죠. 그 세계는 절대 잠들지 않고, 어디에나 존재합니다. 그리고 그곳에 한번 발을 들이면... 다시는 돌이킬 수 없습니다. 암살의 세계에 온 것을 환영합니다. 당신은 에이전트 47, 세계 최고의 암살자입니다.","IO Interactive A/S, Feral Interactive (Linux), Feral Interac",37200,0,0.0,0.0
DCS World Steam Edition,223750,멀티/경쟁,S1 ~2016,매우긍정,2013,4771.0,0,Feel the excitement of flying the Su-25T &quot;Frogfoot&quot; attack jet and the TF-51D &quot;Mustang&quot; in the free-to-play Digital Combat Simulator World!,Eagle Dynamics SA,37189,1,0.0,0.0
Battlefield: Bad Company™ 2,24960,액션/캐주얼,S1 ~2016,매우긍정,2010,6020.0,0,Battlefield: Bad Company 2™ brings the award-winning Battlefield gameplay to the forefront of PC gaming with best-in-class vehicular combat and unexpected &quot;Battlefield moments,DICE,37187,0,0.0,0.0
FPS Chess,2021910,멀티/경쟁,S3 2019-22,매우긍정,2022,1501.0,0,Battle a friend in this fast paced 1v1 class-based first-person shooter. Chess takes a back-seat to FPS as you win duel after duel and capture the opponent's pieces until you've be,"Meta Fork, Evergreen Games",37132,1,0.0,0.0
Mortal Kombat 1,1971870,멀티/경쟁,S4 2023-25,평가나쁨,2023,1071.0,0,"Discover a reborn Mortal Kombat™ Universe created by the Fire God Liu Kang. Mortal Kombat™ 1 ushers in a new era of the iconic franchise with a new fighting system, game modes, and","NetherRealm Studios, QLOC",37125,0,49.99,9.99
暖雪 Warm Snow,1296830,싱글 서사,S3 2019-22,매우긍정,2022,1680.0,0,"'Warm Snow' is a Rogue-like action game with a background set in a dark fantasy world, where the eerie 'Warm Snow' holds sway. You will play as the Warrior 'Bi-an' on a crusade aga",BadMudStudio,37007,0,17.99,17.99
SpeedRunners,207140,멀티/경쟁,S1 ~2016,매우긍정,2016,3780.0,0,"죽느냐 사느냐를 놓고 로컬 또는 온라인 사용자들과 치열하게 경쟁하는 멀티플레이어 러닝 게임. 달리고, 점프하고, 그네 뛰고,다양한 무기와 습득물을 사용해서 상대를 화면 밖으로 밀어내면 승리! 지금까지 어떤 게임보다도 당신의 경쟁심을 자극할 거에요.",DoubleDutch Games,36740,0,14.99,14.99
ROUNDS,1557740,멀티/경쟁,S3 2019-22,압도적긍정,2021,1972.0,0,Rounds is a 1v1 rogue-lite shooter where each round gets more intense. The losing player of each round unlocks clever upgrades to create a better build to counter their opponent.,Landfall,36658,0,5.99,5.99
Jurassic World Evolution 2,1244460,전략/시뮬,S3 2019-22,매우긍정,2021,1750.0,0,"쥬라기 월드 에볼루션 2는 Frontier에서 2018년에 출시한 획기적이고 몰입도 높은 관리 시뮬레이션 쥬라기 월드 에볼루션의 후속작으로, 게임 시리즈에 기반한 과감하고 새로운 시대를 선보여 많은 기대를 받고 있습니다",Frontier Developments,36638,0,59.99,17.99
Life is Strange 2,532210,싱글 서사,S2 2017-18,매우긍정,2018,2890.0,0,"After a tragic incident, brothers Sean and Daniel Diaz run away from home. Fearing the police, and dealing with Daniel's new telekinetic power, the boys head to Mexico. Each stop o","DONTNOD Entertainment, Feral Interactive (Mac), Feral Intera",36634,1,31.96,31.96
Shakes and Fidget,438040,멀티/경쟁,S1 ~2016,매우긍정,2016,3835.0,0,"Shakes &amp; Fidget is a hilarious fantasy role-playing satire and at the same time, an award-winning RPG! Sounds crazy? With over 50 million enthusiastic players, it ranks among t",Playa Games GmbH,36593,1,0.0,0.0
Deep Rock Galactic: Survivor,2321470,액션/캐주얼,S4 2023-25,매우긍정,2025,342.0,0,"DEEP ROCK GALACTIC: SURVIVOR는 싱글 플레이 서바이버-라이크 자동 슈팅 게임입니다. Deep Rock Galactic의 각종 무기를 사용하여 치명적인 외계생물 무리를 상대하고, 자원을 채굴하고, 강력한 업그레이드를 해금하세요. 한 명의 드워프로 행성 혹시스 전체와 맞서 싸우세요!",Funday Games,36558,0,12.99,12.99
Hand Simulator,657200,멀티/경쟁,S2 2017-18,매우긍정,2017,3325.0,0,"There are many different levels where you can play with spinners, plunge into the subtleties of handling weapons, milk a cow, take part in a Mexican duel with your friends, have a ",HFM Games,36526,0,2.99,2.99
VA-11 Hall-A: Cyberpunk Bartender Action,447530,전략/시뮬,S1 ~2016,압도적긍정,2016,3717.0,0,"VA-11 HALL-A: Cyberpunk Bartender Action is a booze em' up about waifus, technology, and post-dystopia life.",Sukeban Games,36462,0,14.99,14.99
Town of Salem,334230,전략/시뮬,S1 ~2016,매우긍정,2014,4271.0,0,"Inspired by the party games Werewolf and Mafia, Town of Salem is a game of murder, mystery and deception.",BlankMediaGames,36409,0,4.99,4.99
EVE Online,8500,멀티/경쟁,S1 ~2016,대체로긍정,2010,5732.0,0,"Over 20 years of legendary space battles! Explore a massive living universe of danger and opportunity in a challenging and highly rewarding space adventure. Fight, trade, build, an",Fenris Creations,36388,1,0.0,0.0
Bully: Scholarship Edition,12200,싱글 서사,S1 ~2016,매우긍정,2010,5724.0,0,"Bully tells the story of mischievous 15-year-old Jimmy Hopkins as he goes through the hilarity and awkwardness of adolescence. Beat the jocks at dodge ball, play pranks on the prep",Rockstar New England,36334,0,14.99,14.99
Fistful of Frags,265630,멀티/경쟁,S1 ~2016,매우긍정,2014,4491.0,0,"Multiplayer based, first person enabled, action packed and skill demanding shooter set in the Wild West times. A unique combination of non stop action and slow but powerful weaponr",Fistful of Frags Team,36262,1,0.0,0.0
"Ranch Simulator: Build, Hunt, Farm",1119730,멀티/경쟁,S4 2023-25,매우긍정,2023,1026.0,0,Builder. Farmer. Hunter. Trader. Ranching certainly isn’t your average job. Think you have the skills to turn your family’s rundown homestead into the most prosperous ranch in the ,Toxic Dog,36019,0,24.99,3.74
SANABI,1562700,싱글 서사,S4 2023-25,압도적긍정,2023,1021.0,0,"SANABI is an exhilarating stylish dystopian action-platformer. Play as a legendary retired veteran and use your signature prosthetic arm to jump over cliffs and skyscrapers, zip th",WONDER POTION,35954,0,14.99,14.99
Rivals of Aether,383980,멀티/경쟁,S2 2017-18,압도적긍정,2017,3437.0,0,"RIVALS OF AETHER is an indie fighting game where warring civilizations summon the power of Fire, Water, Air, and Earth. Play with up to four players either locally or online.",Aether Studios,35826,0,29.99,29.99
Thief Simulator,704850,전략/시뮬,S2 2017-18,매우긍정,2018,2846.0,0,"Become the best thief. Gather intel, steal things and sell them to buy hi-tech equipment. Do everything that a real thief does.",Noble Muffins,35807,0,19.99,1.79
BONEWORKS,823500,전략/시뮬,S3 2019-22,매우긍정,2019,2450.0,0,"BONEWORKS is an Experimental Physics VR Adventure. Use found physics weapons, tools, and objects to fight across dangerous playscapes and mysterious architecture.",Stress Level Zero,35679,0,29.99,29.99
The Wolf Among Us,250320,싱글 서사,S1 ~2016,압도적긍정,2013,4701.0,0,"From the makers of the 2012 Game of the Year: The Walking Dead, comes a thriller based on the award-winning Fables comic books. As Bigby Wolf you will discover that a brutal, blood",Telltale,35678,0,14.99,14.99
Titan Quest Anniversary Edition,475150,멀티/경쟁,S1 ~2016,매우긍정,2016,3646.0,0,10주년을 맞이해 Titan Quest가 새롭게 장관을 이루며 빛을 낼 것입니다. 이번 10주년 에디션에는 Titan Quest와 Titan Quest Immortal Throne이 하나의 게임에 포함되었으며 대규모 점검을 통해 진정한 ARPG를 경험할 수 있을 겁니다.,"Iron Lore Entertainment, THQ Nordic",35521,0,19.99,19.99
Super Meat Boy,40800,액션/캐주얼,S1 ~2016,매우긍정,2010,5747.0,0,악명높은 무자비한 플랫포머 게임이 플레이 가능한 헤드크랩 캐릭터(스팀 특전)와 함께 스팀에 왔습니다!,Team Meat,35494,0,14.99,2.39
Total War: EMPIRE – Definitive Edition,10500,멀티/경쟁,S1 ~2016,매우긍정,2009,6383.0,0,"바다를 지휘하고, 땅을 통제하고, 새로운 국가를 만들고 세상도 정복하라.","CREATIVE ASSEMBLY, Feral Interactive (Mac), Feral Interactiv",35480,0,24.99,4.99
KovaaK's,824270,전략/시뮬,S2 2017-18,매우긍정,2018,3066.0,0,"Master your aim with KovaaK’s, the world’s best aim trainer. With over 200,000 scenarios, playlists and more! Embrace total customization, including a map editor and game physics. ",KovaaK Games,35305,0,9.99,9.99
Unpacking,1135690,전략/시뮬,S3 2019-22,매우긍정,2021,1758.0,0,"Unpacking은 상자에서 짐을 꺼내 새집에 맞게 배치하는 친숙한 체험에 대한 명상적 퍼즐 게임입니다. 게임의 일부인 블록 맞추기 게임과 집 꾸미기를 하는 동안, 푸는 짐에 닮긴 삶의 실마리를 찾아가며 만족할 만한 생활 공간을 만들어 보세요.",Witch Beam,35301,0,19.99,19.99
嗜血印 Bloody Spell,992300,싱글 서사,S3 2019-22,매우긍정,2022,1672.0,0,"This is a martial arts action role-playing game. The core of the game is battle-oriented, and it combines many fighting elements. If you are a player who pursues blood and is brave",艺龙游戏,35117,0,24.99,24.99
F1® 2021,1134570,멀티/경쟁,S3 2019-22,매우긍정,2021,1867.0,0,2021 FIA FORMULA ONE WORLD CHAMPIONSHIP™의 공식 비디오 게임 F1® 2021의 모든 이야기에는 시작이 있습니다. 스릴 넘치는 스토리를 체험할 수 있는 2인용 커리어 'Braking Point' 등 F1® 2021의 매력 넘치는 새 기능을 즐기며 'Real-Season Start'로 출발선에,Codemasters,35086,0,0.0,0.0
Total War: ATTILA,325610,멀티/경쟁,S1 ~2016,매우긍정,2015,4207.0,0,"기근, 질병, 전쟁이 만연한 어두운 시대. 동쪽의 광활한 초원에서 새로운 세력이 등장하고, 백만 기병을 등에 업은 궁극의 전사 왕이 로마로 향합니다…. 턴제 전술과 실시간 전략을 결합하여 여러 상을 수상한 PC 시리즈의 후속작, 토탈워: 아틸라가 서기 395년 암흑기의 서막을 알리는 종말론적 혼란 속으로 플레이어들을 초대","CREATIVE ASSEMBLY, Feral Interactive",35072,0,44.99,8.99
POLYGON,1241100,멀티/경쟁,S3 2019-22,대체로긍정,2020,2363.0,0,POLYGON - 첫 번째와 세 번째 사람에서 동적 멀티 플레이어 팀 사수. 최대 32 명의 플레이어와 다양한 무기를 사용하여 대규모 맵에서 전투해야합니다. 기존 무기고와 기술을 올바르게 관리하려면 팀을 승리로 이끄십시오!,Redaster Studio,35069,1,0.0,0.0
ShellShock Live,326460,멀티/경쟁,S3 2019-22,매우긍정,2020,2286.0,0,Demolish your friends with hundreds of upgradable weapons shot from your customizable tank in this action-packed online multiplayer tanks game. Earn XP to level up and unlock new t,kChamp Games,34893,0,9.99,9.99
Nioh: Complete Edition,485510,멀티/경쟁,S2 2017-18,대체로긍정,2017,3213.0,0,"도적이 들끓고 요괴가 우글대는 독특한 정취의 전국시대를 무대로, 실존인물 「미우라 안진」을 모티브로 한 사무라이 윌리엄이 사투를 전개해 나가는 다크 전국 액션 RPG입니다. 전국시대 말기의 역사적 사실을 베이스로, 탄탄한 스토리와, 「전국시대 죽음의 게임」이라고 불릴 만한 긴장감과 높은 성취감을 즐길 수 있는 타이틀입니다","KOEI TECMO GAMES CO., LTD.",34892,0,49.99,49.99
Call of Duty®: Modern Warfare® 2 (2009),10190,협동,S1 ~2016,매우긍정,2009,6131.0,0,"올해의 최고로 기대되는 게임이자, 사상 최고로 가장 많이 팔린 1인칭 액션게임의 속편인 Modern Warfare 2 는 플레이어에게 새로운 위협과 맞서거나, 붕괴 직전의 세상을 위해 헌신하는등의 박진감 넘치고 눈을 떼지 못할만한 액션을 이어가고있습니다. Call of Duty®: Modern Warfare 2 의 특징으",Infinity Ward,34872,0,19.99,19.99
Metaphor: ReFantazio,2679460,싱글 서사,S4 2023-25,매우긍정,2024,684.0,0,"『메타포: 리판타지오』는 국왕 암살 후 돌연 시작된 선거에 휘말려 새로운 왕의 후보자가 된 소년의 운명을 그린 판타지 RPG입니다. 세계를 방랑하며 하루하루를 자유롭게 보내고, 다양한 클래스와 파티를 활용하여 강적과 맞서 싸우세요. &quot;환상이기에 가능한 현실의 여행&quot;이 시작됩니다.",ATLUS,34840,0,69.99,27.99
Loop Hero,1282730,전략/시뮬,S3 2019-22,매우긍정,2021,2000.0,0,"사신이 무한 루프의 고리에 세상을 던져 만들어 목숨 있는 자들이 끝없는 혼돈 속으로 떨어지게 되었습니다. 적, 건물, 환경을 배치하는 신기한 카드 덱을 들고 용감한 영웅과 함께 루프 세계를 모험해보세요.",Four Quarters,34659,0,14.99,14.99
Journey,638230,협동,S3 2019-22,매우긍정,2020,2266.0,0,고대의 신비한 Journey의 세계를 탐험하고 유적을 탐험하고 사막을 탐사하며 그 비밀을 발견하세요.,thatgamecompany,34512,0,14.99,3.74
Library Of Ruina,1256670,전략/시뮬,S3 2019-22,매우긍정,2021,1841.0,0,"&quot;부디 당신의 책을 찾으실 수 있기를&quot;손님들과 사서와의 전투가 무대처럼 펼쳐집니다. 패배한 손님은 책이 되고, 도서관은 성장합니다. 책을 얻어가며 도시의 비밀을 파헤쳐가세요. 그리고 손에 넣으세요. 단 하나의 완벽한 책을.",ProjectMoon,34509,0,29.99,29.99
Blood and Bacon,434570,멀티/경쟁,S1 ~2016,압도적긍정,2016,3858.0,0,"This Co-op Shooter , has Day and Night levels, multiple maps, players will take on 25 enemy types and numerous bosses, like Gargantuan Monsters and Minibosses every 10 days as you ",Big Corporation,34429,0,0.99,0.99
KurtzPel,844870,멀티/경쟁,S3 2019-22,평가나쁨,2019,2674.0,0,"&quot;KurtzPel is an anime-styled, action battle game from a third-person perspective. Players can battle it out in both PvP and PvE mission-based battle modes with massive boss mo",KOG,34416,1,0.0,0.0
Plants vs. Zombies™ Garden Warfare 2: Deluxe Edition,1922560,멀티/경쟁,S3 2019-22,매우긍정,2022,1562.0,0,완두콩 슈터와 함께 우주에서 가장 정신없고 재미있는 Plants vs. Zombies Garden Warfare 2를 준비하세요.,PopCap,34295,0,29.99,29.99
LoveChoice,939400,전략/시뮬,S3 2019-22,매우긍정,2021,1744.0,0,사랑이란 무엇일까요? 사랑에 대한 저희 개발진들의 생각을 이 게임에 담았습니다. 부디 이 게임을 통해 가슴 설레고 따뜻한 경험을 느끼시길 바랍니다.,Akaba Studio,33890,0,1.99,1.99
Infestation: The New Z,555570,멀티/경쟁,S1 ~2016,평가나쁨,2016,3563.0,0,"뉴즈는 무료로 여러 게임 모드를 경험할수 있습니다. 서바이벌 모드로 친구와 함께 아이템을 파밍하고, 창고에 넣거나 거래를 하십시오. 거대한 오픈월드 모드에서 다른 그룹과의 전쟁에 나서십시오. 세 가지 다른 독립된 게임모드들이 단 하나의 게임에 있습니다.",Fredaikis AB,33815,1,0.0,0.0
Bodycam,2406770,멀티/경쟁,S4 2023-25,대체로긍정,2024,809.0,0,"Bodycam is the first tactical multiplayer FPS with a true body-camera view in Unreal Engine 5. Close-quarters combats feel raw and loud. Every angle, callout, and bullet matters. P",Reissad Studio,33804,0,33.32,33.32
Draw & Guess,1483870,멀티/경쟁,S3 2019-22,매우긍정,2021,1992.0,0,"최대 16명의 플레이어가 그림을 그리고 추측하는, 다양한 모드를 갖춘 온라인 파티 게임입니다. 최고(또는 최악)의 그리기 및 추측 실력을 보여주세요!",Acureus,33675,0,4.99,4.99
Slime Rancher 2,1657630,전략/시뮬,S4 2023-25,매우긍정,2025,336.0,0,"슬라임 바다 너머에 고대의 미스터리가 숨겨져 있고, 더욱 더 말랑말랑한 슬라임들이 넘쳐나는 무지개 섬을 탐험해보세요! 베아트릭스 르뷰의 탐험기는 Slime Rancher의 후속작에서 계속됩니다",Monomi Park,33619,0,29.99,29.99
Farming Simulator 25,2300320,협동,S4 2023-25,매우긍정,2024,651.0,0,Farming Simulator 25에서 혼자서 또는 멀티플레이어에서 협동하며 즐기는 보람찬 농장 생활에 여러분을 초대합니다. 이 농장은 여러분의 것입니다!,GIANTS Software,33575,0,29.99,29.99
Pathfinder: Kingmaker — Enhanced Plus Edition,640820,싱글 서사,S2 2017-18,대체로긍정,2018,2891.0,0,Pathfinder: Kingmaker - Enhanced Plus Edition is the first isometric party-based cRPG set in the Pathfinder fantasy universe. Enjoy a classic RPG experience inspired by games like ,Owlcat Games,33421,0,19.99,19.99
Total War: MEDIEVAL II – Definitive Edition,4700,전략/시뮬,S1 ~2016,압도적긍정,2006,7223.0,0,"Spanning the most turbulent era in Western history, your quest for territory and power takes you through Europe, Africa, the Middle East, and even onto the shores of the New World.","CREATIVE ASSEMBLY, Feral Interactive (Mac), Feral Interactiv",33344,0,24.99,4.99
Hi-Fi RUSH,1817230,액션/캐주얼,S4 2023-25,압도적긍정,2023,1308.0,0,"아케이드 챌린지! 업데이트!로 추가되는 두 개의 신규 게임 모드에서 여러분의 능력을 시험하고, 새로운 보상을 획득해 보세요. 몇 가지 비밀도 숨어 있답니다! 락 스타 지망생 차이가 되어 비트를 타고, 세상 모든 게 음악에 싱크되는 세계에서 오합지졸 팀과 함께 사악한 거대 기업에 맞서 싸우세요.",Tango Gameworks,33339,0,29.99,29.99
Two Point Hospital,535930,전략/시뮬,S2 2017-18,매우긍정,2018,2918.0,0,"Design stunning hospitals, cure peculiar illnesses and manage troublesome staff as you spread your budding healthcare organisation across Two Point County.",Two Point Studios,33274,0,29.99,7.49
Yakuza: Like a Dragon,1235140,싱글 서사,S3 2019-22,매우긍정,2020,2114.0,0,새로운 주인공 카스가 이치반이 「요코하마 이세자키 이진쵸」에서 동료들과 함께 악당들을 물리치는 뜨거운 드라마를 체험할 수 있습니다.,RGG Studio,33262,0,19.99,7.99
Empyrion - Galactic Survival,383120,멀티/경쟁,S3 2019-22,대체로긍정,2020,2211.0,0,"Build and explore in a true space sandbox survival adventure. Construct mighty capital vessels, sprawling planetary settlements, and vast space stations in your galactic journey to",Eleon Game Studios,33247,0,19.99,19.99
Company of Heroes 3,1677280,멀티/경쟁,S4 2023-25,평가나쁨,2023,1279.0,0,사상 최대의 야심작으로 돌아온 Company of Heroes 3에서는 눈부신 지중해 전구를 배경으로 한 가슴 뛰는 전투와 심도 있는 전략적 선택이 갖춰져 있습니다. Company of Heroes 3의 전투에는 모두 이야기가 깃들어 있습니다... 여러분의 이야기는 무엇입니까?&quot;,Relic Entertainment,33246,0,59.99,59.99
Clone Drone in the Danger Zone,597170,멀티/경쟁,S3 2019-22,압도적긍정,2021,1855.0,0,Clone Drone in the Danger Zone은 몸이 잘려 나가 사방에 나뒹구는 3인칭 칼싸움 게임입니다. 정신만 다운로드되어 로봇 검투사의 몸 속에서 부활한 당신은 아레나에서 펼쳐지는 비열한 시련 속에서 살아남아야 합니다.,Doborog Games,33067,0,19.99,6.99
Command & Conquer™ Remastered Collection,1213210,멀티/경쟁,S3 2019-22,매우긍정,2020,2272.0,0,"커맨드 앤 컨커와 레드 얼럿이 이전 Westwood Studios 팀 멤버들의 손으로 4K로 리마스터됩니다. 3가지 확장팩, 새롭게 개선된 멀티 플레이, 최신 UI, 맵 에디터, 보너스 영상 갤러리, 그리고 7시간 이상의 리마스터된 음악이 포함됩니다.","Petroglyph, Lemon Sky Studios",32960,0,19.99,19.99
The Sims™ 3,47890,전략/시뮬,S1 ~2016,매우긍정,2011,5689.0,0,The Sims 3: Create the perfect world with full customization at your fingertips. Refine personalities and help fulfill destinies.,"The Sims Studio, Maxis",32910,0,19.99,19.99
Far Cry® Primal,371660,싱글 서사,S1 ~2016,매우긍정,2016,3830.0,0,수상에 빛나는 Far Cry 시리즈가 거대한 야수와 숨 막히는 환경 그리고 예측할 수 없는 야만인으로 가득한 혁신적인 오픈 월드 게임 플레이로 돌아왔습니다. 위험과 모험으로 가득한 석기 시대에 오신 걸 환영합니다. 때는 거대한 맘모스와 세이버투스가 지구를 지배하고 인간은 먹이 사슬 아래서 투쟁하던 때입니다. 사냥꾼 그룹의,Ubisoft,32892,0,29.99,29.99
Bright Memory,955050,싱글 서사,S3 2019-22,매우긍정,2020,2344.0,0,"Bright Memory is a lightning-fast fusion of the FPS and action genres, created by one-man development studio FYQD using Unreal Engine. Combine a wide variety of skills and abilitie",FYQD-Studio,32728,0,7.99,7.99
Depth,274940,멀티/경쟁,S1 ~2016,매우긍정,2014,4313.0,0,"어두운 심해 세계에서 상어 혹은 다이버로 플레이해 계략, 팀워크, 은신으로 적을 물리치세요. AI를 상대로 팀을 이루거나, 다른 플레이어들과 심장이 두근거리는 대결을 펼치며 Depth의 긴장감 넘치고 강렬한 액션을 느껴보세요.",Ammobox Studios,32665,0,19.99,19.99
Tom Clancy's Ghost Recon® Breakpoint,2231380,협동,S4 2023-25,대체로긍정,2023,1310.0,0,"고스트 리콘 브레이크포인트는 광활한 오픈 월드를 배경으로 한 택티컬 3인칭 슈팅 게임입니다. 은신, 전략, 그리고 첨단 장비를 활용하여 솔로 또는 협동 플레이로 반란을 일으킨 특수 작전 부대에 맞서 생존하고, 적응하며, 싸워야 합니다.",Ubisoft Paris,32563,0,59.99,59.99
Borderlands Game of the Year,8980,협동,S4 2023-25,매우긍정,2023,1090.0,0,"Get ready for the mind blowing insanity! Play as one of four trigger-happy mercenaries and take out everything that stands in your way! With its addictive action, frantic first-per",Gearbox Software,32523,0,29.99,29.99
Far Cry® New Dawn,939960,협동,S3 2019-22,대체로긍정,2019,2748.0,0,"핵으로 인한 전 세계적인 대재앙이 발생한 지 17년, 급격하게 변한 종말 이후 몬태나 Hope County로 오십시오. 남겨진 마지막 자원을 노리는 노상강도에 대항해 싸우십시오.","Ubisoft Montreal, Ubisoft Kiev, Ubisoft Shanghai",32181,0,39.99,39.99
Age of Empires® III (2007),105450,전략/시뮬,S1 ~2016,매우긍정,2012,5346.0,0,Microsoft Studios brings you three epic Age of Empires III games in one monumental collection for the first time.,Ensemble Studios,32039,0,0.0,0.0
Legend of Mortal,1859910,전략/시뮬,S4 2023-25,대체로긍정,2024,802.0,0,"《활협전》은 당신의 선택으로 완성되는 이야기입니다. 혼란스러운 강호, 한때 천하를 호령했던 당문은 쇠락하였고, 이제 위기에 처해있습니다. 당문의 이름 없는 졸개인 당신은, 살아남기 위해 몸을 사리겠습니까, 아니면 문파의 존망을 위해 기꺼이 목숨을 던지겠습니까.",Obb Studio Inc.,32031,0,19.99,19.99
NBA 2K25,2878980,멀티/경쟁,S4 2023-25,평가나쁨,2024,666.0,0,"NBA 2K25 플레이 시 궁극의 컨트롤을 할 수 있게 하는 ProPLAY™ 로 진정성과 리얼리즘으로 모든 코트를 제패하세요. MyCAREER, MyTEAM, MyNBA 및 The W에서 나만의 레거시를 정의하세요.",Visual Concepts,31974,0,69.99,69.99
The Escapists 2,641990,멀티/경쟁,S2 2017-18,매우긍정,2017,3291.0,0,"Craft, Steal, Brawl and Escape! It’s time to bust out of the toughest prisons in the world as you return to the life of an inmate in The Escapists 2, now with multiplayer! Have you","Team17, Mouldy Toof Studios",31948,0,26.99,5.39
Emily is Away,417860,전략/시뮬,S1 ~2016,매우긍정,2015,3931.0,0,Emily is Away is an interactive story. Create a screenname and choose your path through the branching narrative.,Kyle Seeley,31896,1,0.0,0.0
Call of Duty®: Black Ops II,202990,협동,S1 ~2016,매우긍정,2012,5034.0,0,"기록 제조기 엔터테인먼트 프랜차이즈에 거는 팬들의 기대를 뛰어넘으며, Call of Duty®: Black Ops II는 기술과 무기가 융합하여 새로운 전쟁을 만들어낸 21세기의 근미래 냉전 속으로 플레이어를 이끕니다.",Treyarch,31890,0,39.99,39.99
Your Only Move Is HUSTLE,2212330,멀티/경쟁,S4 2023-25,압도적긍정,2023,1300.0,0,"Master your technique, execute flashy combos, and outsmart opponents across the world, frame-by-frame. Slow down the clock to fine-tune your fighting style in this innovative, turn",Ivy Sly,31876,0,4.99,4.99
The Talos Principle,257510,싱글 서사,S1 ~2016,압도적긍정,2014,4275.0,0,"탈로스 법칙은 철학적 SF 소설의 전통을 따른 1인칭 퍼즐 게임입니다. 시리어스 샘을 개발한 크로팀에서 만들었으며, 톰 주버트(FTL, 더 스와퍼)와 조나스 카이라츠(바다는 모든 것을 요구한다.)가 스토리를 작성했습니다.",Croteam,31861,0,29.99,29.99
Half-Life 2: Episode One,380,액션/캐주얼,S1 ~2016,압도적긍정,2006,7390.0,0,"하프 라이프 2는 전 세계적으로 4백만장 이상 판매되었으며, 올해의 게임으로 35회 이상 선정되었습니다. 에피소드 1은 하프 라이프 2 시리즈의 첫 번째이며 17번 지구에서 여행을 시작하게 됩니다. 하프 라이프 2가 없어도 플레이할 수 있습니다.",Valve,31822,0,19.99,19.99
Football Manager 2020,1100600,전략/시뮬,S3 2019-22,매우긍정,2019,2471.0,0,올 시즌 클럽에서 당신의 의견과 방식대로 일을 처리하세요. 새롭고 실감 나는 모습을 더해주는 게임 메카니즘과 새로운 기능을 선보이는 FM20에서는 모든 결정이 중요하기 때문에 감독은 자신의 운명은 물론 팀의 운명에 대해서도 더 큰 책임을 져야 합니다.,Sports Interactive,31742,0,0.0,0.0
STAR WARS™ Knights of the Old Republic™,32370,싱글 서사,S1 ~2016,매우긍정,2009,6198.0,0,It is four thousand years before the Galactic Empire and hundreds of Jedi Knights have fallen in battle against the ruthless Sith. You are the last hope of the Jedi Order. Can you ,"BioWare, Aspyr (Mac)",31738,0,9.99,9.99
Timberborn,1062090,전략/시뮬,S4 2023-25,압도적긍정,2026,166.0,0,"인간은 사라진 지 오래입니다. 가뭄과 유독성 오염수가 닥쳐오는 이 세상에서 목재펑크 비버들은 살아남을 수 있을까요? Timberborn은 지능적인 동물, 수직 건축, 물 물리 효과, 테라포밍이 특징인 샌드박스 도시 건설 게임입니다. 많은 양의 목재가 사용됩니다.",Mechanistry,31678,0,34.99,34.99
The Walking Dead: Season Two,261030,싱글 서사,S1 ~2016,압도적긍정,2013,4634.0,0,"The Walking Dead: Season Two continues the story of Clementine, a young girl orphaned by the undead apocalypse. Left to fend for herself, she has been forced to learn how to surviv",Telltale Games,31639,0,14.99,14.99
Zero Hour,1359090,멀티/경쟁,S4 2023-25,대체로긍정,2024,715.0,0,Zero Hour is a tactical FPS with online team-based game play that takes place in a variety of fictional locations interpreted in Bangladesh with Real-life scale &amp; resource mana,AttritoM7 Productions,31630,0,9.99,9.99
Miscreated,299740,멀티/경쟁,S2 2017-18,평가나쁨,2018,2807.0,0,"Miscreated is a multiplayer online hardcore survival game set in a post-apocalyptic future. You will need to survive against mutants, players, and even mother nature herself.",Entrada Interactive LLC,31608,0,29.99,29.99
HELLDIVERS™ Dive Harder Edition,394510,협동,S1 ~2016,매우긍정,2015,3914.0,0,"HELLDIVERS™는 하드코어한 협동 트윈 스틱 슈팅 게임입니다. HELLDIVERS라고 불리는 엘리트 부대의 일원으로, 플레이어는 극적인 은하 전쟁 속에서 슈퍼지구를 수호하고 인류의 적을 멸하기 위해 협력해야 합니다.",Arrowhead Game Studios,31519,0,19.99,19.99
Against the Storm,1336490,전략/시뮬,S4 2023-25,매우긍정,2023,991.0,0,"세상에 종말을 가져다줄 듯한 비가 내리는 환경에서 문명을 재건해야 하는 다크 판타지의 도시 건설 게임입니다. 여왕의 총독이 되어 인간, 비버, 도마뱀, 여우, 하피를 이끌고 황야를 개척하며 마지막 생존자들의 미래를 지켜내야 합니다.",Eremite Games,31412,0,29.99,8.99
God of War Ragnarök,2322010,싱글 서사,S4 2023-25,매우긍정,2024,705.0,0,"라그나로크가 도착하기 전에, 크레토스와 아트레우스는 답을 찾기 위한 신화 속 여정을 시작합니다. 이제 PC로 즐기세요,","Santa Monica Studio, Jetpack Interactive",31388,0,59.99,59.99
Magicka,42910,협동,S1 ~2016,매우긍정,2011,5691.0,0,4개 묶음을 구매할 수 있습니다!,Arrowhead Game Studios,31362,0,9.99,9.99
Crosshair X,1366800,싱글 서사,S3 2019-22,매우긍정,2020,2199.0,0,경쟁 FPS 플레이어를 위한 #1 크로스헤어 오버레이. 커스텀 레티클로 즉시 에임을 업그레이드 — 수천 개의 프로 &amp; 커뮤니티 디자인에서 선택하거나 직접 제작. 수백만 명이 신뢰.,CenterPoint Gaming,31352,0,9.99,9.99
Sven Co-op,225840,협동,S1 ~2016,매우긍정,2016,3868.0,0,Sven Co-op is a co-operative game originally based around Valve Software's Half-Life. In this game players must work together against computer controlled enemies and solve puzzles ,Sven Co-op team,31316,1,0.0,0.0
Unheard - Voices of Crime,942970,전략/시뮬,S3 2019-22,압도적긍정,2019,2707.0,0,What if you could hear every word spoken at the scene of a crime? “Acoustic Detectives” wanted for testing our new device! Return aurally to crime scenes and use the voices you hea,NEXT Studios,31309,0,6.99,6.99
Abiotic Factor,427410,협동,S4 2023-25,압도적긍정,2025,399.0,0,"이상 현상의 위협에 잠식된 연구 시설을 무대로 한 협동 생존-제작 게임(1-6인)입니다. 지구 최고의 과학자인 여러분은 하나로 뭉쳐 기발한 도구와 무기를 만들고, 당신이 아는 단 하나의 방법으로 살아남아야 합니다. 바로 과학으로 적들을 모두 죽이는 것입니다!",Deep Field Games,31274,0,34.99,34.99
Senren＊Banka,1144400,싱글 서사,S3 2019-22,압도적긍정,2020,2384.0,0,"Senren＊Banka is a Japanese-style visual novel produced by Yuzusoft, a Japanese developer of romance VNs. This game commemorated Yuzusoft's 10th anniversary. It won numerous awards ",YUZUSOFT,31226,0,34.99,34.99
Hurtworld,393420,협동,S3 2019-22,대체로긍정,2019,2450.0,0,"Hurtworld is a hardcore multiplayer survival FPS with a focus on competitive gunplay and strategic map control. Built for hardcore gamers, Hurtworld aims to punish.",Bankroll Studios,31158,0,24.99,24.99
The Walking Dead: The Telltale Definitive Series,1449690,싱글 서사,S3 2019-22,압도적긍정,2020,2126.0,0,"The Walking Dead: The Telltale Definitive Series contains all 4 Seasons, 400 Days, and The Walking Dead: Michonne, which includes over 50 hours of gameplay across 23 unique episode",Skybound Games,31041,0,49.99,49.99
Starship Troopers: Extermination,1268750,협동,S4 2023-25,매우긍정,2024,684.0,0,"Starship Troopers: Extermination is a 16-player co-op FPS that puts you on the far-off frontlines of an all-out battle against the Bugs! Squad up, grab your rifle, and do your part",Offworld,31022,0,29.99,29.99
Creativerse,280790,멀티/경쟁,S2 2017-18,대체로긍정,2017,3396.0,0,A sandbox adventure game as big as your imagination.,Playful Corp.,30975,0,24.99,24.99
Assassin's Creed Valhalla,2208920,싱글 서사,S3 2019-22,평가나쁨,2022,1358.0,0,"'어쌔신 크리드 발할라'는 여러분이 전투와 영광에 대한 이야기를 들으며 자란 바이킹 전사 에이보르가 되어볼 수 있는 액션 어드벤처 게임입니다. 잉글랜드의 암흑시대를 배경으로 한 역동적인 오픈 월드를 탐험해 보세요. 적들을 습격하고, 정착지를 개척하며 언젠가 발할라에서 신들과 함께 할 자리를 확보하십시오.",Ubisoft Montreal,30974,0,59.99,59.99
S.T.A.L.K.E.R.: Call of Pripyat,41700,멀티/경쟁,S1 ~2016,압도적긍정,2010,6039.0,0,"S.T.A.L.K.E.R.: 프리피야티의 부름은 S.T.A.L.K.E.R.: 초르노빌의 그림자의 후속작입니다. S.T.A.L.K.E.R.: 프리피야티의 부름에서는 알렉산드르 덱탸레프 소령이 되어, 존 주변의 정부군 헬리콥터 추락 사건을 조사하고 사건의 전모를 밝혀야 합니다.",GSC Game World,30957,0,19.99,19.99
BioShock™,7670,싱글 서사,S1 ~2016,매우긍정,2007,6944.0,0,"BioShock is a shooter unlike any you've ever played, loaded with weapons and tactics never seen. You'll have a complete arsenal at your disposal from simple revolvers to grenade la","2K Boston, 2K Australia",30931,0,19.99,4.99
Wandering Sword,1876890,전략/시뮬,S4 2023-25,매우긍정,2023,1076.0,0,Wandering Sword is a Chinese martial-arts RPG where you play a young swordsman caught up in a feud and nearly dies. Escaping the event puts you on the path of pursuing the highest ,The Swordman Studio,30920,0,24.99,24.99
Call of Duty®: Ghosts,209160,액션/캐주얼,S1 ~2016,평가나쁨,2014,4536.0,0,"Outnumbered and outgunned, but not outmatched.Call of Duty®: Ghosts is an extraordinary step forward for one of the largest entertainment franchises of all-time. This new chapter i",Infinity Ward,30913,0,39.99,39.99
Steep™,460920,멀티/경쟁,S1 ~2016,매우긍정,2016,3553.0,0,"언제나 깨끗한 눈으로 가득한 알프스의 거대한 설원을 질주하세요. 홀로 또는 친구와 함께 스키, 윙수트, 스노우보드, 패러글라이더로 산을 정복하세요. 최고의 묘기를 선보이고 공유하세요.","Ubisoft Annecy, Ubisoft Montpellier, Ubisoft Kiev",30884,0,29.99,29.99
Bless Unleashed,1254120,멀티/경쟁,S3 2019-22,평가나쁨,2021,1845.0,0,Bless Unleashed는 수많은 유저와 함께 즐기는 오픈월드 액션 온라인 게임입니다. 당신의 친구들과 함께 드넓은 필드와 위협적인 던전을 모험하고 타격감 넘치는 액션 전투를 경험해 보십시오. 세계를 위협하는 음모에 대항하고 신들의 가호를 통해 성장해 보세요. ,VALOFE,30870,1,0.0,0.0
"Warhammer 40,000: Rogue Trader",2186680,협동,S4 2023-25,매우긍정,2023,992.0,0,"Games Workshop과의 긴밀한 파트너십으로 제작된 Warhammer 40,000: Rogue Trader는 비평가들의 찬사를 얻은 Pathfinder: Wrath of the Righteous를 개발한 Owlcat Games가 선보이는 스토리 기반의 클래식 RPG입니다.",Owlcat Games,30805,0,49.99,49.99
Arma Reforger,1874880,멀티/경쟁,S4 2023-25,대체로긍정,2023,1013.0,0,"대규모 복합 전투에 참여하고, 실시간 미션을 만들고 진행하고, 끝없는 커뮤니티 모드로 나만의 경험을 만들어 가세요. 냉전 시대로 투입되어 가장 사실적이고 몰입도 높은 군사 샌드박스를 경험해 보세요.",Bohemia Interactive,30623,0,39.99,39.99
Transistor,237930,싱글 서사,S1 ~2016,매우긍정,2014,4480.0,0,"Bastion 제작진이 새로 선보이는 SF 액션 RPG, Transistor의 세계로 모험을 떠나세요.",Supergiant Games,30592,0,19.99,19.99
The Stanley Parable: Ultra Deluxe,1703340,싱글 서사,S3 2019-22,매우긍정,2022,1581.0,0,"The Stanley Parable: Ultra Deluxe is an expanded re-imagining of 2013's The Stanley Parable. You will play as Stanley, and you will not play as Stanley. You will make a choice, and",Crows Crows Crows,30555,0,24.99,24.99
Danganronpa: Trigger Happy Havoc,413410,싱글 서사,S1 ~2016,압도적긍정,2016,3841.0,0,"살인 사건을 조사하고 단서를 찾아 반 친구들과 이야기를 나누며 재판을 준비하세요. 여러분은 용의자들 사이를 오가며 아슬아슬한 이야기를 주고받게 됩니다. 그들의 진술을 분석하고 반박해 거짓을 밝혀내세요! 살아남는 방법은 오직 한 가지, 바로 행동입니다.","Spike Chunsoft Co., Ltd., Abstraction Games",30431,0,19.99,19.99
"Warhammer 40,000: Space Marine - Anniversary Edition",55150,액션/캐주얼,S1 ~2016,매우긍정,2011,5468.0,0,"In Warhammer 40,000 Space Marine you are Captain Titus, a Space Marine of the Ultramarines chapter and a seasoned veteran of countless battles.",Relic Entertainment,30416,0,39.99,39.99
The Evil Within,268050,액션/캐주얼,S1 ~2016,매우긍정,2014,4334.0,0,"Developed by Shinji Mikami -- creator of the seminal Resident Evil series -- and the talented team at Tango Gameworks, The Evil Within embodies the meaning of pure survival horror.",Tango Gameworks,30305,0,19.99,19.99
BlazBlue Entropy Effect,2273430,협동,S4 2023-25,압도적긍정,2024,923.0,0,"미려한 액션, 짜릿한 배틀 연출, 그리고 호쾌하게 작렬하는 다채로운 콤보! 본 작품은 여러 개성 넘치는 플레이어블 캐릭터에 다수의 능력을 조합해 성장시키는 로그라이트 게임입니다. 특징적인 액션 메커니즘과 로그가 융합되어, 매 플레이마다 새로운 액션을 선사합니다.",91Act,30290,0,19.99,19.99
Mafia II: Definitive Edition,1030830,싱글 서사,S3 2019-22,대체로긍정,2020,2289.0,0,"참전 용사 비토 스칼레타는 아버지의 빚을 갚기 위해 마피아가 됩니다. 비토는 자신의 능력을 증명하면서 패밀리에서 점점 높은 자리로 올라가고, 그에 따라 더 큰 보상과 결과를 맞이하게 됩니다.","Hangar 13, D3T",30264,0,29.99,5.99
Path Of Wuxia,1189630,싱글 서사,S3 2019-22,대체로긍정,2022,1380.0,0,"Path of Wuxia combines classic wuxia world and youthful school life with anime art style, features simulation gameplay well known by Heluo fans. Play as a young Xia who join the ac",香港商河洛互動娛樂股份有限公司,30216,0,34.99,34.99
Freddy Fazbear's Pizzeria Simulator,738060,전략/시뮬,S2 2017-18,매우긍정,2017,3186.0,0,Start your own Freddy Fazbear's Pizzeria with Freddy Fazbear Pizzeria Simulator!,Scott Cawthon,30209,1,0.0,0.0
City Car Driving,493490,전략/시뮬,S1 ~2016,매우긍정,2016,3582.0,0,"City Car Driving – realistic car driving simulator, which will help you master the basic skills of the car driving in various traffic conditions, with plunging into the environment","Forward Development, Ltd.",30176,0,24.99,24.99
The Coffin of Andy and Leyley,2378900,싱글 서사,S4 2023-25,압도적긍정,2023,1047.0,0,Walk-n-talk adventure with light puzzling. Brother and sister practice cannibalism after witnessing a botched satanic ritual.,Kit9 Studio,30157,0,11.99,11.99
Superliminal,1049410,멀티/경쟁,S3 2019-22,매우긍정,2020,2119.0,0,"보이는 것이 곧 현실이다. Superliminal은 1인칭 퍼즐게임으로, 플레이어는 착시적인 입체감과 원근감을 이용해 퍼즐을 맞추고 초현실적인 꿈의 세계를 탈출해야 합니다.",Pillow Castle,30151,0,19.99,19.99
Stoneshard,625960,전략/시뮬,S3 2019-22,대체로긍정,2020,2392.0,0,"Stoneshard is a hardcore turn-based RPG about the harsh life of a medieval mercenary: travel with your own caravan, descend into procedurally generated dungeons, learn new skills, ",Ink Stains Games,30062,0,24.99,24.99
We Were Here,582500,협동,S2 2017-18,매우긍정,2017,3490.0,0,얼어붙은 황무지에 있는 버려진 성에서 길을 잃고 파트너와 헤어진 당신에게 남은 것은 무전기와 맞은 편에서 들려오는 친숙한 목소리뿐입니다. 두 사람은 과연 이곳에서 시간 안에 빠져나갈 수 있을까요?,Total Mayhem Games,29997,1,0.0,0.0
DmC: Devil May Cry,220440,싱글 서사,S1 ~2016,매우긍정,2013,4961.0,0,단테의 기원을 재해석한 이야기를 다루는 DmC Devil May Cry™는 스타일리시한 액션을 유지합니다.,Ninja Theory,29984,0,29.99,7.49
Milk inside a bag of milk inside a bag of milk,1392820,싱글 서사,S3 2019-22,압도적긍정,2020,2190.0,0,"A short story about what sort of challenges everyday little things can be. Help the girl buy milk, be the first not to disappoint her.",Nikita Kryukov,29935,0,1.49,1.49
Mouthwashing,2475490,싱글 서사,S4 2023-25,압도적긍정,2024,698.0,0,툴파르의 선원 다섯 명이 영원한 석양에 휩싸인 채 외딴 우주를 표류하고 있습니다. 이들에게는 신의 눈길조차 닿지 않습니다.,Wrong Organ,29864,0,12.99,7.79
Car Mechanic Simulator 2021,1190000,전략/시뮬,S3 2019-22,압도적긍정,2021,1840.0,0,서비스 기업을 구축하세요. 세부 사항에 기본적인 중점을 둔 고도로 현실적인 시뮬레이션 게임을 직접 해보세요. 새로운 경매장을 방문하고 다양한 성능의 자동차들을 구매하세요. 새로운 작업 공간 과 장비에 투자하여 서비스 범위를 확장하세요.,Red Dot Games,29841,0,24.99,3.24
Kingdoms and Castles,569480,전략/시뮬,S2 2017-18,매우긍정,2017,3323.0,0,"Kingdoms and Castles는 작은 마을에서 무질서에 펼쳐진 도시, 인상적인 성으로 성장시키는 게임입니다.","Lion Shield, LLC",29715,0,19.99,19.99
UNCHARTED™: Legacy of Thieves Collection,1659420,싱글 서사,S3 2019-22,매우긍정,2022,1406.0,0,"UNCHARTED: 레거시 오브 시브즈 컬렉션은 PC 중심으로 기능을 향상한 리마스터 버전으로, 수상 경력에 빛나는 개발사 Naughty Dog의 가장 스릴 넘치는 어드벤처 게임 두 가지를 플레이할 수 있는 최고의 방법입니다.","Naughty Dog LLC, Iron Galaxy Studios",29689,0,49.99,49.99
Assassin's Creed® Syndicate,368500,싱글 서사,S1 ~2016,매우긍정,2015,3933.0,0,"1868년, 런던 산업 혁명이 정점에 달해 있는 부패로 얼룩진 도시에서 암흑가의 조직을 이끄세요. 액션과 음모, 잔혹한 전투로 생동감 넘치는 모험을 즐겨보세요.","Ubisoft Quebec, in collaboration with Ubisoft Annecy, Buchar",29679,0,29.99,29.99
Risk of Rain (2013),248820,협동,S1 ~2016,매우긍정,2013,4673.0,0,"Risk of Rain is an action platformer with roguelike elements. With permanent death as a primary feature, players will have to play their best to get as far as possible. Fight on a ",Hopoo Games,29626,0,9.99,1.99
Paint the Town Red,337320,협동,S3 2019-22,압도적긍정,2021,1853.0,0,"Paint the Town Red is a chaotic first person melee combat game set in different locations and time periods. The voxel-based enemies can be punched, bashed, kicked, stabbed and slic",South East Games,29576,0,19.99,19.99
Kerbal Space Program 2,954850,전략/시뮬,S4 2023-25,평가나쁨,2023,1278.0,0,"커벌 스페이스 프로그램 2는 호평을 받았던 우주 비행 시뮬레이션 게임, 커벌 스페이스 프로그램의 후속작입니다. 매력적인 부품, 놀라운 비주얼, 완전하게 개선된 UI와 맵뷰, 새로운 탐험요소로 가득찬 차세대 우주 모험을 시작해 보세요.",Intercept Games,29384,0,49.99,49.99
GWENT: The Witcher Card Game,1284410,멀티/경쟁,S3 2019-22,매우긍정,2020,2289.0,0,장엄한 온라인 PvP 카드 배틀에서 위쳐 세계의 강력한 영웅들을 지휘해 보세요!,CD PROJEKT RED,29364,1,0.0,0.0
Wartales,1527950,협동,S4 2023-25,매우긍정,2023,1231.0,0,"Wartales is an open world RPG in which you lead a group of mercenaries in their search for wealth across a massive medieval universe. Explore the world, recruit companions, collect",Shiro Games,29336,0,34.99,34.99
Bendy and the Ink Machine,622650,전략/시뮬,S2 2017-18,매우긍정,2017,3407.0,0,Bendy and the Ink Machine® is the first person puzzle action horror game that will forever ruin your childhood love of cartoons.,Joey Drew Studios,29290,0,19.99,5.99
South Park™: The Fractured But Whole™,488790,싱글 서사,S2 2017-18,매우긍정,2017,3235.0,0,South Park 제작자인 트레이 파커와 맷 스톤이 South Park: The Fractured but Whole을 선보입니다. 2014년 수상 경력에 빛나는 South Park: The Stick of Truth의 속편이죠.,Ubisoft San Francisco,29284,0,29.99,29.99
Grand Theft Auto: Vice City,12110,액션/캐주얼,S1 ~2016,매우긍정,2008,6808.0,0,"Welcome to Vice City. Welcome to the 1980s. From the decade of big hair, excess and pastel suits comes a story of one man's rise to the top of the criminal pile.",Rockstar Games,29276,0,0.0,0.0
DEATHLOOP,1252330,멀티/경쟁,S3 2019-22,대체로긍정,2021,1807.0,0,DEATHLOOP는 수상에 빛나는 Dishonored 시리즈를 제작한 Arkane Lyon의 차세대 FPS 게임입니다. DEATHLOOP에서 두 암살자는 블랙리프라는 섬에서 의문의 타임루프에 갇혀 영원히 같은 하루를 반복합니다.,Arkane Studios,29205,0,59.99,59.99
Bloons TD Battles,444640,전략/시뮬,S1 ~2016,매우긍정,2016,3779.0,0,"Go head to head with other players in a Bloon-popping battle for victory. From the creators of best-selling Bloons TD 6, this all new Battles game is specially designed for multipl",Ninja Kiwi,29096,1,0.0,0.0
Divinity: Original Sin - Enhanced Edition,373420,협동,S1 ~2016,매우긍정,2015,3955.0,0,"Gather your party and get ready for the kick-ass new version of GameSpot's PC Game of the Year 2014. With hours of new content, new game modes, full voiceovers, split-screen multip",Larian Studios,29066,0,39.99,39.99
Need for Speed™ Payback,1262580,멀티/경쟁,S3 2019-22,매우긍정,2020,2259.0,0,"Need for Speed™ Payback - Deluxe Edition을 구입하여 경쟁에서 유리한 고지를 선점하세요. 독점 커스터마이즈 아이템으로 돋보이는 비주얼을 자랑하세요. 인게임 할인 혜택, 명성 보너스, 배송물 5개를 받아 유리한 조건에서 모험을 시작할 수 있습니다.",Ghost Games,29054,0,29.99,29.99
Return of the Obra Dinn,653530,싱글 서사,S2 2017-18,압도적긍정,2018,2868.0,0,"항해 중 행방불명, 1803 ~ 상선 오브라 딘 호",Lucas Pope,29016,0,19.99,19.99
Golf It!,571740,멀티/경쟁,S4 2023-25,매우긍정,2023,1103.0,0,Golf It!(골프 잇!)은 역동적이고 재미있으면서 창의적인 멀티플레이 경험에 중점을 둔 멀티플레이 미니 골프 게임입니다. 가장 흥미로운 특징 중 하나인 멀티플레이 에디터로 커스템 맵을 만들어 친구와 함께 즐겨보세요!,Perfuse Entertainment,29009,0,8.99,8.99
The Room,288160,싱글 서사,S1 ~2016,압도적긍정,2014,4411.0,0,"A mysterious invitation leads to the attic of an abandoned house. In the room is a cast-iron safe laced with strange carvings and on top, a note from your distant companion. It pro",Fireproof Games,28997,0,4.99,4.99
Bayonetta,460790,싱글 서사,S2 2017-18,매우긍정,2017,3423.0,0,찬사를 받은 플래티넘게임즈의 액션 명작이 마침내 PC버전으로 이식되었습니다. 최고 수준의 스타일리쉬 액션을 60fps와 HD해상도에서 경험하십시오.,PlatinumGames,28953,0,19.99,5.99
A Story About My Uncle,278360,싱글 서사,S1 ~2016,매우긍정,2014,4472.0,0,"A Story About My Uncle is a first person platforming adventure game about a boy who searches for his lost uncle, and ends up in a world he couldn’t imagine existed. The movement is",Gone North Games,28916,0,14.99,14.99
The Evil Within 2,601430,싱글 서사,S2 2017-18,매우긍정,2017,3239.0,0,세바스찬 카스텔라노스 형사는 그의 딸 릴리를 포함해 모든 것을 잃었습니다. 그는 딸을 구하기 위해 악몽 같은 STEM으로 들어가야 합니다. 사방에 끔찍한 위험이 도사리고 있는 이곳에서 그는 생존을 위해 그의 기지에 의존해야 합니다. 과거를 만회하기 위한 유일한 길은 이 안에 있습니다.,Tango Gameworks,28906,0,39.99,39.99
Nine Sols,1809540,싱글 서사,S4 2023-25,압도적긍정,2024,819.0,0,는 도교적 요소가 가미된 타오 펑크(Tao-punk)와 상고 신화를 결합한 2D 액션 플랫포머 게임입니다. 핸드 드로잉 방식으로 표현된 독특한 타오 펑크 세계를 배경으로 패링 메커니즘이 돋보이는 스피디하고 호쾌한 전투가 펼쳐집니다.,RedCandleGames,28896,0,29.99,29.99
Resident Evil Revelations 2,287290,협동,S1 ~2016,대체로긍정,2015,4200.0,0,Biohazard Revelations 2가 깜짝 놀랄 만한 진실을 파헤치며 찬사를 받은 서바이벌 호러 시리즈를 이어갑니다.,"CAPCOM Co., Ltd.",28689,0,19.99,19.99
Dwarf Fortress,975370,전략/시뮬,S3 2019-22,매우긍정,2022,1358.0,0,"Build a fortress and try to help your dwarves survive against a deeply generated world. Keep your dwarves happy, grow their community and beware of digging too deeply. The deepest,",Bay 12 Games,28579,0,29.99,29.99
PICO PARK,1509960,협동,S3 2019-22,매우긍정,2021,1936.0,0,PICO PARK is a cooperative local/online multiplay action puzzle game for 2-8 players.,TECOPARK,28499,0,4.99,4.99
ORION: Prelude,104900,멀티/경쟁,S1 ~2016,대체로긍정,2013,4879.0,0,"Work together to survive the devastating Dinosaur horde in huge, endless environments.",DANKIE,28485,0,0.99,0.99
Outward Definitive Edition,794260,협동,S3 2019-22,대체로긍정,2022,1561.0,0,끊임없는 노력 없이 눈에 띄는 여정을 이룩하는 것은 불가능합니다. Outward 세계에서는 밤의 추위나 감염된 상처가 어둠 속에 숨어있는 포식자만큼 위험합니다. 혼자서 또는 협동 플레이로 아우라이의 광활한 세계를 탐험하세요. Definitive Edition에서는 이제까지 출시한 2종의 DLC와 게선점이 모두 포함되어 있,Nine Dots Studio,28455,0,39.99,39.99
Dragon Age: Origins - Ultimate Edition,47810,싱글 서사,S1 ~2016,매우긍정,2010,5782.0,0,"Explore a stunning world, make complex moral choices, and engage in bone-crushing combat against massive and terrifying creatures. The Ultimate Edition includes Dragon Age: Origins",BioWare,28412,0,29.99,29.99
Call of Duty®: Infinite Warfare,292730,멀티/경쟁,S1 ~2016,평가나쁨,2016,3582.0,0,"Infinite Warfare delivers three unique game modes: Campaign, Multiplayer, and Zombies.",Infinity Ward,28378,0,59.99,59.99
觅长生,1189490,전략/시뮬,S4 2023-25,매우긍정,2023,1321.0,0,《觅长生》是一款想要还原真实修仙世界的开放世界角色扮演游戏。 在这里，你可以体验到从零开始一步步积攒修为突破境界的逆天修仙之旅，也可以体验到那些充满修仙味的故事和剧情。当然也少不了寻求奇遇、探索秘境，更可以和游戏中的角色互动，与人为善或是杀人夺宝全都由你自己抉择。,Chalcedony Network,28339,0,14.99,12.74
Touhou Mystia's Izakaya,1584090,전략/시뮬,S3 2019-22,압도적긍정,2021,1789.0,0,"작은 요스즈메 요괴 미스티아 로렐라이의 꿈을 좇아환상향에서 가장 인기있는 음식점을 운영해 봅시다!매일매일 열심히 요리를 연구하고,돈을 모으고… 어느 날 갑자기 무시무시한 손님이 찾아와 꿈을 무너트리고빚더미에 오르기도 하는… 인간미 넘치는 환상향의 포장마차 경영 이야기입니다.","二色幽紫蝶, Re零同人社",28249,0,5.99,4.79
100% Orange Juice,282800,멀티/경쟁,S1 ~2016,매우긍정,2014,4484.0,0,"100% Orange Juice is a digital multiplayer board game populated by developer Orange Juice's all-star cast. Characters from Flying Red Barrel, QP Shooting, Suguri and Sora come toge","Orange_Juice, Fruitbat Factory",28236,0,6.99,6.99
Train Simulator Classic,24010,전략/시뮬,S1 ~2016,대체로긍정,2015,3995.0,0,"The ultimate railway hobby for more than 15 years! From historic steam locomotives to modern high-speed and heavy freight trains, and routes around the world, Train Simulator Class",Dovetail Games,28187,0,29.99,29.99
Enlisted,2051620,멀티/경쟁,S4 2023-25,대체로긍정,2024,770.0,0,"Enlisted 에서는 한 명의 병사가 아닌 한 분대를 지휘할 수 있습니다! 분대 기반 MMO 게임인 Enlisted 는 20세기에 벌어진 가장 치열했던 전투를 배경으로 하고 있으며 수 백명의 병사와 전차, 그리고 항공기가 펼치는 전투를 경험할 수 있습니다.",Darkflow Software,28163,1,0.0,0.0
Quantum Break,474960,액션/캐주얼,S1 ~2016,매우긍정,2016,3617.0,0,시네마틱 액션 게임으로 명성 높은 Remedy Entertainment가 시간 증폭 서스펜스 블록버스터 게임인 Quantum Break를 선보입니다. Quantum Break는 게임과 라이브 액션 쇼 프로로 이루어져 있으며 플레이어의 선택이 각 부분에 큰 영향을 미칩니다.,Remedy Entertainment,28140,0,39.99,39.99
Deus Ex: Human Revolution - Director's Cut,238010,싱글 서사,S1 ~2016,매우긍정,2013,4687.0,0,"You play Adam Jensen, an ex-SWAT specialist who's been handpicked to oversee the defensive needs of one of America's most experimental biotechnology firms. When a black ops team br",Eidos Montreal,28125,0,19.99,19.99
MX Bikes,655500,멀티/경쟁,S3 2019-22,매우긍정,2019,2514.0,0,"MX Bikes is a realistic motocross simulator, based on a scratch built physics engine that accurately simulates motorcycle dynamics and setup options.",PiBoSo,28116,0,34.99,34.99
Beyond: Two Souls,960990,협동,S3 2019-22,매우긍정,2020,2259.0,0,"A unique psychological action thriller delivered by A-list Hollywood performances by Elliot Page and Willem Dafoe, Beyond: Two Souls takes you on a thrilling journey across the glo",Quantic Dream,28027,0,19.99,19.99
Tricolour Lovestory,668630,싱글 서사,S2 2017-18,매우긍정,2017,3261.0,0,"Time flies and never comes back. But with an incredible 1-million-word script and 100+ original CGs, this game will take you back to when you were young, simple and pure. Go and ge",HL-Galgame,27856,0,1.99,0.69
Risk of Rain Returns,1337520,협동,S4 2023-25,매우긍정,2023,1021.0,0,"섬세한 디자인과 눈이 즐거운 리마스터링, 각종 새로운 플레이 방식으로 무장한 사상 최고의 Risk of Rain이 돌아왔습니다. 개성 넘치는 전리품 조합, 새로운 생존자로 보강된 게임성, 완전히 개편된 멀티플레이어, Risk of Rain 2에서 사랑받았던 콘텐츠 등 상징적인 로그라이크의 세계로 뛰어드세요!",Hopoo Games,27823,0,14.99,7.49
Beholder,475550,전략/시뮬,S1 ~2016,매우긍정,2016,3576.0,0,"You’re a state-installed landlord in a totalitarian country. Place listening devices, steal and sneak into your tenants’ apartments. Use what you uncovered to report anyone capable",Alawar Stargaze (Warm Lamp Games),27747,0,13.99,13.99
20 Minutes Till Dawn,1966900,전략/시뮬,S4 2023-25,매우긍정,2023,1174.0,0,20 Minutes Till Dawn is a survival roguelite where endless hordes of creatures lurk from the dark. Craft an array of overpowering builds and eradicate waves of Lovecraftian nightma,flanne,27719,0,4.99,4.99
Serious Sam 3: BFE,41070,멀티/경쟁,S1 ~2016,매우긍정,2011,5390.0,0,Serious Sam 3: BFE is a prequel to the original indie fast action FPS and Game of the Year sensation - Serious Sam: The First Encounter!,Croteam,27715,0,29.99,29.99
Wo Long: Fallen Dynasty,1448440,멀티/경쟁,S4 2023-25,평가나쁨,2023,1271.0,0,「인왕」을 제작한 Team NINJA가 제공하는 다크 심국지 소울라이크 게임,"KOEI TECMO GAMES CO., LTD.",27688,0,39.99,39.99
Transformice,335240,멀티/경쟁,S1 ~2016,매우긍정,2015,4225.0,0,"Transformice is an MMO platformer about dozens of mice running to bring back the cheese! Will the almighty Shaman help you or just ruin everything? Millions of levels, hectic physi",Atelier 801,27661,1,0.0,0.0
Dead Space (2008),17470,싱글 서사,S1 ~2016,매우긍정,2009,6437.0,0,"You are Isaac Clarke, an engineer on the spacecraft USG Ishimura. You're not a warrior. You're not a soldier. You are, however, the last line of defense for the remaining living cr",EA Redwood Shores,27660,0,19.99,19.99
Transport Fever 2,1066780,전략/시뮬,S3 2019-22,매우긍정,2019,2449.0,0,"고전 운송 시뮬레이션 장르의 새로운 기준을 마련한 Transport Fever 2가 찾아왔습니다. 육상, 해상, 공중 운송 루트를 운행하며 새롭게 등장하는 세계를 발견해 나가세요. 발전과 번영이 나아갈 길을 찾기를!",Urban Games,27627,0,39.99,39.99
Dorfromantik,1455840,전략/시뮬,S3 2019-22,압도적긍정,2022,1580.0,0,"Dorfromantik은 타일을 배치하여 아름답고 계속 성장하는 마을 풍경을 만들어 나가는 평화로운 건설 전략 및 퍼즐 게임입니다. 다양하고 다채로운 생물군계들을 탐험하고, 새로운 타일을 발견 및 잠금 해제하고, 퀘스트를 완료하여 여러분의 세계에 생명을 불어넣으세요!",Toukana Interactive,27597,0,13.99,13.99
Doki Doki Literature Club Plus!,1388880,액션/캐주얼,S3 2019-22,압도적긍정,2021,1882.0,0,"문예부에 오신 걸 환영합니다! 짝사랑 상대를 향한 시를 쓰고, 교내 로맨스의 끔찍한 공포를 경험해 보세요. 평단의 극찬을 받은 심리 호러 스토리가 기다립니다.",Team Salvato,27539,0,14.99,14.99
My Friend Pedro,557340,액션/캐주얼,S3 2019-22,압도적긍정,2019,2623.0,0,"My Friend Pedro is a violent ballet about friendship, imagination, and one man’s struggle to obliterate anyone in his path at the behest of a sentient banana.",DeadToast Entertainment,27527,0,19.99,19.99
Universe Sandbox,230290,전략/시뮬,S1 ~2016,압도적긍정,2015,4019.0,0,Create &amp; destroy on an unimaginable scale with a realistic physics-based space simulator. Explore the beauty of our universe and the fragility of our planet. Use science to ben,Giant Army,27448,0,29.99,20.09
HuniePop,339800,전략/시뮬,S1 ~2016,압도적긍정,2015,4236.0,0,"HuniePop is a unique sim experience for PC, Mac and Linux. It's a gameplay first approach that's part dating sim, part puzzle game, with light RPG elements, a visual novel style of",HuniePot,27392,0,9.99,9.99
CARRION,953490,싱글 서사,S3 2019-22,매우긍정,2020,2224.0,0,"CARRION is a reverse horror game in which you assume the role of an amorphous creature of unknown origins, stalking and consuming those that imprisoned you.",Phobia Game Studio,27310,0,19.99,3.99
Shadow Warrior 2,324800,협동,S1 ~2016,매우긍정,2016,3603.0,0,"Shadow Warrior 2 is the stunning evolution of Flying Wild Hog’s offbeat first-person shooter starring the brash warrior Lo Wang, who must again wield a devastating combination of g",Flying Wild Hog,27230,0,29.99,29.99
Crush Crush,459820,액션/캐주얼,S1 ~2016,매우긍정,2016,3598.0,0,"Welcome to Crush Crush - the Idle Dating Sim! Meet, flirt, and fall in love with a motley cast of girls in this heartfelt and hilarious game.",Sad Panda Studios,27195,1,0.0,0.0
Far Cry® 6,2369390,협동,S4 2023-25,대체로긍정,2023,1202.0,0,"1인칭 오픈 월드 게릴라 슈팅 게임에서 혁명을 이끄세요. 즉석 제조한 무기로 싸우고, 모든 수단을 동원해 이동하며, 반군 네트워크를 구축해 카스티요의 독재 정권을 무너뜨리세요.","Ubisoft Toronto, Ubisoft Montreal, Ubisoft Kyiv, Ubisoft Sha",27148,0,59.99,59.99
STAR WARS™: Squadrons,1222730,멀티/경쟁,S3 2019-22,평가나쁨,2020,2154.0,0,스타워즈: 스쿼드론을 예약 구매 하시고 신 공화국 신병과 제국 에이스 장식 아이템을 받으세요! 당신의 편대원들과 아드레날린 넘치는 1인칭 멀티 플레이어 우주전을 느껴 보세요. 스릴 넘치는 스타워즈 캠페인이 시작됩니다.,MOTIVE,27054,0,39.99,39.99
Wobbly Life,1211020,액션/캐주얼,S4 2023-25,압도적긍정,2025,341.0,0,"Wobbly Life ist eine lebendige offene Welt in einer Physik-Sandbox. Spiele mit Freunden online oder im lokalen Koop und erlebt aufregende Jobs, Minispiele und irre Story-Missionen.",RubberBandGames,26940,0,24.99,24.99
NEKOPARA Vol. 1,333600,액션/캐주얼,S1 ~2016,압도적긍정,2014,4257.0,0,"What's NEKOPARA? Why, it's a cat paradise! Kashou Minaduki, the son of a long line of Japanese confection makers moved out to open his own shop &quot;La Soleil&quot; as a patisseri",NEKO WORKs,26924,0,9.99,9.99
Resident Evil,304240,싱글 서사,S1 ~2016,매우긍정,2015,4236.0,0,서바이벌 호러 장르를 정의한 게임이 돌아왔습니다! 리마스터된 HD 버전의 Biohazard를 확인해보세요.,"CAPCOM Co., Ltd.",26767,0,19.99,19.99
Krunker,1408720,멀티/경쟁,S3 2019-22,대체로긍정,2021,2031.0,0,"An easy to get into fully moddable First Person Shooter with advanced movement mechanics. Fully Customizable with Mods, Custom Maps and Thousands of Items to Unlock.",FRVR,26746,0,0.0,0.0
Awesomenauts,204300,멀티/경쟁,S1 ~2016,매우긍정,2012,5137.0,0,"Use your power, show your might! Play this Multiplayer Online Battle Arena (MOBA) game! AWESOMENAUTS combines 2D platforming with team-based strategy and hero based action. Whether",Ronimo Games,26731,0,19.99,8.99
Layers of Fear (2016),391720,싱글 서사,S1 ~2016,매우긍정,2016,3844.0,0,A first-person psychological horror with a strong emphasis on atmosphere and storytelling. Explore an ever-shifting Victorian mansion as a painter seeking to complete his masterpie,Bloober Team SA,26616,0,19.99,19.99
Surviving Mars,464920,전략/시뮬,S2 2017-18,매우긍정,2018,3085.0,0,There will be challenges to overcome. Execute your strategy and improve your colony’s chances of survival while unlocking the mysteries of this alien world. Are you ready? Mars is ,"Haemimont Games, Abstraction",26570,0,29.99,29.99
The Elder Scrolls III: Morrowind® Game of the Year Edition,22320,싱글 서사,S1 ~2016,압도적긍정,2009,6279.0,0,The Elder Scrolls III: Morrowind® Game of the Year Edition includes Morrowind plus all of the content from the Bloodmoon and Tribunal expansions. The original Mod Construction Set ,Bethesda Game Studios,26384,0,14.99,14.99
My Time at Sandrock,1084600,협동,S4 2023-25,매우긍정,2023,1027.0,0,"사막 도시 샌드록으로 떠나 초보 공방주의 역할을 수행하세요. 여러분의 든든한 도구를 사용해 자원을 모으고, 기계를 만들고, 무너져가는 공방을 효율적인 생산 시설로 만들어, 마을을 경제 위기의 문턱으로부터 구하세요!",Pathea Games,26283,0,39.99,39.99
eFootball  PES 2020,996470,멀티/경쟁,S3 2019-22,대체로긍정,2019,2541.0,0,리얼함과 전략을 추구하여 진화를 거듭하는 시리즈 최신작 'eFootball PES 2020'.,Konami Digital Entertainment,26230,0,0.0,0.0
LEGO® Marvel™ Super Heroes,249130,싱글 서사,S1 ~2016,압도적긍정,2013,4666.0,0,"LEGO® Marvel™ Super Heroes는 마블 유니버스 전체를 배경으로 한 독창적인 이야기를 담고 있습니다. 플레이어는 아이언맨, 스파이더맨, 헐크, 캡틴 아메리카, 울버린, 그리고 다른 많은 마블 캐릭터들을 조종해서, 세상을 파괴할 수 있는 강력한 무기를 만드려는 로키와 다른 마블 빌런들을 막아야 합니다. 플레",Traveller's Tales,26177,0,19.99,19.99
Shadow Warrior,233130,싱글 서사,S1 ~2016,매우긍정,2013,4716.0,0,Shadow Warrior is a bold reimagining of the classic 3D Realms’ shooter from independent developer Flying Wild Hog (Hard Reset) starring the legendary and quick-witted warrior Lo Wa,Flying Wild Hog,26151,0,29.99,29.99
Sonic Mania,584400,멀티/경쟁,S2 2017-18,매우긍정,2017,3283.0,0,"Experience the ultimate celebration of past and future in Sonic Mania, an all-new 2D Sonic adventure running at a crisp 60FPS with stunning HD retro-style graphics.","Christian Whitehead, Headcannon, PagodaWest Games",26131,0,19.99,4.99
ABZU,384190,전략/시뮬,S1 ~2016,매우긍정,2016,3675.0,0,"From the art director of Journey®, ABZÛ is a beautiful underwater adventure that evokes the dream of diving. Immerse yourself in a vibrant hidden world bursting with color and life",Giant Squid,26113,0,19.99,4.99
World War Z,699130,멀티/경쟁,S3 2019-22,매우긍정,2021,1799.0,0,"World War Z is a heart-pounding coop third-person shooter for up to 4 players featuring massive swarms of hundreds of zombies, focused on fast-paced, gruesomely spectacular action.",Saber Interactive Inc,26058,0,39.99,14.79
The Outer Worlds,578650,싱글 서사,S3 2019-22,매우긍정,2020,2132.0,0,The Outer Worlds는 Obsidian Entertainment와 Private Division의 수상에 빛나는 싱글 플레이 1인칭 SF RPG입니다. 우주 콜로니를 탐험하며 내가 만들고자 하는 캐릭터가 이 플레이어 주도 스토리를 어떻게 풀어갈지는 당신에게 달렸습니다. 당신은 콜로니의 기업 방정식에서 계획에 없던,Obsidian Entertainment,26052,0,29.99,29.99
Valiant Hearts: The Great War™ / Soldats Inconnus : Mémoires de la Grande Guerre™,260230,싱글 서사,S1 ~2016,압도적긍정,2014,4444.0,0,"Valiant Hearts : The Great war는 전쟁으로 신음하는 세상에서 4명의 교차하는 운명과 깨진 사랑에 대한 이야기입니다. 탐험, 액션, 퍼즐이 혼합된 2D 애니메이션 만화의 세계로 빠져보세요. 전쟁의 참화 속에서 서로 모르지만 교차하는 운명의 4인이 되어 플레이해 전쟁을 체험하고 젊은 독일군 병사가 사랑",Ubisoft Montpellier,26043,0,14.99,14.99
Dead Space™ 2,47780,싱글 서사,S1 ~2016,매우긍정,2011,5689.0,0,끔찍했던 악몽이 돌아오다.,Visceral Games,25946,0,19.99,19.99
Blackwake,420290,멀티/경쟁,S3 2019-22,매우긍정,2020,2379.0,0,"Blackwake is a multiplayer naval FPS focused on teamwork and cooperation. Fire the cannons, sink enemy ships or board them with firearms and steel.",Mastfire Studios Pty Ltd,25906,1,0.0,0.0
Stay Out,1180380,멀티/경쟁,S3 2019-22,평가나쁨,2019,2463.0,0,"Stay Out - is a MMORPG with shooter elements, based on spirit of “stalking” - an urban exploration, searching and exploring mysterious, abandoned and forgotten by humanity pieces o",MOBITECH LLC,25900,1,0.0,0.0
Call of Duty®: Ghosts,209170,액션/캐주얼,S1 ~2016,평가나쁨,2014,4536.0,0,"Outnumbered and outgunned, but not outmatched.Call of Duty®: Ghosts is an extraordinary step forward for one of the largest entertainment franchises of all-time. This new chapter i",Infinity Ward,25876,0,39.99,39.99
Half-Life: Opposing Force,50,액션/캐주얼,S1 ~2016,압도적긍정,1999,9794.0,0,완전히 새로운 경험의 싱글플레이어 액션을 체험해보세요. 사납고 맹렬한 외계인 적군을 상대하고 새롭게 선보이는 무기를 사용해보세요. Academy of Interactive Arts and Sciences가 선정한 '올해의 게임'이라는 영예를 안았습니다. 순발력을 조준 실력을 가늠할 수 있는 미래적인 액션 게임인 Ricoc,Gearbox Software,25561,0,4.99,4.99
BLOCKADE 3D,302830,멀티/경쟁,S1 ~2016,평가나쁨,2014,4267.0,0,"BLOCKADE 3D! First Person Shooter in an editable procedural cubic world. A large arsenal of weapons, 4 teams at the same time and up to 32 players on one map. A large number of gam",Novalink,25558,1,0.0,0.0
NieR Replicant™ ver.1.22474487139...,1113560,싱글 서사,S3 2019-22,매우긍정,2021,1950.0,0,"『NieR Replicant ver.1.22474487139...』는 2010년 4월에 발매된 'NieR Replicant'를 기본으로 하여 버전업한 작품이며, 2017년 2월 발매된 'NieR:Automata'의 세계가 만들어지게 된 계기가 되는 이야기입니다.","Square Enix, Toylogic Inc.",25542,0,59.99,59.99
Dead Island Definitive Edition,383150,협동,S1 ~2016,매우긍정,2016,3738.0,0,"Welcome to the zombie apocalypse experience of a lifetime – and now more beautiful than ever. Caught in the midst of an epic zombie outbreak on the tropical island of Banoi, your o",Techland,25527,0,19.99,19.99
Sonic Adventure 2,213610,액션/캐주얼,S1 ~2016,매우긍정,2012,5027.0,0,Experience two unique adventures featuring both long-time heroes and new and returning villains as they battle for the fate of the world!,SEGA,25472,0,9.99,4.99
RuneScape ®,1343400,멀티/경쟁,S3 2019-22,매우긍정,2020,2141.0,0,"RuneScape is a high fantasy open world MMORPG. Explore an ever changing and evolving living world where new challenges, skills, and quests await. Featuring unprecedented player fre",Jagex Ltd,25338,1,0.0,0.0
Sonic Generations Collection,71340,액션/캐주얼,S1 ~2016,매우긍정,2011,5409.0,0,Celebrate 20 years of Sonic in an all new adventure that delivers a definitive experience to Sonic fans new and old!,Devil's Details,25232,0,51.79,51.79
Hydroneer,1106840,협동,S3 2019-22,매우긍정,2020,2300.0,0,"Hydroneer is a mining and base building sandbox. Dig for gold and other resources to turn a profit and enhance your mining operation. Build a base of operations, forge weapons, go ",Foulball Hangover,25123,0,14.99,14.99
Holdfast: Nations At War,589290,멀티/경쟁,S3 2019-22,매우긍정,2020,2364.0,0,나폴레옹 시대와 제1차 세계대전 시대를 배경으로 하는 멀티플레이어 1인칭/3인칭 슈팅 게임인 Holdfast: Nations At War에서 여러 전선에서 싸우세요. 서버당 150명이 넘는 플레이어와 함께 전장으로 뛰어드세요!,Anvil Game Studios,25115,0,19.99,19.99
Anno 1800,916440,멀티/경쟁,S3 2019-22,매우긍정,2019,2688.0,0,"Anno 1800™ – 산업 혁명을 주도하라! 바야흐로 산업화가 태동하는 시대입니다. 당신이 어떤 길을 선택하는가에 따라 세계는 달라집니다. 혁신에 매진할 것인가, 아니면 노동자를 착취할 것인가? 정복을 추구할 것인가, 아니면 자유를 중시할 것인가? 격변하는 시기에 어떻게 세상에 이름을 떨치고 싶은지 스스로 결정하십시오",Ubisoft Mainz,25091,0,59.99,59.99
Call of Duty® 4: Modern Warfare® (2007),7940,액션/캐주얼,S1 ~2016,매우긍정,2007,6852.0,0,"The new action-thriller from the award-winning team at Infinity Ward, the creators of the Call of Duty® series, delivers the most intense and cinematic action experience ever. Call",Infinity Ward,25070,0,19.99,19.99
Call of Duty®: Advanced Warfare - Gold Edition,209650,액션/캐주얼,S1 ~2016,평가나쁨,2014,4313.0,0,"Call of Duty®: Advanced Warfare envisions a powerful future, where both technology and tactics have evolved to usher in a new era of combat for the franchise.Power Changes Everythi","Sledgehammer Games, Raven Software",25057,0,39.99,39.99
Gas Station Simulator,1149620,전략/시뮬,S3 2019-22,매우긍정,2021,1805.0,0,"Buy an abandoned gas station and restore it to its full glory. Renovate, upgrade and expand upon the offered services to keep up with your clients demands.",DRAGO entertainment,25043,0,19.99,19.99
Call of Duty®: Modern Warfare® 3 (2011),42680,협동,S1 ~2016,매우긍정,2011,5404.0,0,공전의 베스트셀링 1인칭 액션 시리즈가 다수의 올해의 게임 상을 수상한 Call of Duty®: Modern Warfare® 2의 거대한 후속작으로 돌아옵니다.,"Infinity Ward, Sledgehammer Games",25006,0,39.99,39.99
DOOM + DOOM II,2280,멀티/경쟁,S1 ~2016,압도적긍정,2007,6962.0,0,id Software가 1993년과 1994년에 처음 선보인 DOOM + DOOM 2의 새롭게 업그레이드된 최종 버전으로 두 게임을 한꺼번에 즐겨 보세요.,"id Software, Nightdive Studios",24984,0,9.99,9.99
Lossless Scaling,993090,액션/캐주얼,S2 2017-18,매우긍정,2018,2797.0,0,All-in-one gaming utility for frame generation and scaling,THS,24888,0,6.99,6.99
The Last of Us™ Part II Remastered,2531310,싱글 서사,S4 2023-25,매우긍정,2025,509.0,0,"300개가 넘는 GOTY 수상작의 리마스터 버전을 PC에서 경험해 보세요. 그래픽 개선은 물론, 로그라이크 서바이벌 모드 노 리턴과 같은 새로운 게임플레이 모드와 같은 다양한 기능을 포함합니다.","Naughty Dog LLC, Nixxes Software, Iron Galaxy Studios",24774,0,49.99,49.99
Super Hexagon,221640,액션/캐주얼,S1 ~2016,압도적긍정,2012,5019.0,0,"Super Hexagon is a minimal action game by Terry Cavanagh, with music by Chipzel.",Terry Cavanagh,24676,0,2.99,2.99
Squad 44,736220,멀티/경쟁,S2 2017-18,대체로긍정,2018,2938.0,0,"Team up and join the frontline in Squad 44, the most authentic tactical WW2 shooter. Experience ruthless realism with an immense arsenal of faithfully recreated weapons and vehicle",Offworld,24664,0,19.99,19.99
Pillars of Eternity,291650,싱글 서사,S1 ~2016,매우긍정,2015,4170.0,0,"Prepare to be enchanted by a world where the choices you make and the paths you choose shape your destiny. Obsidian Entertainment, the developer of Fallout: New Vegas™ and South Pa",Obsidian Entertainment,24650,0,29.99,29.99
Dinkum,1062520,협동,S4 2023-25,매우긍정,2025,490.0,0,"딩컴은 거친 호주 아웃백을 닮은 섬에서 펼쳐지는 시뮬레이션 게임입니다. 농업, 사냥, 채광, 낚시, 채집을 통해 자원을 모아 마을을 확장하고, 친구들과 어울리며 딩컴의 특별한 매력을 경험해보세요.",James Bendon,24584,0,19.99,19.99
Borderlands Game of the Year Enhanced,729040,협동,S4 2023-25,매우긍정,2023,1090.0,0,"Discover the original co-op shooter-looter, crammed with new enhancements! As one of 4 trigger-happy mercenaries with RPG progression, equip bazillions of guns to take on the deser","Gearbox Software, Blind Squirrel Games",24483,0,29.99,29.99
Sonic Frontiers,1237320,싱글 서사,S3 2019-22,매우긍정,2022,1387.0,0,Sonic Frontiers is a groundbreaking open-zone action-adventure game set on the ancient Starfall Islands. Join Sonic as he battles hordes of powerful enemies with an all-new combat ,Sonic Team,24480,0,39.99,13.99
Battle Brothers,365360,전략/시뮬,S2 2017-18,매우긍정,2017,3441.0,0,"중세 판타지 세계를 배경으로 펼쳐지는 이 전술 RPG에서 용병단을 이끌어 보세요. 절차적으로 생성된 오픈 월드 캠페인 속에서 어디로 갈지, 어떤 전사를 영입할지, 어떤 계약을 추구할지, 그리고 부하들을 어떤 방식으로 훈련시키고 어떤 장비를 갖추어야 할지 선택하며 명예와 부를 쟁취하세요.",Overhype Studios,24329,0,29.99,8.99
STAR WARS™ Knights of the Old Republic™ II - The Sith Lords™,208580,싱글 서사,S1 ~2016,매우긍정,2012,5115.0,0,"5 years after the events of the award winning original, the Sith are on the verge of crushing the Old Republic. As a lone Jedi, will you follow the light side or succumb to the dar","Obsidian Entertainment, Aspyr (Mac, Linux, & Windows Update)",24310,0,9.99,9.99
Pro Soccer Online,1583320,멀티/경쟁,S4 2023-25,매우긍정,2025,263.0,0,"Pro Soccer Online is a 1st/3rd person, highly skill based, online multiplayer soccer game. It offers a sports game experience unlike any other with smooth, physics based, input dri",Skywall Studios LLC,24180,0,4.99,4.99
Alice: Madness Returns,19680,싱글 서사,S1 ~2016,매우긍정,2011,5548.0,0,"Alice: Madness Returns is a third-person, single-player, action adventure platformer. Visit the grim reality of Victorian London and travel to the beautiful yet ghastly Wonderland ",Spicy Horse Games,24087,0,9.99,9.99
Last Oasis,903950,멀티/경쟁,S3 2019-22,평가나쁨,2020,2343.0,0,"죽음의 그림자가 드리워지고 있는 이 세계에서 움직임을 멈추지 마세요! 이 유목 서바이벌 MMO에서는 걸어 다니는 이동식 기지를 만들어 미지의 땅을 여행할 수 있습니다. 클랜에 합류해 영역 점령전에 참가해 보세요. 자원이 빠르게 소모되는 이 세계에서 살아남으려면 칼을 들어 수집하고, 약탈하거나, 거래를 해야 합니다.",Donkey Crew,24085,0,29.99,9.89
Drug Dealer Simulator,682990,전략/시뮬,S3 2019-22,대체로긍정,2020,2322.0,0,"Have you ever considered creating your own crime empire, without the legal and moral consequences? SIMULATE IT! Crawl into the dark alleys of the street business in this OG drug-de",Byterunners,24058,0,19.99,19.99
Slay the Princess — The Pristine Cut,1989270,전략/시뮬,S4 2023-25,압도적긍정,2023,1037.0,0,당신은 공주를 처치해야 합니다. 공주의 거짓말에 속지 마세요.,Black Tabby Games,23963,0,17.99,17.99
Football Manager 2021,1263850,전략/시뮬,S3 2019-22,매우긍정,2020,2100.0,0,"새롭게 추가되는 기능과 게임 업그레이드로 깊이와 드라마, 축구의 진정성을 전합니다. FM21에서 그 어느 때보다도 강력한 권한으로 감독 기량을 발전시키고 클럽을 성공으로 이끄세요.",Sports Interactive,23900,0,0.0,0.0
Rocksmith® 2014 Edition REMASTERED LEARN & PLAY,221680,전략/시뮬,S4 2023-25,매우긍정,2024,614.0,0,"기타나 베이스를 연주하고 Rocksmith 2014 Remastered Learn &amp; Play로 음악 여행을 시작하세요! 초보자와 전문가 모두에게 완벽하며, 60곡과 맞춤형 도구로 나만의 속도로 배울 수 있습니다. 록을 준비하세요!","Ubisoft - San Francisco, Ubisoft - Osaka",23850,0,9.99,9.99
X4: Foundations,392160,전략/시뮬,S2 2017-18,대체로긍정,2018,2825.0,0,"거대한 우주 제국을 건설하는 여정은 단 한 척의 함선을 조종하는 것에서 시작됩니다. 당신의 결정에 따라 변화하는 살아있는 우주 내에서 항성을 탐험하고, 상품을 거래하며, 치열한 전투에 뛰어들고, 스테이션을 건설하고, 함선을 구매 및 장비하며, 함대를 지휘합니다.",Egosoft,23847,0,49.99,49.99
Magic Duels,316010,협동,S1 ~2016,대체로긍정,2015,4045.0,0,"더 많은 카드. 더 다양한 전략. 더 방대한 스토리. 획득 가능한 1,300장 이상의 카드를 수집하고 60개 이상의 싱글 플레이어 캠페인 미션에 참가해 장대한 온라인 결투에서 승리하십시오.",Stainless Games Ltd.,23844,0,0.0,0.0
Call to Arms - Gates of Hell: Ostfront,400750,멀티/경쟁,S3 2019-22,매우긍정,2021,1901.0,0,"Call to Arms - Gates of Hell is a realistic RTS/ RTT game that offers endless replay value. Command all types of troops in historical singleplayer, dynamic campaign, PvP and PvE ba","Barbedwire Studios, Digitalmindsoft",23811,0,34.99,34.99
LEGO® Star Wars™ - The Complete Saga,32440,싱글 서사,S1 ~2016,압도적긍정,2009,6130.0,0,"Kick Some Brick in I through VI! Play through all six Star Wars movies in one videogame! Adding new characters, new levels, new features and for the first time ever, the chance to ",Traveller's Tales,23787,0,19.99,19.99
Cell to Singularity - Evolution Never Ends,977400,전략/시뮬,S3 2019-22,매우긍정,2021,1756.0,0,진화가 끝나지 않는다,Computer Lunch,23690,1,0.0,0.0
Spiral Knights,99900,멀티/경쟁,S1 ~2016,매우긍정,2011,5551.0,0,"함께 힘을 합쳐 핵에 다다를 때까지 싸워나가십시오! Spiral Knights는 즉각적이고 빠른 진행이 가능한, 불변의 세계를 무대로 하는 협동형 어드벤처 게임입니다.",Grey Havens,23658,1,0.0,0.0
RaceRoom Racing Experience,211500,멀티/경쟁,S1 ~2016,대체로긍정,2013,4942.0,0,"RaceRoom은 정밀하게 구현된 현실적인 물리와 포스 피드백을 제공합니다. 공식 DTM, FIA WTCC, WTCR 시리즈에 참여하고, 최신 노르트슐라이페를 포함한 다양한 차량과 서킷을 경험해 보세요.",KW Studios,23618,1,0.0,0.0
TrackMania Nations Forever,11020,액션/캐주얼,S1 ~2016,매우긍정,2008,6705.0,0,"진정한 의미의 무료 게임, TrackMania Nation Forever의 재미있고 멋진 트랙에서 혼자 또는 여럿이서 짜릿한 질주를 즐겨보십시오.TrackMania Nation Forever는 &quot;Forever&quot;만의 솔리드 단독 모드와 도전 의식을 일으키는 65가지의 최신 트랙등 새로운 스태디엄 환경을 제",Nadeo,23603,1,0.0,0.0
Need for Speed™,1262540,멀티/경쟁,S3 2019-22,평가나쁨,2020,2273.0,0,앞으로 나아가십시오,Ghost Games,23603,0,29.99,29.99
Lost Castle / 失落城堡,434650,멀티/경쟁,S1 ~2016,매우긍정,2016,3646.0,0,Lost Castle is an action RPG beat'em up with roguelike elements and randomized dungeons for up to four players online and local!,Hunter Studio,23524,0,9.99,9.99
UBOAT,494840,전략/시뮬,S4 2023-25,매우긍정,2024,753.0,0,"UBOAT는 제2차 세계 대전 당시의 잠수함을 재현한 게임입니다. 선원 관리 시스템을 사용하는 서바이벌 샌드박스 형식의 게임이며, 주 테마는 독일 해군의 삶입니다. 보트는 선원들의 집이나 다름없지만, 동시에 언제든지 이들의 묘지가 될 수 있습니다.",Deep Water Studio,23488,0,29.99,8.39
DUSK,519860,멀티/경쟁,S2 2017-18,압도적긍정,2018,2815.0,0,"Battle through an onslaught of mystical backwater cultists, possessed militants &amp; even darker forces as you attempt to discover just what lurks beneath the Earth in this retro ",David Szymanski,23469,0,19.99,19.99
The Day Before,1372880,멀티/경쟁,S4 2023-25,평가나쁨,2023,992.0,0,The Day Before는 치명적인 전염병이 발생한 이후 미국 동부 해안을 배경으로 펼쳐지는 독특한 여정을 구현한 포스트 아포칼립스 오픈월드 MMO 생존 게임입니다.,FNTASTIC,23437,0,0.0,0.0
There Is No Game: Wrong Dimension,1240210,싱글 서사,S3 2019-22,압도적긍정,2020,2210.0,0,이건 게임이 아닙니다. 그러니 아무 곳이나 클릭하고 다니지 마세요. 자기가 플레이하는 게임 세상에서 쫓겨나고 싶은 건 아니겠죠? 당연히 아니겠죠!,Draw Me A Pixel,23430,0,12.99,12.99
TerraTech,285920,멀티/경쟁,S2 2017-18,매우긍정,2018,2937.0,0,"TerraTech는 샌드박스식 오픈 월드 어드벤처 게임으로 제작과 전투, 탐험을 통해 나만의 창작품을 디자인하고 완성할 수 있습니다. 각양각색의 블록을 사용해 여러분의 탈것을 설계해 보세요. 이곳저곳을 뒤지며 부품을 제작하거나 새 부품을 구입해서 생존하면서 행성 최고의 탐사자가 되어보세요.",Payload Studios,23410,0,24.99,24.99
PlateUp!,1599600,협동,S3 2019-22,매우긍정,2022,1482.0,0,"음식을 조리해서 내놓고, 레스토랑을 디자인하고 장식하며, 이 알고리즘 기반 생성 장소에서 새로운 잠금 해제 아이템, 능력, 요리로 음식 왕국을 넓혀가세요. 영구적인 로그라이트 진행의 클래식 쿠킹 액션. 친구를 고용하거나 모두 직접 하세요!",It's happening,23401,0,19.99,19.99
Gears 5,1097840,멀티/경쟁,S3 2019-22,대체로긍정,2019,2542.0,0,게이밍 역사에 한 획을 그은 Gears가 그 어느 때보다 커진 타이틀로 돌아옵니다. 총력전을 퍼부으며 케이트 디아즈는 적과의 관계를 알아내기 위해 빠져나가 세라에게 닥친 진짜 위험을 발견합니다.,The Coalition,23309,0,29.99,29.99
Thief,239160,싱글 서사,S1 ~2016,대체로긍정,2014,4562.0,0,"Garrett, the Master Thief, steps out of the shadows into the City. In this treacherous place, where the Baron’s Watch spreads a rising tide of fear and oppression, his skills are t","Eidos-Montréal, Feral Interactive (Mac)",23263,0,19.99,19.99
Move or Die,323850,멀티/경쟁,S1 ~2016,매우긍정,2016,3869.0,0,"Move or Die는 터무니없을 정도로 빠른 속도로 진행되는 4인 로컬/온라인 파티 게임입니다. 메커니즘은 20초마다 바뀌며, 완벽한 우정 파괴 게임의 전형입니다.","Xelu, Those Awesome Guys",23233,0,14.99,14.99
Call to Arms,302670,멀티/경쟁,S2 2017-18,대체로긍정,2018,3042.0,0,"Call to Arms offers an innovative mix of real-time strategy and 3rd, as well as 1st person controls. Set in the time of modern warfare, the game offers realistically modeled vehicl",Digitalmindsoft,23233,0,14.99,14.99
Neon Abyss,788100,싱글 서사,S3 2019-22,매우긍정,2020,2233.0,0,"Neon Abyss는 고속의 로그라이크 액션 플랫포머로, 하데스가 만든 '그림 스쿼드'의 일원이 되어 어비스로 총을 들고 뛰어드는 런 앤 건 게임입니다. 무한한 아이템 시너지와 던전 진화 시스템으로, 매번 게임을 할 때마다 다른 경험과 새로운 도전이 등장합니다. 진짜 지옥을 보여주세요!",Veewo Games,23140,0,19.99,4.99
Assassin’s Creed® Brotherhood,48190,싱글 서사,S1 ~2016,매우긍정,2011,5640.0,0,It’s time to join the Brotherhood.,Ubisoft Montreal,23136,0,19.99,19.99
The Plan,250600,액션/캐주얼,S1 ~2016,매우긍정,2014,4575.0,0,"A fly ascends to the skies, pondering the pointlessness of its brief existence.",Krillbite Studio,23087,1,0.0,0.0
Football Manager 2024,2252570,전략/시뮬,S4 2023-25,매우긍정,2023,1023.0,0,축구의 정점을 향하여 절대 멈추지 말고 발전하세요. 시리즈 사상 가장 완벽한 작품에서 새롭게 추가된 기능들로 승리를 향한 청사진을 설계하세요. 지금 사전 구매하고 10% 할인 및 사전 액세스 혜택을 받으세요*.,Sports Interactive,23048,0,59.99,59.99
FINAL FANTASY XVI,2515020,싱글 서사,S4 2023-25,대체로긍정,2024,707.0,0,"강대한 소환수의 힘을 조종하는 「도미넌트」에 의해 일어난 전란의 시대를 그린 중후하고 장대한 판타지 세계. 플레이어는 주인공 클라이브 로즈필드의 생애를 따라가며, 가혹한 운명 속에서 발견하는 정의, 그리고 세계의 진실에 다가간다.",Square Enix,23043,0,49.99,49.99
Amazing Cultivation Simulator,955900,액션/캐주얼,S3 2019-22,매우긍정,2020,2100.0,0,Rise up in a search for immortality in this strategy sim and management game based on Chinese mythology. Rebuild your sect and train new disciples through the path of cultivation. ,GSQ Games,23009,0,24.99,24.99
The Ascent,979690,협동,S3 2019-22,대체로긍정,2021,1853.0,0,The Ascent는 사이버 펑크 세계에서 벌어지는 단독 및 협동 액션 슈터 RPG입니다. 여러분 모두를 소유한 메가 기업인 The Ascent 그룹이 방금 붕괴되었습니다. 기업 없이 살아남을 자신이 있습니까?,Neon Giant,22884,0,29.99,29.99
Heroes® of Might & Magic® III - HD Edition,297000,전략/시뮬,S1 ~2016,대체로긍정,2015,4227.0,0,"The most popular Heroes® title of all time is back in HD! Fifteen years later, rediscover the epic tale of Queen Catherine Ironfist, as she re-embarks on her critically acclaimed q",Dotemu,22779,0,14.99,14.99
Backrooms: Escape Together,2141730,협동,S3 2019-22,매우긍정,2022,1407.0,0,"1~6인용 사실적인 비주얼의 협동 호러. 절차적으로 생성되는 11개 레벨을 헤쳐나가며, 가진 것을 활용해 Backrooms 깊숙이 생존하세요.",Triiodide Studios,22769,0,9.99,9.99
Need for Speed™ Most Wanted,1262560,멀티/경쟁,S3 2019-22,대체로긍정,2020,2259.0,0,"벨트를 매고, 액셀을 밟고, 마음껏 질주하세요",Criterion Games,22750,0,19.99,19.99
Horizon Forbidden West™ Complete Edition,2420110,싱글 서사,S4 2023-25,매우긍정,2024,887.0,0,"보너스 콘텐츠 및 버닝 쇼어스 확장팩을 포함하여, 장대한 호라이즌 포비든 웨스트를 하나도 빠짐없이 경험하세요. 버닝 쇼어스에서는 아름답지만 위험한 신규 지역에서 여러 가지 추가 콘텐츠, 새로운 스토리와 캐릭터를 만나보실 수 있습니다.","Guerrilla, Nixxes Software",22735,0,59.99,59.99
XCOM®: Chimera Squad,882100,전략/시뮬,S3 2019-22,대체로긍정,2020,2315.0,0,XCOM: Chimera Squad delivers an all-new story and turn-based tactical combat experience in the XCOM universe.,Firaxis Games,22709,0,9.99,2.99
RoboCop: Rogue City,1681430,싱글 서사,S4 2023-25,매우긍정,2023,1027.0,0,"전설적인 50% 인간, 50% 기계, 100% 경찰 영웅이 되어 디트로이트 구시가지의 정의를 수호하세요.",Teyon,22707,0,44.99,4.49
JUMP FORCE,816020,멀티/경쟁,S3 2019-22,대체로긍정,2019,2749.0,0,"당신만의 아바타를 만들어 오리지널 스토리 모드에서 가장 강력한 만화의 주인공들과 함께 싸우거나, 다른 플레이어에게 도전하고 많은 모드들과 활동들을 즐기기 위해 온라인 로비를 찾아가 보세요.","Spike Chunsoft Co., Ltd.",22701,0,0.0,0.0
Five Nights at Freddy's 2,332800,액션/캐주얼,S1 ~2016,매우긍정,2014,4306.0,0,"Welcome back to the new and improved Freddy Fazbear's Pizza! As always, Fazbear Entertainment is not responsible for death or dismemberment.",Scott Cawthon,22697,0,7.99,7.99
NBA 2K19,841370,전략/시뮬,S2 2017-18,평가나쁨,2018,2906.0,0,NBA 2K는 20년 동안 최고의 그래픽 및 게임 플레이부터 획기적인 게임 모드 및 몰입형 오픈 월드 &quot;네이버후드(Neighborhood)&quot;에 이르기까지 스포츠 게임에서 제공할 수 있는 것을 재정립했습니다. NBA 2K19에서도 게임 플레이로 더 현실 세계와 같은 농구 경험과 문화를 경험하도록 한계를 넓,Visual Concepts,22692,0,0.0,0.0
Day of Defeat: Source,300,액션/캐주얼,S1 ~2016,매우긍정,2010,5888.0,0,Valve의 2차 세계대전 멀티플레이어 클래식 - 이제 Mac에서 즐길 수 있습니다.,Valve,22689,0,9.99,9.99
Gotham Knights,1496790,협동,S3 2019-22,평가나쁨,2022,1404.0,0,"배트맨은 죽었고, 이제 고담시를 지키는 일은 배트 패밀리인 배트걸, 나이트윙, 레드 후드, 그리고 로빈의 손에 달려 있습니다.","Warner Bros. Games Montréal, QLOC",22666,0,59.99,59.99
Alien Swarm: Reactive Drop,563560,멀티/경쟁,S2 2017-18,매우긍정,2017,3414.0,0,탑다운 방식의 협동 슈터 무료 게임. 협동과 분대 전술의 독특한 조화가 특징인 어마어마한 벌레 사냥.,Reactive Drop Team,22649,1,0.0,0.0
Sands of Salzaar,1094520,전략/시뮬,S3 2019-22,매우긍정,2021,1714.0,0,"Bringing you to an exotic desert where you’ll recruit, train, and guide your troops into battle against rival cities and factions. Embark on an adventure that’s uniquely yours; Cus",汉家松鼠Han-Squirrel Studio,22641,0,14.99,14.99
Sid Meier's Civilization®: Beyond Earth™,65980,전략/시뮬,S1 ~2016,평가나쁨,2014,4324.0,0,"Sid Meier’s Civilization: Beyond Earth is a new science-fiction-themed entry into the award winning Civilization series. As part of an expedition sent to find a home beyond Earth, ","Firaxis Games, Aspyr (Mac), Aspyr (Linux)",22578,0,39.99,39.99
Sally Face - Episode One,541570,싱글 서사,S1 ~2016,압도적긍정,2016,3541.0,0,"인공 얼굴을 착용한 소년을 따라가는 불안한 모험. 수수께끼의 살인 사건이 연달아 일어난 후, 샐과 세 명의 친구들은 그들이 사는 작은 마을에 정말로 불길한 무언가가 그림자를 드리우고 있음을 알게 됩니다.",Portable Moose,22561,0,2.99,2.99
"Warhammer 40,000: Dawn of War III",285190,멀티/경쟁,S2 2017-18,평가나쁨,2017,3407.0,0,"3개의 세력이 벌이는 격렬한 전쟁을 체험하십시오. Dawn of War III에서, 신비의 세계 Acheron에서 발견된 엄청난 무기로 인해 모든 이들은 자신의 숙적과 맞설 수밖에 없게 되었습니다.","Relic Entertainment, Feral Interactive (Mac), Feral Interact",22517,0,39.99,39.99
Tribes of Midgard,858820,협동,S3 2019-22,대체로긍정,2021,1855.0,0,"혼자 또는 10명까지 같이 즐길 수 있는 활기찬 생존 및 액션 RPG 게임입니다! 전설 아이템을 제작하고, 기지를 발전시키고, 절차적으로 생성되는 게임 내 세계 속에서 라그나로크를 불러오려는 거대한 괴물들과 맞서는 영웅적인 여정을 떠나세요. 발할라는 좀 미뤄도 좋습니다, 에인헤리!  ",Norsfell,22475,0,19.99,19.99
Sun Haven,1432860,협동,S4 2023-25,매우긍정,2023,1264.0,0,"농장을 건설하고 마을 사람들과의 관계를 쌓거나 마법, 괴물, 드래곤의 모험을 계속하세요. 8인 멀티플레이어에서 스킬 트리를 통해 레벨 업하거나 혼자서 모험하세요!",Pixel Sprout Studios,22456,0,24.99,24.99
Chants of Sennaar,1931770,싱글 서사,S4 2023-25,압도적긍정,2023,1085.0,0,"화려한 수상 경력을 자랑하는 이 퍼즐 어드벤처 게임에서 탑의 민족들을 다시 하나로 만드는 여행자가 되어 보세요. 바벨탑 신화를 바탕으로 하는 흥미로운 세계관에서 주위를 관찰하고 귀를 기울이며, 각종 고대 언어를 해독하세요.",Rundisc,22453,0,19.99,19.99
Ironsight,783770,멀티/경쟁,S3 2019-22,대체로긍정,2019,2624.0,0,"근 미래를 배경으로 첨단 무기체계와 드론으로 무장한 정규군과 민간군사기업간의 자원전쟁을 배경으로하는 온라인 밀리터리 FPS게임입니다. 50여종 이상의 오리지널 무기, 다양한 부착물, 적을 직접 공격하는 공격형 드론과 전술적인 플레이를 도와주는 전술형 드론 전장에서 파괴하거나 폭발하는 주변 사물, 작동/이동이 가능한 장치들","WipleGames Inc.,",22410,0,0.0,0.0
Injustice™ 2,627270,멀티/경쟁,S2 2017-18,매우긍정,2017,3190.0,0,Build and power up the ultimate version of your favourite DC legends in INJUSTICE 2. This is your Legend. Your Journey. Your Injustice.,"NetherRealm Studios, QLOC",22397,0,49.99,49.99
Tom Clancy’s The Division® 2,2221490,멀티/경쟁,S4 2023-25,대체로긍정,2023,1321.0,0,"오픈 월드 택티컬 슈팅 게임인 더 디비전을 소개합니다. 치열한 엄폐 기반 총격전에 돌입하고, 친구와 협동하고, 궁극의 요원을 양성하여 워싱턴 D.C.를 구하세요.",Ubisoft,22368,0,29.99,29.99
FAR: Lone Sails,609320,싱글 서사,S2 2017-18,압도적긍정,2018,3022.0,0,"쓰러져 가는 문명의 잔해로 가득한 메마른 해저를 달리세요. 독특한 차량을 조종하고, 다양한 장애물을 넘어서고, 위험천만한 기후를 이겨내세요. 얼마나 멀리 갈 수 있을까요? 이 여정을 통해 무엇을 찾게 될까요?",Okomotive,22315,0,14.99,14.99
Viscera Cleanup Detail,246900,협동,S1 ~2016,매우긍정,2015,3959.0,0,"In Viscera Cleanup Detail, you step into the boots of a space-station janitor tasked with cleaning up after various horrific sci-fi horror events. Instead of machineguns and plasma",RuneStorm,22290,0,12.99,12.99
Mindustry,1127400,멀티/경쟁,S3 2019-22,압도적긍정,2019,2525.0,0,RTS와 타워 디펜스 요소를 갖춘 개방형 공장 관리 게임입니다.,AnukenDev,22266,0,9.99,9.99
S.T.A.L.K.E.R.: Clear Sky,20510,멀티/경쟁,S1 ~2016,매우긍정,2008,6553.0,0,S.T.A.L.K.E.R.: 클리어 스카이는 호평을 받은 S.T.A.L.K.E.R.: 초르노빌의 그림자의 스탠드얼론 프리퀄 게임입니다. S.T.A.L.K.E.R.: 클리어 스카이에서는 존을 더욱 깊이 연구하고 이해하려는 집단 '클리어 스카이'를 둘러싼 이야기가 펼쳐집니다.,GSC Game World,22254,0,19.99,19.99
Hero's Adventure: Road to Passion,1948980,전략/시뮬,S4 2023-25,매우긍정,2023,1014.0,0,Hero's Adventure:Road to Passion is a wuxia open-world RPG. You will commence your journey as an underdog in the tumultuous Martial World and will be met with a wide array of choic,半瓶醋工作室（Half Amateur Studio）,22206,0,17.99,8.99
Sniper Elite 5,1029690,멀티/경쟁,S3 2019-22,매우긍정,2022,1553.0,0,1944년 프랑스에서 프로젝트 크라켄을 파헤치기 위해 싸우는 칼 페어번과 함께 수상 경력에 빛나는 시리즈가 다시 돌아옵니다. 장르를 개척하는 실감나는 저격 액션에 강화된 킬 캠이 더해져 한층 더 만족도 높은 경험을 선사합니다. 몰입도 높은 맵에서 나치의 전쟁 무기를 저지하기 위한 싸움을 시작하세요.,Rebellion,22203,0,49.99,49.99
Fallout: A Post Nuclear Role Playing Game,38400,싱글 서사,S1 ~2016,매우긍정,2015,3950.0,0,"당신은 방금 컴퓨터 롤 플레잉 게임이라는 장르 전체를 부활시켰던 포스트 아포칼립스 배경의 클래식 롤 플레잉 게임을 발굴해냈습니다. Fallout®의 SPECIAL 시스템은, 개성 있는 캐릭터를 만들고 의미 있는 선택을 통해 성장시킬 수 있는 완전한 제어권을 당신에게 쥐여줍니다. 황금시대를 구가했던 문명의 황폐해진 폐허를 ",Interplay Inc.,22198,0,9.99,9.99
Workers & Resources: Soviet Republic,784150,전략/시뮬,S4 2023-25,매우긍정,2024,796.0,0,"복잡한 생산망과 완전하게 구현된 글로벌 경제를 갖춘 도시 건설 게임입니다. 소비에트 공화국을 빈곤국에서 부유한 산업 강대국으로 발전시키세요. 교육에서부터 근로, 당 충성도, 범죄 활동에 이르기까지 시민들의 삶을 관리하세요.",3Division,22175,0,39.99,9.99
Just Shapes & Beats,531510,멀티/경쟁,S2 2017-18,압도적긍정,2018,3008.0,0,"Just Shapes &amp; Beats는 카오스한 협력 음악 게임입니다. 플레이어는 기본적인 세 가지, Shapes를 피하고, 끝내주는 Beats로 돌격하고, 쓰러지는 것을 반복하게 됩니다.",Berzerk Studio,22150,0,19.99,19.99
Hatred,341940,액션/캐주얼,S1 ~2016,매우긍정,2015,4103.0,0,"Hatred is a violent twin-stick shooter, in which you take the role of The Antagonist fighting against all of humanity.",Destructive Creations,22121,0,5.99,5.99
Untitled Goose Game,837470,협동,S3 2019-22,압도적긍정,2020,2162.0,0,어느 한적한 시골 마을에서 장난꾸러기 거위 한 마리를 조정해보세요.,House House,22104,0,19.99,19.99
"Hot Dogs, Horseshoes & Hand Grenades",450540,전략/시뮬,S4 2023-25,압도적긍정,2026,52.0,0,"Do you like hot dogs? How about horseshoes? Hand grenades? (everyone likes hand grenades) Anyway, we've got all that, and guns. SO MANY GUNS. So if you like ordnance, meat, and far",RUST LTD.,22104,0,19.99,19.99
Arma 2: Operation Arrowhead,33930,멀티/경쟁,S1 ~2016,매우긍정,2010,5901.0,0,"Three years after the conflict in Chernarus, portrayed in the original Arma 2, a new flashpoint explodes in the Green Sea Region. Coalition forces led by the US Army are deployed t",Bohemia Interactive,22090,0,19.99,19.99
Vampyr,427290,싱글 서사,S2 2017-18,대체로긍정,2018,3004.0,0,"London, 1918. You are newly-turned Vampyr Dr. Jonathan Reid. As a doctor, you must find a cure to save the city’s flu-ravaged citizens. As a Vampyr, you are cursed to feed on those",DONTNOD Entertainment,22084,0,39.99,39.99
Day of Infamy,447820,멀티/경쟁,S2 2017-18,매우긍정,2017,3442.0,0,"플레이어 대 플레이어와 협력 게임 모드에서 모두 하드코어 2차 세계대전 최초 인간 사수 전투를 경험해 보세요. 화력 지원을 요청하고, 목표물을 확보하며, 역사적인 미 육군, 영연방 및 독일 국방군으로서 진격해 나가세요.",New World Interactive,22055,0,14.99,14.99
AI LIMIT,2407270,싱글 서사,S4 2023-25,매우긍정,2025,516.0,0,"문명이 곧 멸망하게 된 아득한 미래에, 세상인들은 [정지]라는 전설에 따라, 마지막의 도시----헤이븐스웰에 모여왔다. 이 종말의 묵시록 공상과학 ARPG게임에서 재생 능력을 가진 기계병종 [알리사]의 시각으로, 새로운 희망을 찾기 위해 괴물이 난무하는 도시유적에서 문명이 사라지게 된 진실을 탐색해보세요.",Sense Games,22025,0,34.99,34.99
Crime Scene Cleaner,1040200,전략/시뮬,S4 2023-25,압도적긍정,2024,741.0,0,"한번 갱단과 엮이게 되면 평생 갱단의 일부로 남게 됩니다. 그래도 최소한 갱단에서 보수는 넉넉하게 챙겨주죠. 당신이 오직 해야 할 일은 갱단이 벌인 지저분한 일의 뒤처리를 하는 것입니다. 하지만 일이 일인 만큼, 범죄 현장을 청소하고 경찰을 잘 따돌리며 다음 임무를 준비해야 합니다.",President Studio,22018,0,29.99,21.89
The Beginner's Guide,303210,싱글 서사,S1 ~2016,매우긍정,2015,3981.0,0,"The Beginner's Guide is a narrative video game from Davey Wreden, the creator of The Stanley Parable. It lasts about an hour and a half and has no traditional mechanics, no goals o",Everything Unlimited Ltd.,22002,0,9.99,4.99
Tiny Tina's Wonderlands,1286680,협동,S3 2019-22,대체로긍정,2022,1524.0,0,"기발하고도, 놀라우며, 초강력 무기로 가득한 전설적인 모험을 떠나세요! 여러분만의 멀티클래스 영웅을 만들어, 쏘고, 베고, 줍고 발사하며 포악한 용의 군주를 막는 퀘스트를 진행하세요.",Gearbox Software,21986,0,29.99,29.99
Streets of Rogue,512900,멀티/경쟁,S3 2019-22,압도적긍정,2019,2601.0,0,싸워서 몰래 들어가 임의 생성된 도시를 공격하세요. Nuclear Throne은 무법천지 GTA와 Deus Ex가 혼합된 형태입니다. Rogue-lite가 몰입도 높은 캐릭터를 만나 너무 재미있습니다.,Matt Dabrowski,21933,0,19.99,19.99
Baba Is You,736260,액션/캐주얼,S3 2019-22,압도적긍정,2019,2722.0,0,Baba Is You는 상호작용 가능한 블럭의 형태로 제시되는 게임의 규칙을 바꿔가며 풀어 나가는 퍼즐 게임입니다. 규칙을 바꿈으로써 당신은 게임의 작동 방법을 바꾸고 때로는 예상치 못한 신기한 모습으로 변화시킬 수 있습니다!,Hempuli Oy,21921,0,14.99,14.99
Assassin's Creed™: Director's Cut Edition,15100,싱글 서사,S1 ~2016,매우긍정,2008,6712.0,0,"Assassin's Creed™ is the next-gen game developed by Ubisoft Montreal that redefines the action genre. While other games claim to be next-gen with impressive graphics and physics, A",Ubisoft Montreal,21897,0,19.99,19.99
Call of Duty®: Advanced Warfare - Gold Edition,209660,액션/캐주얼,S1 ~2016,평가나쁨,2014,4313.0,0,"Call of Duty®: Advanced Warfare envisions a powerful future, where both technology and tactics have evolved to usher in a new era of combat for the franchise.Power Changes Everythi","Sledgehammer Games, Raven Software",21896,0,39.99,39.99
Marvel's Midnight Suns,368260,전략/시뮬,S3 2019-22,매우긍정,2022,1363.0,0,"마블 유니버스의 어두운 뒷편에서 슈퍼 히어로처럼 싸우고 전략을 세워보세요. 종말의 위협에 맞서는 슈퍼 히어로, 그리고 초능력을 가진 전사로 구성된 팀을 이끌어야 하는 전설적인 악마 처단자 사냥꾼으로 플레이하세요.",Firaxis Games,21874,0,79.99,15.99
Sultan's Game,3117820,전략/시뮬,S4 2023-25,매우긍정,2025,513.0,0,Survive a mad Sultan's reign in this brutal resource management RPG. Draw a card every seven days and complete its challenge. Make dreadful choices to stay alive: will you die a lo,Double Cross,21870,0,24.99,19.99
Monster Train,1102190,멀티/경쟁,S3 2019-22,압도적긍정,2020,2287.0,0,"Monster Train is a strategic roguelike deck building game with a twist. Set on a train to hell, you’ll use tactical decision making to defend multiple vertical battlegrounds. With ",Shiny Shoe,21868,0,24.99,24.99
War Selection,1022450,멀티/경쟁,S3 2019-22,매우긍정,2019,2513.0,0,War Selection에서 석기 시대부터 현대까지 당신의 제국을 건설하십시오. 배틀 로얄에서 영감을 얻은 아마겟돈 모드를 도입한 가상역사 RTS 게임입니다. 최대 62명의 플레이어가 자동으로 생성된 맵에서 전투를 펼칩니다,Glyph Worlds,21854,1,0.0,0.0
Soulstone Survivors,2066020,싱글 서사,S4 2023-25,매우긍정,2025,434.0,0,"공허의 군주와 끊임 없는 공허의 미니언을 상대하고, 영혼석을 모아 신이 되어 보세요! 이 액션 로그라이트에서 비밀의 주문을 찾아내고 강력한 무기를 제조하며 다양한 캐릭터를 잠금 해제하여 게임을 휩쓸 시너지를 발견하고 공허의 힘을 정복하세요.",Game Smithing Limited,21828,0,14.99,14.99
Dungeon Defenders II,236110,협동,S2 2017-18,대체로긍정,2017,3353.0,0,"Dungeon Defenders II is a cooperative Action Tower Defense game packed with roleplaying elements like loot, leveling, and pets.",Chromatic Games,21823,1,0.0,0.0
Aseprite,431730,액션/캐주얼,S1 ~2016,압도적긍정,2016,3837.0,0,"Aseprite is a pixel-art tool to create 2D animations, sprites, and any kind of graphics for games.",Igara Studio,21818,0,19.99,19.99
Summer Memories,1227890,싱글 서사,S3 2019-22,매우긍정,2020,2263.0,0,"It's summer break, and it's been years since you've last seen your aunt and cousins in the countryside! You don't know what to expect, but what could go wrong? Find out in Summer M",Dojin Otome,21799,0,19.99,19.99
Demonologist,1929610,협동,S4 2023-25,매우긍정,2023,1065.0,0,"더 쉬버스는 최대 4인, 최소 1인과 함께 플레이할 수 있는 협동 공포 게임입니다. 목표는 팀과 함께 또는 혼자서 장비를 사용하여 저주받은 장소에서 악령의 종류를 탐지하는 것입니다.",Clock Wizard Games,21748,0,19.99,9.99
Coral Island,1158160,협동,S4 2023-25,매우긍정,2023,1015.0,0,"코랄 아일랜드는 활기차고 여유로운 농장 시뮬레이션을 멀티플레이어로 재해석한 게임입니다! 친구들과 함께 농사를 짓고, 동물을 키우고, 관계를 형성하고, 다양한 캐릭터와 어울리고, 마법 같은 머포크 왕국에 뛰어드는 등 자신만의 속도로 매혹적인 섬 생활을 경험해 보세요.",Stairway Games,21728,0,29.99,29.99
Farm Together,673950,협동,S2 2017-18,매우긍정,2018,2875.0,0,나만의 농장을 만드세요! 혼자 하기 힘들면 친구들과 협력해 보세요. 친구가 없다고요? 걱정 마세요! 전 세계에 여러분과 농경 생활을 함께할 친구들이 기다리고 있답니다!,Milkstone Studios,21728,0,19.99,19.99
IdleOn - The Incremental MMO,1476970,멀티/경쟁,S4 2023-25,대체로긍정,2025,292.0,0,"여러분이 떠나도 캐릭터들이 계속해 일하는 유일한 RPG! 캐릭터들을 유니크한 클래스와 스킬 트리로 육성하고, 루팅한 아이템들로 더욱 강화시키세요! 월드 보스를 무찌르면 새 게임플레이 요소가 잠금 해제됩니다 -- IdleOn 플레이할 수록 더욱 다층적으로 변합니다!!",Lavaflame2,21716,1,0.0,0.0
Roboquest,692890,협동,S4 2023-25,압도적긍정,2023,1022.0,0,"로보퀘스트는 멸망한 미래 세계의 빠른 FPS 로그라이트입니다. 당신은 재부팅된 수호자로, 강철 궁둥짝을 걷어 찰 준비를 하세요! 혼자서 혹은 친구와 함께 맞서거나 끊임없이 변화하는 환경에서 치명적인 로봇 군단을 섬멸하세요.",RyseUp Studios,21689,0,24.99,24.99
Portal Knights,374040,협동,S2 2017-18,매우긍정,2017,3386.0,0,안락한 세상을 뒤로 하고 Portal Knights와 함께 환상적인 미지의 세계로 들어서세요! 고대 포털로 연결된 다양한 샌드박스 섬에서 친구들과 함께 액션 가득한 모험을 즐겨 보세요. '균열'로 인해서 평화롭던 세상이 갈라지고 어둠의 나락 속으로 떨어진 뒤 수많은 세월이 흘렀습니다. 산산조각난 이 세상을 하나로 다시 합,Keen Games GmbH,21686,0,19.99,19.99
Trine 2: Complete Story,35720,협동,S1 ~2016,압도적긍정,2013,4828.0,0,"Three Heroes make their way through dangers untold in a fairytale world, featuring physics-based puzzles, beautiful sights and online co-op.",Frozenbyte,21679,0,19.99,19.99
GROUND BRANCH,16900,멀티/경쟁,S4 2023-25,매우긍정,2026,40.0,0,"Rainbow Six® 및 Ghost Recon® 게임의 개발자 중 한 명이 심도 있는 캐릭터와 무기 커스터마이제이션을 구현하는 생각하는 1인칭 슈팅 게임을 소개합니다. 시간을 가지고, 미리 생각하고, 일을 완수하십시오.","BlackFoot Studios, MicroProse Software",21676,0,29.99,23.99
DOOM: The Dark Ages,3017860,액션/캐주얼,S4 2023-25,매우긍정,2025,468.0,0,"DOOM: The Dark Ages는 비평가들의 찬사를 받은 DOOM(2016)과 DOOM Eternal의 프리퀄로, 둠 슬레이어의 분노가 어떻게 탄생했는지 알 수 있는 이야기가 장대한 시네마틱으로 펼쳐집니다. 플레이어들은 둠 슬레이어의 피로 얼룩진 여정을 떠나 지옥을 상대로 이제껏 한 번도 본 적 없는 어둡고 사악한 중",id Software,21671,0,69.99,69.99
Frostpunk 2,1601580,전략/시뮬,S4 2023-25,대체로긍정,2024,704.0,0,"눈보라의 재앙이 지구를 덮친 후 30년 뒤를 배경으로 하는 사회 생존 게임에서 도시를 개발하고, 확장하고, 발전시키세요. 프로스트펑크2에서는 끝나지 않는 혹독한 겨울을 견디는 동시에 모든 결정을 주시하는 위원회 파벌들과 조화를 이루어야 합니다.",11 bit studios,21628,0,44.99,44.99
Darkwood,274520,전략/시뮬,S2 2017-18,매우긍정,2017,3295.0,0,"서바이벌 호러에 대한 새로운 시각을 제시하는 다크우드. 낮에는 풍요롭고 끊임없이 변화하는 오픈 월드를 탐험하며 자원을 모으고, 밤이 오면 은신처에 틀어박혀 아침 햇살이 비추기를 간절히 기다리세요.",Acid Wizard Studio,21618,0,19.99,19.99
Guild Wars 2®,1284210,멀티/경쟁,S3 2019-22,매우긍정,2022,1463.0,0,"Guild Wars 2 is an award-winning online roleplaying game with fast-paced action combat, deep character customization, and no subscription fee required. Choose from an arsenal of pr",ArenaNet®,21543,1,0.0,0.0
Darkest Dungeon® II,1940340,전략/시뮬,S4 2023-25,대체로긍정,2023,1205.0,0,"Darkest Dungeon II는 저주받은 자들의 여정을 담은 로그라이크 게임입니다. 원정대를 모집하고, 짐마차를 꾸리고, 쇠락해 가는 땅을 거쳐 종말을 막고자 절박한 최후의 여정을 떠나 보십시오. 하지만 여러분이 마주하게 될 가장 크나큰 위험은 바로 내부로부터 출현할 것입니다...",Red Hook Studios,21539,0,39.99,12.39
Football Manager 2022,1569040,전략/시뮬,S3 2019-22,매우긍정,2021,1750.0,0,"실제 감독처럼 클럽을 관리할 수 있는 특별한 경험. FM22가 승리의 열쇠를 찾아내고, 축구 철학을 팀에 심어주고, 그라운드 위에서 기쁨을 안겨줄 새롭고 과감한 방법들을 소개합니다.",Sports Interactive,21460,0,0.0,0.0
Mini Motorways,1127500,전략/시뮬,S3 2019-22,압도적긍정,2021,1862.0,0,Mini Motorways는 성장하는 도시의 도로 지도를 설계하는 전략 시뮬레이션 게임입니다. 교통망과 도로를 하나씩 건설하며 부산한 메트로폴리스를 형성하세요. 도로를 다시 설계하고 고속도로를 배치해서 모든 사람이 원하는 곳으로 갈 수 있게 하세요. 도시를 얼마나 오래 운영할 수 있으세요?,Dinosaur Polo Club,21432,0,9.99,9.99
Sunkenland,2080690,협동,S4 2023-25,매우긍정,2023,1096.0,0,"모듈식 기지 건설, 가라앉은 도시 탐색, 제작, 기지 방어 및 자원 및 영토를 위한 NPC 클랜의 침공이 포함된 워터월드 테마의 서바이벌 게임에 준비하세요. 물의 대재앙에 대비하시겠습니까?",Vector3 Studio,21419,0,19.99,19.99
Road 96 🛣️,1466640,싱글 서사,S3 2019-22,매우긍정,2021,1835.0,0,유명한 인디 개발자가 만든 절차적으로 생성되는 광기의 도로 여행에서 자유로 향하는 길을 히치하이크하세요. 모든 사람이 각자의 길을 지니고 있답니다!,Digixart,21418,0,19.96,4.99
Alien Swarm,630,협동,S1 ~2016,매우긍정,2010,5881.0,0,협동 멀티플레이어 및 완전한 코드 기반 게임을 무료로 이용할 수 있습니다.,Valve,21274,1,0.0,0.0
Dark Deception,332950,싱글 서사,S2 2017-18,매우긍정,2018,2890.0,0,"Death awaits you in Dark Deception, a story-driven first-person horror maze game. There's nowhere to hide &amp; nowhere to catch your breath. Run or die - it's your choice. Trapped",Glowstick Entertainment,21231,1,0.0,0.0
Rhythm Doctor,774181,협동,S4 2023-25,압도적긍정,2025,262.0,0,"리듬 감각으로 환자들의 생명을 구하세요! 리듬 닥터는 심장 박동에 맞춰 환자들을 제세동하는 리듬 게임입니다. 두근거리는 음악과 함께 환자들의 독특한 심장 박동을 익히고, 리듬 감각을 방해하는 바이러스를 쓰러트리세요.",7th Beat Games,21213,0,19.99,19.99
"Warhammer 40,000: Inquisitor - Martyr",527430,멀티/경쟁,S2 2017-18,대체로긍정,2018,3003.0,0,"칼리가리 섹터가 카오스로 물들어가고 있습니다. 제국에서 가장 강력한 요원이 되셔서 섹터를 오염시키는 추악한 것들을 정화하세요. 워해머 40,000: 인퀴지터 - 마터는 음울한 배경의 액션-RPG 게임입니다. 다양한 클래스의 이단심문관이 되셔서 황제의 의지를 실현하세요.",NeocoreGames,21150,0,49.99,49.99
Sifu,2138710,액션/캐주얼,S4 2023-25,매우긍정,2023,1246.0,0,"Sifu는 쿵푸 전투 메커니즘과 시네마틱 무술 액션을 갖춘 현실감 넘치는 3인칭 난투극으로, 플레이어들은 복수의 길을 걷게 됩니다.",Sloclap,21129,0,39.99,39.99
Warhammer: End Times - Vermintide,235540,협동,S1 ~2016,매우긍정,2015,3959.0,0,Vermintide is an epic co-operative action combat adventure set in the End Times of the iconic Warhammer Fantasy world.,Fatshark,21090,0,29.99,29.99
STEINS;GATE,412830,싱글 서사,S1 ~2016,압도적긍정,2016,3638.0,0,"5pb.와 Nitroplus가 개발한 STEINS;GATE는 Famitsu 잡지의 연간 Game of Excellence를 수상했으며, Famitsu 투표에서 역대 가장 감성이 풍부하고 &quot;&quot;눈시울이 붉어지는 게임&quot;&quot;으로 뽑혔습니다. 마음을 사로잡는 감동적인 비주얼 노벨로서, 이미 만화와",MAGES. Inc.,21078,0,29.99,29.99
Townscaper,1291340,전략/시뮬,S3 2019-22,압도적긍정,2021,1825.0,0,"즉석 마을 건설 장난감. 주택 블록을 내려놓으며 블록들이 한 조각 한 조각 평온한 해변 마을과 목가적인 정원, 바다 위 외딴 도시로 변해가는 모습을 지켜보세요.",Oskar Stålberg,21028,0,5.99,5.99
DC Universe™ Online,24200,멀티/경쟁,S1 ~2016,매우긍정,2011,5410.0,0,"DC Universe Online is a Free-to-Play, massive multiplayer online action game set in the popular DC Universe. Become one of a new breed of Heroes or Villains and wield incredible po",Dimensional Ink Games,21016,1,0.0,0.0
The Lord of the Rings Online™,212500,멀티/경쟁,S1 ~2016,매우긍정,2012,5193.0,0,Join the world’s greatest fellowship of players in the award-winning online re-creation of J. R. R. Tolkien’s legendary Middle-earth.,Standing Stone Games,20995,1,0.0,0.0
Call of Duty®: Modern Warfare®,2000950,멀티/경쟁,S4 2023-25,대체로긍정,2023,1266.0,0,다양한 스펙 옵스 챌린지와 혼합된 멀티플레이어 맵 및 모드가 있는 최고의 온라인 게임에서 열광적인 캠페인을 경험하거나 팀을 구성하십시오.,"Infinity Ward, Beenox, High Moon Studios, Raven Software",20988,0,59.99,59.99
Children of Morta,330020,협동,S3 2019-22,매우긍정,2019,2548.0,0,Children of Morta는 비범한 가족 영웅에 대한 스토리 중심의 액션 RPG 게임입니다. 다가오는 부패에 맞서 모든 결함과 미덕을 갖춘 베르그송 가를 이끄세요. 여러분은 여러분이 아끼는 사람들을 구하기 위해 모든 것을 희생할 수 있으신가요?,Dead Mage,20966,0,21.99,21.99
Fallout 3,22300,싱글 서사,S1 ~2016,매우긍정,2008,6510.0,0,Vault-Tec engineers have worked around the clock on an interactive reproduction of Wasteland life for you to enjoy from the comfort of your own vault. Included is an expansive worl,Bethesda Game Studios,20930,0,9.99,9.99
DRAGON BALL XENOVERSE,323470,협동,S1 ~2016,매우긍정,2015,4198.0,0,"DRAGON BALL XENOVERSE revisits famous battles from the series through your custom Avatar and other classic characters. New features include the mysterious Toki Toki City, new gamep",DIMPS,20902,0,39.99,39.99
Wasteland 3,719040,협동,S3 2019-22,매우긍정,2020,2189.0,0,"Following the critically acclaimed 2014 Game of the Year winner Wasteland 2, the RPG series that pioneered the post-apocalyptic genre in video games returns with Wasteland 3.",inXile Entertainment,20896,0,39.99,39.99
ATRI -My Dear Moments-,1230140,싱글 서사,S3 2019-22,압도적긍정,2020,2259.0,0,"&quot;As the world sank, I found you.&quot; In the near future, a sudden and unexplained sea rise has left much of human civilization underwater. In a little town slowly being enve","Frontwing, 枕",20882,0,20.99,8.39
BIGFOOT,509980,멀티/경쟁,S2 2017-18,매우긍정,2017,3493.0,0,You are a Bigfoot hunter with an important mission: to put an end to rumours once and for all and prove to yourself that Bigfoot is not just a myth or an invention of the mind...,CyberLight Game Studio,20866,0,19.99,19.99
inZOI,2456740,전략/시뮬,S4 2023-25,대체로긍정,2025,516.0,0,"&quot;Every life becomes a story&quot; 원하는 대로 '조이'들의 삶을 조작하고 지켜보며 자신만의 이야기를 만들어보세요. 자유롭고 손쉬운 커스터마이징으로 캐릭터와 건축 등 꿈꾸던 삶의 모습을 창조하고, 디테일한 시뮬레이션 속에서 발생하는 다양한 사건을 마주하며 삶의 희로애락을 경험할 수 있습니",inZOI Studio,20859,0,39.99,39.99
Wolfenstein: The Old Blood,350080,액션/캐주얼,S1 ~2016,매우긍정,2015,4131.0,0,"Wolfenstein®: The Old Blood™ is a standalone prequel to the critically acclaimed first-person action-adventure shooter, Wolfenstein®: The New Order. This adventure spans eight chap",MachineGames,20813,0,19.99,19.99
Disney Dreamlight Valley,1401590,전략/시뮬,S4 2023-25,매우긍정,2023,994.0,0,Explore a world filled with the magic of Disney as you discover rich stories and build the perfect neighborhood alongside Disney and Pixar heroes and villains in this new life-sim ,Gameloft,20793,0,39.99,39.99
Cruelty Squad,1388770,전략/시뮬,S3 2019-22,압도적긍정,2021,1897.0,0,An immersive power fantasy simulator with tactical stealth elements set in a sewage infused garbage world,Consumer Softproducts,20791,0,19.99,19.99
ANIMAL WELL,813230,싱글 서사,S4 2023-25,압도적긍정,2024,838.0,0,"어두컴컴하고, 복잡하게 얽혀있는 미로를 탐험하며 미로 안의 숨겨진 비밀들을 밝혀내세요. 아이템을 수집해 주변 환경을 놀랍고 의미있는 방식으로 활용하세요. 어둠속에 숨어있는 위험으로부터 살아남기 위해 애쓰다보면, 귀엽지만, 마음의 동요를 불러일으키는 생물들도 만나게 됩니다. 눈 앞에 보이는것만 전부가 아닙니다.",Billy Basso,20790,0,24.99,17.49
Notes of Soul,991780,멀티/경쟁,S3 2019-22,대체로긍정,2019,2777.0,0,"The gleaning club is an immersive game experience hall, where you can participate in the script arranged according to the story by role playing. Or learn folk knowledge and taste s",（Hong Kong）GKD Game Studio,20780,0,29.99,29.99
DYNASTY WARRIORS: ORIGINS,2384580,전략/시뮬,S4 2023-25,매우긍정,2025,586.0,0,"압도적인 전장의 일기당천 상쾌 액션! 이름 없는 영웅이 그리는 삼국지, 「진・삼국무쌍」 시리즈 신작.","KOEI TECMO GAMES CO., LTD.",20715,0,69.99,69.99
Marauders,1789480,멀티/경쟁,S3 2019-22,대체로긍정,2022,1422.0,0,Marauders는 디스토피아 공상과학 세계를 배경으로 하는 1인칭 멀티 플레이어 전략 슈팅 게임입니다. 우주의 해적이 되어 홀로 플레이하거나 최대 3명의 플레이어로 구성된 분대 안에서 적대적인 전장을 항해하세요. 귀중한 전리품을 약탈하기 위해 다른 팀 또는 AI를 상대로 하는 치열한 전투에서 살아남아 새로운 무기와 장비,Small Impact Games,20679,0,29.99,29.99
Salt and Sanctuary,283640,싱글 서사,S1 ~2016,매우긍정,2016,3752.0,0,"두렵고도 잔혹한 섬의 탐험을 시작합니다… Salt and Sanctuary는 신속하고, 잔인하며, 복잡한 전투 시스템을 지닌 2D RPG입니다. 저주받은 도시의 잊힌 영역이나, 피에 물든 던전이나, 오염된 기념비와 같은 장소를 돌아다니며, 한때 축복을 받았지만 지금은 타락하고 만 영주들을 조우하세요.",Ska Studios,20652,0,17.99,17.99
Tower Unite,394690,멀티/경쟁,S4 2023-25,매우긍정,2025,493.0,0,"PLAY, CREATE, PARTY! Tower Unite is a community-based virtual world party game with online games, entertainment, activities, and absolutely NO microtransactions.",PixelTail Games,20634,0,19.99,8.99
A Plague Tale: Requiem,1182900,싱글 서사,S3 2019-22,매우긍정,2022,1408.0,0,"Embark on a heartrending journey into a brutal, breathtaking world, and discover the cost of saving those you love in a desperate struggle for survival. Strike from the shadows or ",Asobo Studio,20610,0,49.99,49.99
Wizard of Legend,445980,협동,S2 2017-18,매우긍정,2018,3024.0,0,Wizard of Legend는 화려한 마법 전투가 박진감 넘치게 펼쳐지는 던전 크롤러 게임입니다. 빠르게 움직이면서 재빨리 여러 주문을 절묘하게 조합해 막강한 마법으로 적을 해치워야 합니다!,Contingent99,20520,0,15.99,15.99
Spyro™ Reignited Trilogy,996580,싱글 서사,S3 2019-22,매우긍정,2019,2548.0,0,"더는 뻔한 액션은 없습니다. HD 화질로 스케일이 다른 액션을 즐겨보세요. Spyro가 Spyro™ Reignited Trilogy로 돌아옵니다! 완전히 리마스터된 클래식 게임 3종 Spyro™ the Dragon, Spyro™ 2: Ripto's Rage!, Spyro™: Year of the Dragon을 다시 즐겨보","Toys for Bob, Iron Galaxy Studios",20506,0,39.99,39.99
Pacific Drive,1458140,전략/시뮬,S4 2023-25,매우긍정,2024,916.0,0,"질주 기반의 운전 생존 어드벤처에서 유일한 생존 수단인 자동차를 가지고 올림픽 통제 구역의 초자연적인 위험에 맞서세요! 자원을 모으고, 믿음직한 스테이션 웨건을 가득 채우고, 살아남기 위해 열심히 운전하세요.",Ironwood Studios,20496,0,44.99,17.99
Spelunky 2,418530,멀티/경쟁,S3 2019-22,매우긍정,2020,2156.0,0,"Spelunky 2 builds upon the unique, randomized challenges that made the original a roguelike classic, offering a huge adventure designed to satisfy players old and new. Meet the nex","Mossmouth, BlitWorks",20485,0,19.99,19.99
Contraband Police,756800,전략/시뮬,S4 2023-25,매우긍정,2023,1266.0,0,"&quot;1980년대 공산주의 국가에서 국경 경비대 검문관 업무를 인계받으세요. 여기는 밀수, 부패, 위조가 일상입니다. 항상 경계하고 상사의 신임을 받으세요.&quot;",Crazy Rocks,20479,0,29.99,11.69
Saints Row 2,9480,액션/캐주얼,S1 ~2016,대체로긍정,2009,6439.0,0,"Saints Row 2 brings true freedom to open-world gaming. Players can play as who they want, how they want, and with whomever they want in this sequel to the much acclaimed and tremen",Volition,20466,0,9.99,9.99
Hardspace: Shipbreaker,1161580,전략/시뮬,S3 2019-22,매우긍정,2022,1554.0,0,"Equipped with cutting-edge salvaging tech, carve &amp; slice spaceships to recover valuable materials. Upgrade your gear to take on more lucrative contracts and pay your billion cr",Blackbird Interactive,20422,0,34.99,34.99
Solasta: Crown of the Magister,1096530,협동,S3 2019-22,매우긍정,2021,1916.0,0,"Roll for initiative, take attacks of opportunity, manage player location and the verticality of the battle field in this Turn-Based Tactical RPG based on the SRD 5.1 Ruleset. In So",Tactical Adventures,20393,0,29.99,29.99
Craftopia,1307550,협동,S3 2019-22,대체로긍정,2020,2181.0,0,"Craftopia is the brand new multiplayer survival action game made in Japan. We combined many features we find enjoyable, such as hunting, farming, hack-and-slash, building, automati",Pocketpair,20383,0,24.99,24.99
Death Must Die,2334730,싱글 서사,S4 2023-25,매우긍정,2023,1015.0,0,"Descend the nether in search of Death himself! Choose from God-given powers to slay his hordes of minions. Unlock new heroes, collect powerful items and create game-breaking synerg",Realm Archive,20327,0,6.99,6.99
Tree of Savior (English Ver.),372000,멀티/경쟁,S1 ~2016,평가나쁨,2016,3802.0,0,Tree of Savior(abbreviated as TOS thereafter) is an MMORPG in which you embark on a journey to search for the goddesses in the world of chaos. Fairy-tale like colors accompanied wi,"IMCGAMES Co.,Ltd.",20311,1,0.0,0.0
Propnight,1549180,멀티/경쟁,S3 2019-22,평가나쁨,2021,1728.0,0,숨바꼭질 멀티플레이 게임인 Propnight에서 스릴감 넘치는 파티에 참여하세요.,FNTASTIC,20289,0,0.0,0.0
Into the Breach,590380,전략/시뮬,S2 2017-18,매우긍정,2018,3101.0,0,미래의 강력한 메크를 조종하여 외계 세력을 물리치세요. 이 턴제 전략 게임에서는 세계를 구하려 시도할 때마다 무작위로 새롭게 생성되는 도전이 여러분 앞에 나타납니다.,Subset Games,20216,0,14.99,14.99
FINAL FANTASY VII REBIRTH,2909400,싱글 서사,S4 2023-25,대체로긍정,2025,579.0,0,"마황 도시 미드가르에서 탈출한 클라우드와 동료들은 광대한 세계로 떠난다. 새롭게 그려지는 스토리, 광대한 세계에서 펼쳐지는 자유로운 모험, 동료들과의 인연이 더욱 깊어지는 배틀―― 『FINAL FANTASY VII REMAKE』로부터 더욱 진화된 게임 체험이 재탄생한다.",Square Enix,20175,0,49.99,49.99
Star Trek Online,9900,멀티/경쟁,S1 ~2016,대체로긍정,2012,5320.0,0,"In Star Trek Online, the Star Trek universe appears for the first time on a truly massive scale. Players take the captain's chair as they command their own starship and crew. Explo",Cryptic Studios,20145,1,0.0,0.0
Foundation,690830,전략/시뮬,S4 2023-25,매우긍정,2025,571.0,0,"Foundation is a grid-less, laidback medieval city-building game with a focus on organic development, monument construction and resource management.",Polymorph Games,20132,0,34.99,34.99
GreedFall,606880,싱글 서사,S3 2019-22,대체로긍정,2019,2542.0,0,"Engage in a core roleplaying experience, and forge the destiny of a new world seeping with magic, and filled with riches, lost secrets, and fantastic creatures. With diplomacy, dec",Spiders,20102,0,34.99,34.99
FINAL FANTASY X/X-2 HD Remaster,359870,싱글 서사,S1 ~2016,매우긍정,2016,3757.0,0,"FINAL FANTASY X/X-2 HD Remaster celebrates two of the most cherished and beloved entries to the world-renowned franchise, completely remastered in gorgeous High Definition &amp; no",Square Enix,20047,0,29.99,29.99
ONE PIECE: PIRATE WARRIORS 4,1089090,멀티/경쟁,S4 2023-25,매우긍정,2023,1076.0,0,■해적무쌍 4란 진화한 '원피스' 무쌍 액션! '원피스 해적무쌍 4'는 '리얼한 원피스의 전장 체험'을 콘셉트로 기존의 '해적무쌍'에서는 불가능했던 새로운 요소를 담아내면서 지금까지 이상으로 호쾌하고 새로운 '원피스' 무쌍 액션을 실현했습니다!,Koei Tecmo,19980,0,39.99,39.99
Need For Speed: Hot Pursuit,47870,멀티/경쟁,S1 ~2016,매우긍정,2010,5733.0,0,"Need for Speed Hot Pursuit launches you into a new open-world landscape behind the wheel of the world's fastest and most beautiful cars. From Criterion, the award-winning studio be",Criterion Games,19977,0,0.0,0.0
Fields of Mistria,2142790,전략/시뮬,S4 2023-25,압도적긍정,2026,20.0,0,"새로운 삶을 꾸려보세요! 꿈의 농장을 짓고 가능성으로 가득 찬 세상을 발견하세요. 향수를 불러일으키는 농장 / 라이프 시뮬레이션 RPG에서 마법, 로맨스, 모험이 여러분을 기다리고 있습니다!",NPC Studio,19958,0,13.99,13.99
The Test,1241510,전략/시뮬,S3 2019-22,압도적긍정,2020,2374.0,0,"You will answer a series of questions that will reveal truths from deep within. These questions may make you uncomfortable, but with great knowledge comes great sacrifice. Can you ",Randumb Studios,19954,0,1.99,1.99
Aliens vs. Predator™,10680,협동,S1 ~2016,매우긍정,2010,6034.0,0,"Survive, hunt and prey in the deadly jungles and swamps in distinctly new and thrilling first person gameplay.",Rebellion,19953,0,14.99,1.49
The Room Two,425580,싱글 서사,S1 ~2016,압도적긍정,2016,3703.0,0,"Unique events transport you to the halls of a long-forgotten crypt. The only means of escape lies locked within a stone pedestal, along with a note from your mysterious ally. His w",Fireproof Games,19928,0,4.99,4.99
Mutant Year Zero: Road to Eden,760060,전략/시뮬,S2 2017-18,매우긍정,2018,2821.0,0,"XCOM의 턴 기반 전투에 스토리, 탐험, 스텔스 및 전략이 결합된 전술 어드벤처 게임을 소개합니다. 인류 멸종 그 이후의 세상을 횡행하는 뮤턴트 팀을 컨트롤하십시오. 과거 HITMAN을 제작했던 디자이너와 PAYDAY의 공동 제작자가 이끄는 최고의 팀이 최고의 게임을 만들어 냈습니다.",The Bearded Ladies,19928,0,34.99,34.99
Like a Dragon: Infinite Wealth,2072450,싱글 서사,S4 2023-25,매우긍정,2024,943.0,0,"Two larger-than-life heroes, Ichiban Kasuga and Kazuma Kiryu are brought together by the hand of fate, or perhaps something more sinister… Live it up in Japan and explore all that ",RGG Studio,19919,0,69.99,17.49
Call of Duty®: WWII,476620,멀티/경쟁,S2 2017-18,평가나쁨,2017,3218.0,0,콜 오브 듀티®: WWII - 제2차 세계 대전을 새롭게 정의하는 숨 막히는 경험을 선사합니다.,"Sledgehammer Games, Raven Software",19917,0,59.99,59.99
Moonlighter,606150,싱글 서사,S2 2017-18,매우긍정,2018,3010.0,0,"Moonlighter is an Action RPG with rogue-lite elements that demonstrates two sides of the coin – revealing everyday routines of Will, an adventurous shopkeeper that secretly dreams ",Digital Sun,19913,0,19.99,19.99
Tom Clancy’s Splinter Cell Blacklist,235600,협동,S1 ~2016,대체로긍정,2013,4738.0,0,"테러리스트인 엔지니어가 블랙리스트 작전을 실행했고, 미국은 여러 차례의 공격을 받는 위기에 처했습니다. 이들을 막을 수 있는 사람은 전설적인 비밀 요원 샘 피셔뿐입니다.",Ubisoft Toronto,19907,0,19.99,19.99
Lords Of The Fallen™ 2014,265300,싱글 서사,S1 ~2016,평가나쁨,2014,4319.0,0,"Plunge into a dark fantasy Action-RPG, harnessing powerful magic alongside a satisfying combat system. When the tyrannical god, Adyr, invades the human realm seeking vengeance for ","CI Games, Deck 13",19895,0,29.99,29.99
Danganronpa V3: Killing Harmony,567640,싱글 서사,S2 2017-18,매우긍정,2017,3256.0,0,"A new cast of 16 characters find themselves kidnapped and imprisoned in a school. Inside, some will kill, some will die, and some will be punished. Reimagine what you thought high-","Spike Chunsoft Co., Ltd.",19890,0,39.99,39.99
Tiny Glade,2198150,전략/시뮬,S4 2023-25,압도적긍정,2024,701.0,0,"Tiny Glade는 성을 그리는 작고 여유로운 게임입니다. 격자 없이 자유롭게 건설하는 즐거움을 맛보고, 벽돌과 자갈, 나무 판자 하나하나가 조심스럽게 조립되어 가는 과정을 지켜보세요. 관리도, 전투도, 틀린 답도 없습니다. 느긋하게 자리에 앉아 잊힌 숲을 사랑스러운 디오라마로 바꿔 보세요.",Pounce Light,19845,0,14.99,14.99
Stronghold Crusader HD (2012),40970,멀티/경쟁,S1 ~2016,압도적긍정,2013,4691.0,0,"The highly anticipated sequel to the best-selling Stronghold, Stronghold Crusader HD throws you into historic battles and castle sieges from the Crusades with fiendish AI opponents",Firefly Studios,19811,0,9.99,9.99
The Darkness II,67370,협동,S1 ~2016,매우긍정,2012,5311.0,0,"An intense first person shooter that delivers a twisted and gripping narrative of tragedy, modern crime drama, and supernatural horror.",Digital Extremes,19772,0,29.99,29.99
Call of Duty®: Black Ops Cold War,1985810,멀티/경쟁,S4 2023-25,매우긍정,2023,1266.0,0,"콜 오브 듀티®: 블랙 옵스의 정식 후속작인 블랙 옵스 콜드 워는 1980년대 초 냉전 시절, 한 치 앞도 내다볼 수 없던 지정학적 전투의 어둠 속으로 여러분을 안내할 것입니다.","Treyarch, Raven Software, High Moon Studios, Beenox, Activis",19720,0,59.99,59.99
Heavy Rain,960910,싱글 서사,S3 2019-22,매우긍정,2020,2259.0,0,셀 수 없는 우여곡절로 가득한 매혹적인 심리 스릴러 극을 체험해 보세요. &quot;종이접기 살인마&quot;로 알려진 범죄자를 잡기 위한 추적이 시작되었습니다. 각자의 단서를 따라온 네 명의 캐릭터는 살인자가 새로운 희생자를 찾는 걸 막기 위한 필사적인 노력에 참여해야 합니다.,Quantic Dream,19707,0,19.99,19.99
Football Manager 2023,1904540,전략/시뮬,S3 2019-22,매우긍정,2022,1386.0,0,"꿈의 스쿼드를 완성하고, 라이벌을 압도하며, UEFA 챔피언스 리그에서 짜릿한 유럽의 밤을 경험하세요. 축구의 영광을 향한 여정이 기다립니다.",Sports Interactive,19657,0,0.0,0.0
Hello Neighbor,521890,전략/시뮬,S2 2017-18,매우긍정,2017,3182.0,0,Hello Neighbor는 이웃집에 몰래 들어가서 이웃이 지하실에 숨기고 있는 비밀을 알아내는 스텔스 호러 게임입니다. 플레이어의 모든 움직임으로부터 배우는 뛰어난 인공지능을 상대해야 합니다. 창문을 넘나드는 걸 좋아하세요? 곰 덫을 조심하세요. 탈출을 시도하고 있어요? 그가 지름길을 먼저 찾을 거예요.,Dynamic Pixels,19621,0,29.99,29.99
Tiny Bunny,1421250,싱글 서사,S4 2023-25,압도적긍정,2025,263.0,0,"Tiny Bunny is a non-linear horror visual novel. Those, who have heard the voice of the forest, are beyond help.","Saikono, Sokar",19608,0,10.99,10.99
Dragon Age™ Inquisition,1222690,협동,S3 2019-22,대체로긍정,2020,2273.0,0,"테다스를 구하기 위한 싸움에서 여러분의 모든 선택이 앞 길에 영향을 미칩니다. 자신만의 영웅을 만들고, 스킬을 선택하고, 동료를 모아 왕국에서 악을 제거하세요.",BioWare,19595,0,39.99,39.99
Riders Republic,2290180,멀티/경쟁,S4 2023-25,매우긍정,2023,1174.0,0,"대규모 멀티플레이어 공간에 뛰어들어보세요! 자전거, 스키, 스노보드, 윙수트를 이용하는 오픈 월드 스포츠 낙원에서 원하는 대로 규칙을 만들거나 없애세요.","Ubisoft Annecy, Ubisoft Belgrade, Ubisoft Kyiv, Ubisoft Pune",19511,0,39.99,39.99
Farthest Frontier,1044720,전략/시뮬,S4 2023-25,매우긍정,2025,306.0,0,"주민들을 보호하고 이끌고 나가 변방의 길들여지지 않은 황야에서 마을을 세우세요. 원재료를 수확하고, 사냥하고, 낚시하고, 농사를 지어서 주민들이 생존할 수 있게 도와주세요. 거래하고, 소비하고, 장착하고, 들고 싸울 수 있는 아이템을 제작해서 자연과 외부 위협에 맞서 살아남으세요.",Crate Entertainment,19504,0,34.99,34.99
Victoria II,42960,전략/시뮬,S1 ~2016,매우긍정,2010,5839.0,0,"Carefully guide your nation from the era of absolute monarchies in the early 19th century, through expansion and colonization, to finally become a truly great power by the dawn of ",Paradox Development Studio,19477,0,19.99,19.99
Skater XL - The Ultimate Skateboarding Game,962730,협동,S3 2019-22,매우긍정,2020,2219.0,0,상징적인 실제 스케이트 장소에서 스케이트를 타면서 사상 최고의 보드 조작 방식과 반응성을 경험해보세요. 이것이 바로 스케이트보드 게임 방식의 혁신입니다. 스케이트 게이머들은 독립적인 발 조작 방식과 독특한 물리 기반 게임 방식으로 인해 마침내 그동안 꿈꿔왔던 표현력이 풍부한 조작 방식을 갖추게 될 것입니다.,Easy Day Studios Pty Ltd,19469,0,39.99,39.99
BIOMUTANT,597820,싱글 서사,S3 2019-22,평가나쁨,2021,1918.0,0,"BIOMUTANT®는 종말 이후의 세상을 우화로 그려낸 쿵후 RPG입니다. 독특한 무술과 세련된 전투 시스템을 통해, 근접 전투 및 원거리 전투, 그리고 변이 능력까지 모두 어우러진 액션을 경험해 보세요.",Experiment 101,19427,0,39.99,39.99
Police Simulator: Patrol Officers,997010,협동,S3 2019-22,대체로긍정,2022,1384.0,0,브라이튼에 어서 오세요! 가상의 미국 도시를 담당하는 경찰이 되어 일상을 경험해보세요.,Aesir Interactive,19421,0,29.99,29.99
VTOL VR,667970,멀티/경쟁,S2 2017-18,압도적긍정,2017,3309.0,0,"VTOL VR is a near-futuristic combat flight game built for Virtual Reality. Pilot advanced multi-role jets, using your hands to flip switches, press buttons, and manipulate the virt","Boundless Dynamics, LLC",19368,0,29.99,29.99
Undisputed,1451190,멀티/경쟁,S4 2023-25,평가나쁨,2024,686.0,0,"Become Undisputed in the most authentic boxing game to date! Featuring true to life visuals, bone-jarring action, and more licensed boxers than ever before, Undisputed gives you un",Steel City Interactive,19349,0,49.99,22.49
High On Life,1583230,싱글 서사,S3 2019-22,매우긍정,2022,1351.0,0,"인류를 마약으로 사용하려는 외계 조직이 인류의 미래를 위협하고 있습니다. 카리스마 넘치는 말하는 총들을 구출해서 파트너가 되어, Garmantuous와 그의 조직을 쓰러뜨리고 세계를 구하세요!","Squanch Games, Inc.",19348,0,39.99,39.99
Orcs Must Die! 2,201790,협동,S1 ~2016,매우긍정,2012,5139.0,0,"You’ve tossed, burned and sliced them by the thousands – now orcs must die more than ever before! Grab a friend and slay orcs in untold numbers in this sequel to the 2011 AIAS Stra",Robot Entertainment,19288,0,14.99,3.74
The Walking Dead: The Final Season,866800,싱글 서사,S2 2017-18,매우긍정,2018,2934.0,0,"A secluded school might finally be Clementine’s chance for a home, but protecting it will mean sacrifice.",Telltale Games,19284,0,19.99,4.99
Witch It,559650,멀티/경쟁,S3 2019-22,매우긍정,2020,2133.0,0,Witch It은 재미있는 마법 세계를 배경으로 펼쳐지는 숨바꼭질 게임입니다. 용감한 사냥꾼들이 마을에 저주를 건 마녀들을 찾는 임무를 맡고 모험을 떠납니다!,Barrel Roll Games,19280,0,19.99,19.99
The Quarry,1577120,협동,S3 2019-22,매우긍정,2022,1538.0,0,"여름 캠프의 마지막 날 밤이 되자, 아홉 명의 10대 지도교사들은 예상할 수 없는 공포의 밤에 휘말리고 맙니다. 그들을 사냥하는 피에 흠뻑 젖은 주민들 및 괴생명체보다 더 끔찍한 것은, 당신이 그들의 생존을 위해 내려야 하는 상상하기 힘든 선택들을 해야한다는 것입니다.",Supermassive Games,19265,0,59.99,59.99
World of Guns: Gun Disassembly,262410,전략/시뮬,S1 ~2016,매우긍정,2014,4479.0,0,World of Guns: Gun Disassembly lets you delve into the inner workings of guns from the largest gears to the smallest screws,Noble Empire Corp.,19242,1,0.0,0.0
Descenders,681280,멀티/경쟁,S3 2019-22,매우긍정,2019,2667.0,0,"Descenders is extreme downhill freeriding for the modern era, with procedurally generated worlds, and where mistakes have real consequences. Will you lead your team to glory and be",RageSquid,19233,0,24.99,24.99
Injustice: Gods Among Us Ultimate Edition,242700,액션/캐주얼,S1 ~2016,매우긍정,2013,4652.0,0,"Injustice: Gods Among Us 얼티밋 에디션은 대담하고 새로운 프랜차이즈를 NetherRealm Studios 스타일의 대전 게임 장르로 향상시킵니다. 이 에디션에는 새로운 플레이 가능한 캐릭터 6명, 새로운 스킨 30개 이상, 그리고 새로운 S.T.A.R. 연구소 미션 60개가 포함되어 있습니다. 배트맨,","NetherRealm Studios, High Voltage Software",19185,0,19.99,19.99
Sword Art Online: Fatal Bullet,626690,멀티/경쟁,S2 2017-18,대체로긍정,2018,3105.0,0,Experience an original story where you are the protagonist in the world of Gun Gale Online. Create your own avatar and explore devastated lands while experiencing exciting third pe,Dimps Corporation,19153,0,19.99,19.99
Bopl Battle,1686940,멀티/경쟁,S4 2023-25,압도적긍정,2023,1013.0,0,"독특하고 대범한 능력을 이용해 친구들과 대결하는 로컬/온라인 게임입니다. 수축 광선, 블랙홀 생성, 시간 정지등을 선택하거나 지형물에 로켓 엔진을 장착해 날려 보낼 수도 있습니다. 시너지가 좋은 조합을 선택해 라운드에서 승리하세요!",Johan Grönvall,19125,0,9.99,9.99
Dead Rising 3 Apocalypse Edition,265550,협동,S1 ~2016,대체로긍정,2014,4372.0,0,"좀비에 감염된 도시인 Los Perdidos를 탐험하고, 군대가 도시 전체와 그 안의 사람들을 쓸어버리기 전에 탈출 방법을 찾으세요.",Capcom Game Studio Vancouver,19074,0,29.99,29.99
Hatsune Miku: Project DIVA Mega Mix+,1761390,액션/캐주얼,S3 2019-22,매우긍정,2022,1552.0,0,'하츠네 미쿠' 주연의 리듬 게임 최신작 『하츠네 미쿠 Project DIVA MEGA39's+』가 Steam에 등장! 'Project DIVA' 시리즈의 집대성이 파워 업하여 돌아왔습니다. 하츠네 미쿠의 역사를 장식한 총 170곡 이상의 리듬 게임을 플레이하실 수 있습니다! 모듈(코스튬)은 400벌 이상 수록. 본 타이,SEGA,19033,0,39.39,15.75
ELEX,411300,싱글 서사,S2 2017-18,대체로긍정,2017,3234.0,0,"ELEX is a handcrafted action role-playing experience from the award-winning creators of the Gothic series, set in a brand new post-apocalyptic Science Fantasy universe that puts pl",Piranha Bytes,19018,0,29.99,29.99
Fran Bow,362680,싱글 서사,S1 ~2016,압도적긍정,2015,4016.0,0,"Fran Bow is a creepy adventure game that tells the story of Fran, a young girl struggling with a mental disorder and an unfair destiny.",Killmonday Games AB,19016,0,14.99,14.99
Marvel's Spider-Man 2,2651280,싱글 서사,S4 2023-25,대체로긍정,2025,572.0,0,"함께. 더 강해져라. 많은 호평을 받은 스파이더맨 프랜차이즈 신규 챕터의 PC 버전에서는 피터 파커와 마일즈 모랄레스가 삶, 우정, 그리고 수호자의 의무 사이에서 균형을 찾는 사이, 심비오트의 강력한 힘이 그들을 절박한 싸움으로 몰아넣습니다.","Insomniac Games, Nixxes Software",19012,0,59.99,59.99
Demon Slayer -Kimetsu no Yaiba- The Hinokami Chronicles,1490890,멀티/경쟁,S3 2019-22,매우긍정,2021,1775.0,0,Become the Blade that Destroys Demons!,CyberConnect2,18999,0,59.99,29.99
Brutal Legend,225260,멀티/경쟁,S1 ~2016,매우긍정,2013,4928.0,0,"Brütal Legend is an action-adventure that marries visceral action combat with open-world freedom. Set in a universe somewhere between Lord of the Rings and Spinal Tap, it’s a fresh",Double Fine Productions,18971,0,14.99,14.99
Pillars of Eternity II: Deadfire,560130,싱글 서사,S2 2017-18,매우긍정,2018,3031.0,0,Patch 5.0 - Turn-based mode and The Ultimate challenge out now! Pursue a rogue god over land and sea in the sequel to the multi-award-winning RPG Pillars of Eternity. Captain your ,Obsidian Entertainment,18931,0,19.99,19.99
X-Plane 11,269950,멀티/경쟁,S2 2017-18,매우긍정,2017,3435.0,0,"The future of flight simulation is now! X-Plane 11 is the detailed, realistic, and modern simulator you’ve been waiting for. Intuitive user interface, 3-D cockpits, new effects, 3-",Laminar Research,18917,0,29.99,29.99
Night in the Woods,481510,싱글 서사,S2 2017-18,매우긍정,2017,3472.0,0,"NIGHT IN THE WOODS is an adventure game focused on exploration, story, and character, featuring dozens of characters to meet and lots to do across a lush, vibrant world.",Infinite Fall,18741,0,19.99,19.99
Death's Door,894020,싱글 서사,S3 2019-22,매우긍정,2021,1862.0,0,죽은 자의 영혼을 수확하고 시간을 끝내는 것은 단조로울 수 있지만 까마귀에겐 평범한 일입니다. 하지만 주어진 영혼을 도둑맞게 되면 변화가 일어납니다. 영혼을 도난하고 죽음의 손길이 닿지 않는 영역으로 도망친 절망적인 도둑을 추적하십시오.,Acid Nerve,18668,0,19.99,19.99
FlatOut 2,2990,멀티/경쟁,S1 ~2016,압도적긍정,2006,7187.0,0,"Experience the drive of your life as you throw yourself around on and off the track causing fences to shatter, tyre walls explode, water tanks and barrels fly across the track into","Bugbear Entertainment, ZOOM Platform Media, Jordan Freeman G",18660,0,9.99,9.99
ENDLESS Legend™,289130,멀티/경쟁,S1 ~2016,매우긍정,2014,4359.0,0,ENDLESS Legend™ is a 4X turn-based fantasy strategy game by the creators of ENDLESS Space™ and Dungeon of the ENDLESS™. Control every aspect of your civilization as you struggle to,AMPLITUDE Studios,18631,0,29.99,29.99
Creative Destruction,893520,멀티/경쟁,S2 2017-18,대체로긍정,2018,2945.0,0,Welcome to the world of Creative Destruction where everything is fully destructible! Creative Destruction is a new FPS/TPS sandbox survival game that features the utmost fun of bui,NetEase Games,18511,0,0.0,0.0
Going Medieval,1029780,전략/시뮬,S4 2023-25,매우긍정,2026,161.0,0,"야생으로 돌아간 땅에서 나만의 성 정착지를 건설하고 관리하세요. 세부적인 관리, 생존 전략, 모드 지원 샌드박스 세계를 갖춘 게임, Going Medieval에서 여러분의 목표는 종말 후 세계에서 가장 강력한 식민지를 세우는 것입니다.",Foxy Voxel,18506,0,29.99,29.99
Secret Neighbor: Hello Neighbor Multiplayer,859570,멀티/경쟁,S3 2019-22,매우긍정,2019,2497.0,0,Hello Neighbor Multiplayer. Secret Neighbor is a Multiplayer Social Horror Game where a group of intruders try to rescue their friend from the Neighbor's creepy basement. Only prob,"Hologryph, Eerie Guest Studios",18499,0,19.99,19.99
Rogue Legacy,241600,싱글 서사,S1 ~2016,매우긍정,2013,4807.0,0,"Rogue Legacy is a genealogical rogue-&quot;LITE&quot; where anyone can be a hero. Each time you die, your child will succeed you. Every child is unique. One child might be colorbli",Cellar Door Games,18477,0,14.99,14.99
Car For Sale Simulator,2248760,전략/시뮬,S4 2023-25,매우긍정,2024,662.0,0,"Car For Sale Simulator - Developed for car enthusiasts, grow your own car sales business by buying and selling different car models. Drive the purchased cars as you wish, repair th",Red Axe Games,18452,0,16.99,16.99
Operation: Harsh Doorstop,736590,멀티/경쟁,S4 2023-25,대체로긍정,2023,1287.0,0,"Operation: Harsh Doorstop is the ultimate, free to play, tactical shooter sandbox. Play singleplayer, multiplayer, or co-op modes and explore thousands of community-created maps, w",Drakeling Labs,18420,1,0.0,0.0
NIGHT-RUNNERS™ PROLOGUE,2707900,전략/시뮬,S4 2023-25,압도적긍정,2024,914.0,0,"Descend into the underworld of Japanese street racing. Set between 1990-2009, join the local street racing crews in their battle for territory control. Explore the real location op",PLANET JEM,18415,1,0.0,0.0
Tales of Berseria™,429660,싱글 서사,S2 2017-18,매우긍정,2017,3498.0,0,"Players embark on a journey of self-discovery as they assume the role of Velvet, a young woman whose once kind demeanor has been replaced and overcome with a festering anger and ha",BANDAI NAMCO Studios Inc.,18408,0,49.99,49.99
RuneScape: Dragonwilds,1374490,협동,S4 2023-25,매우긍정,2025,497.0,0,"RuneScape의 잊힌 대륙, 애셴폴에서 마침내 드래곤들이 눈을 뜹니다. 자원을 채집해 기지를 건설하고, 스킬을 연마하며 장비를 제작하세요. 이 협동 생존 어드벤처에서 오직 끝까지 살아남아 고대의 비밀을 밝혀낸 자만이... 비로소 흉포한 드래곤 여왕에게 맞설 수 있을 것입니다.",Jagex Ltd,18400,0,29.99,29.99
Devil May Cry 4 Special Edition,329050,액션/캐주얼,S1 ~2016,매우긍정,2015,4081.0,0,대성공을 거둔 스타일리시한 DMC4가 새로운 플레이 가능 캐릭터와 게임 모드를 자랑하며 전보다 개선된 상태로 돌아왔습니다!,"CAPCOM Co., Ltd.",18395,0,24.99,24.99
Dungeons 3,493900,협동,S2 2017-18,매우긍정,2017,3238.0,0,"At last, the Dungeon Lord has successfully united the forces of evil and established his dark empire. Time for the next step in his most diabolical quest: expansion!",Realmforge Studios,18382,0,29.99,29.99
Project CARS 2,378860,멀티/경쟁,S2 2017-18,매우긍정,2017,3260.0,0,"최고의 드라이버 여정 Project CARS 2는 멋진 차들의 레이싱 액션을 선사합니다. 진짜로 운전하는 느낌, 변동적인 기후 그리고 모두가 즐길 수 있는 다양한 게임 모드를 제공합니다.",Slightly Mad Studios,18374,0,0.0,0.0
Old School RuneScape,1343370,멀티/경쟁,S3 2019-22,매우긍정,2021,2008.0,0,"The best retro fantasy MMORPG on the planet. Old School is RuneScape but… older! This is the open world you know and love, but as it was in 2007. Saying that, it’s even better than",Jagex Ltd,18335,1,0.0,0.0
Age of Wonders 4,1669000,멀티/경쟁,S4 2023-25,매우긍정,2023,1211.0,0,Rule a fantasy realm of your own design! Explore new magical realms in Age of Wonders’ signature blend of 4X strategy and turn-based tactical combat. Control a faction that grows a,Triumph Studios,18251,0,49.99,49.99
Murders on the Yangtze River,1746030,싱글 서사,S4 2023-25,압도적긍정,2024,938.0,0,&quot;Murders on Yangtze River&quot; is an Ace Attorney-like detective game that takes you on a journey through early 20th century China as you solve a series of intriguing cases. ,OMEGAMES STUDIO,18192,0,14.99,14.99
The Expendabros,312990,싱글 서사,S1 ~2016,압도적긍정,2014,4403.0,0,The Expendabros have assembled and set their sights on the forces of ruthless arms dealer Conrad Stonebanks in the forests of Eastern Europe.,Free Lives,18174,1,0.0,0.0
Darksiders II Deathinitive Edition,388410,싱글 서사,S1 ~2016,대체로긍정,2015,3946.0,0,The ultimate DARKSIDERS II experience! 1080p native resolution. Reworked and tuned game balancing and loot distribution. Improved Graphic Render Engine for even higher visual quali,"Gunfire Games, Vigil Games, THQ Nordic",18110,0,29.99,29.99
Assassin’s Creed® Rogue,311560,싱글 서사,S1 ~2016,매우긍정,2015,4173.0,0,"Introducing Assassin’s Creed® Rogue, the darkest chapter in the Assassin’s Creed franchise yet. As Shay, you will experience the slow transformation from Assassin to Assassin Hunte","Ubisoft Sofia, Ubisoft Kiev",18062,0,19.99,19.99
Dungeon Defenders,65800,협동,S1 ~2016,매우긍정,2011,5425.0,0,Create a hero from one of four classes to save Etheria in this 4-player coop Tower Defense Action-RPG. Includes Steam exclusive Portal gun &amp; TF2 familiars!,Chromatic Games,18060,0,14.99,14.99
Crash Bandicoot™ N. Sane Trilogy,731490,액션/캐주얼,S2 2017-18,매우긍정,2018,2979.0,0,"Your favorite marsupial, Crash Bandicoot™, is back! He’s enhanced, entranced and ready-to-dance with the N. Sane Trilogy. Relive all your favorite moments in Crash Bandicoot™, Cras","Vicarious Visions, Iron Galaxy Studios",18034,0,39.99,39.99
The Riftbreaker,780310,협동,S3 2019-22,매우긍정,2021,1776.0,0,"The Riftbreaker is a solo or Co-op base-building, survival game with Action-RPG elements for up to 4 players. Hack &amp; slash countless hordes of enemies. Build up your base, craf",EXOR Studios,18005,0,29.99,8.99
Nuclear Throne,242680,협동,S1 ~2016,압도적긍정,2015,3916.0,0,"Nuclear Throne is a post-apocalyptic roguelike-like top-down shooter. Not 'the final hope of humanity' post-apocalyptic, but 'humanity is extinct and mutants and monsters now roam ",Vlambeer,17979,0,11.99,11.99
Gorogoa,557600,싱글 서사,S2 2017-18,압도적긍정,2017,3176.0,0,Gorogoa(고로고아)는 Jason Roberts가 디자인하고 일러스트레이션을 손으로 그린 아름다운 차세대 퍼즐 게임입니다.,Buried Signal,17966,0,14.99,3.74
FINAL FANTASY® XIII,292120,싱글 서사,S1 ~2016,대체로긍정,2014,4338.0,0,Final Fantasy XIII is a fantasy RPG in which a band of brave humans struggle against fate in the utopian sky city of Cocoon and the primeval world of Pulse. Follow stylish heroine ,Square Enix,17930,0,15.99,15.99
Psychonauts,3830,액션/캐주얼,S1 ~2016,압도적긍정,2006,7258.0,0,"A Psychic Odyssey Through the Minds of Misfits, Monsters, and Madmen. This classic action/adventure platformer from acclaimed developers Double Fine Productions follows the story o",Double Fine Productions,17925,0,9.99,9.99
Sniper: Ghost Warrior 2,34870,액션/캐주얼,S1 ~2016,대체로긍정,2013,4915.0,0,Sniper: Ghost Warrior 2 takes the bulls-eye precision of its predecessor to new and exciting heights!,City Interactive,17916,0,9.99,9.99
Streets of Rage 4,985890,멀티/경쟁,S3 2019-22,매우긍정,2020,2308.0,0,"Amongst the best beat’em up series ever created, jammin’ ‘90s beats and over the top street fighting, the iconic series Streets of Rage comes back with a masterful tribute to and r","Dotemu, Guard Crush, Lizardcube",17915,0,24.99,24.99
Gone Home,232430,싱글 서사,S1 ~2016,대체로긍정,2013,4758.0,0,"June 7th, 1995. 1:15 AM. You arrive home after a year abroad. You expect your family to greet you, but the house is empty. Something's not right. Where is everyone? And what's happ",Fullbright,17889,0,14.99,14.99
Hyper Light Drifter,257850,멀티/경쟁,S1 ~2016,매우긍정,2016,3799.0,0,"Explore a beautiful, vast and ruined world riddled with dangers and lost technologies.",Heart Machine,17843,0,19.99,19.99
Century: Age of Ashes,918570,멀티/경쟁,S3 2019-22,대체로긍정,2021,1727.0,0,"Century: Age of Ashes is a free-to-play multiplayer dragon shooter. Master a growing roster of classes and dragons, compete in intense arena battles and rule the skies in fast-pace",Playwing LTD,17740,1,0.0,0.0
Neon White,1533420,싱글 서사,S3 2019-22,압도적긍정,2022,1531.0,0,Neon White is a single-player speedrunning FPS where you can sacrifice your guns for godlike parkour moves.,Angel Matrix,17723,0,24.99,9.99
Placid Plastic Duck Simulator,1999360,협동,S3 2019-22,압도적긍정,2022,1511.0,0,"최고의 첨단 기술을 이용한 고무 오리 시뮬레이션, 편안한 플라스틱 시뮬레이터가 치명적인 수준의 안정감을 선사해드립니다. 편안한 음악, 몽환적인 3D 그래픽, 그리고 다양한 종류의 오리들, 오직 해야 할 것은 하나, 떠다니는 것입니다. 오리만 있'오리'",turbolento games,17685,0,1.99,0.99
Zombie Army Trilogy,301640,협동,S1 ~2016,매우긍정,2015,4190.0,0,"The cult horror shooter series comes to an apocalyptic conclusion with an epic new third chapter, a heart-pumping new horde mode, and remastered editions of the best-selling Nazi Z",Rebellion,17663,0,44.99,4.49
"Warhammer® 40,000: Dawn of War® - Soulstorm",9450,전략/시뮬,S1 ~2016,압도적긍정,2008,6747.0,0,비평가들의 극찬을 받은 실시간 전략 게임 던 오브 워의 세 번째 마지막 확장입니다. 소울스톰에서는 두 개의 새로운 군대인 시스터 오브 배틀과 다크 엘다가 등장해 플레이 가능한 군대가 총 9개로 늘어납니다. 다크 크루세이드에서 처음으로 소개된 혁신적인 메타 게임으로 행성 간 규모로 확장되어 플레이어가 스타 시스템 곳곳에서 ,Relic Entertainment,17611,0,0.0,0.0
Last Man Standing,506540,멀티/경쟁,S2 2017-18,평가나쁨,2017,3436.0,0,"The Ultimate BATTLE ROYALE! Sharpen your skills and kill everyone in your way as you hunt for guns, gear and glory in a massive battlefield where only ONE can be crowned the LAST M","Free Reign Entertainment, Free Reign Entertainment",17587,0,0.0,0.0
Poly Bridge,367450,전략/시뮬,S1 ~2016,매우긍정,2016,3696.0,0,"풍부한 콘텐츠의 신선한 다리 건설 시뮬레이션 게임에서 당신의 창의력을 발휘해 보세요. 물리 효과를 기반으로 한 퍼즐 스타일의 캠페인과, 나만의 다리 및 퍼즐을 설계할 수 있는 샌드박스 모드가 준비되어 있습니다!",Dry Cactus,17584,0,9.99,9.99
Drunken Wrestlers 2,667530,멀티/경쟁,S3 2019-22,매우긍정,2019,2703.0,0,Drunken Wrestlers 2 is a funny physics-based multiplayer fighting game. Features include character customization and a powerful mod editor integrated with Steam Workshop.,Oleg Skutte,17582,0,3.99,3.99
Will To Live Online,707010,멀티/경쟁,S2 2017-18,평가나쁨,2018,3064.0,0,"Will To Live is a MMORPG-shooter whose action takes place in a severe post-apocalyptic world. Explore the world, engage in fights with mutants and other survivors, join the clans i",AlphaSoft LLC,17577,1,0.0,0.0
RAGE,9200,협동,S1 ~2016,대체로긍정,2011,5440.0,0,"Powered by id’s revolutionary id Tech® 5 technology, RAGE is an intense first-person shooter with breakneck vehicle combat, an expansive world to explore, and jaw-dropping graphics",id Software,17561,0,9.99,9.99
The First Berserker: Khazan,2680010,싱글 서사,S4 2023-25,매우긍정,2025,516.0,0,"퍼스트 버서커: 카잔은 하드코어 액션 롤플레잉 게임입니다. 플레이어는 죽음을 극복한 펠로스 제국의 대장군 카잔이 되어, 자신이 몰락하게된 사건을 파헤치고 적들에게 복수를 하기 위한 모험을 떠납니다.",Neople,17549,0,59.99,59.99
State of Decay,241540,전략/시뮬,S1 ~2016,매우긍정,2013,4676.0,0,"세상의 종말이 왔습니다. 좀비 대량 발생 사태 이후로 지금까지 누리던 평범한 생활은 완전히 끝났습니다. 몇 안 남은 생존자들과 힘을 합쳐서 역동적인 개방형 세계에서 생존하는 것이 이 3인칭 액션 게임의 목표입니다. 원하는 위치에 기지를 짓고 설계 및 강화하십시오. 식량과 탄약을 얻기 위해 급습 작전을 펼치고, 독특한 재능",Undead Labs,17528,0,0.0,0.0
NEKOPARA Vol. 0,385800,액션/캐주얼,S1 ~2016,매우긍정,2015,4026.0,0,"Please note that NEKOPARA Vol. 0 is a fandisc for NEKOPARA Vol. 1What's NEKOPARA? Why, it's a cat paradise! This is a story just before Kashou opened &quot;La Soleil&quot;.Enjoy a ",NEKO WORKs,17525,0,2.99,2.99
F1® 23,2108330,멀티/경쟁,S4 2023-25,매우긍정,2023,1167.0,0,2023 FIA Formula One World Championship™의 공식 비디오 게임인 EA SPORTS™ F1® 23에서 가장 마지막에 브레이크를 밟으세요. 스릴 넘치는 &quot;Braking Point&quot; 스토리 모드의 신규 챕터는 빠른 속도로 전개되는 드라마와 화끈한 라이벌 관계로 가득합니다.,Codemasters,17515,0,0.0,0.0
Before Your Eyes,1082430,싱글 서사,S3 2019-22,압도적긍정,2021,1965.0,0,"실제 눈 깜박임을 이용하여 스토리와 결과를 조작하는 감성적인 1인칭 내러티브 어드벤처를 시작하세요. 이 혁신적인 기술을 통해 당신의 인생 전체가 눈앞에서 빛나는 것처럼, 즐겁고 가슴 아픈 기억의 세계에 완전히 빠져들게 될 것입니다.","GoodbyeWorld Games, Nice Dream",17499,0,9.99,1.99
Wildermyth,763890,협동,S3 2019-22,매우긍정,2021,1897.0,0,"Wildermyth follows heroes over their whole careers, from their pitchfork days to their powerful primes, and on into old age and memory. It’s a party-based procedural storytelling R",Worldwalker Games LLC,17491,0,24.99,24.99
Maneater,629820,싱글 서사,S3 2019-22,매우긍정,2021,1918.0,0,바다의 최상위 포식자인 거대 상어가 되어 강력한 힘을 느껴보세요! 해변을 공포로 몰아넣으세요. 수영을 즐기는 사람들과 다이버들을 갈갈이 찢어버리고 인간들에게 공포를 심어주세요!,Tripwire Interactive,17432,0,39.99,39.99
The Culling,437220,협동,S2 2017-18,평가나쁨,2017,3246.0,0,"Battle Royale is back! In a remote island paradise, 16 contestants have 25 minutes to explore, scavenge items, craft weapons, build traps, hunt and kill each other. Only one will b",Xaviant,17397,0,0.0,0.0
Iron Snout,424280,액션/캐주얼,S1 ~2016,압도적긍정,2016,3863.0,0,"Iron Snout is a fast, colorful and brutal fighting game in which you will be helping a piglet fight for its life against hordes of wolves.",SnoutUp,17346,1,0.0,0.0
Refunct,406150,싱글 서사,S1 ~2016,압도적긍정,2015,3966.0,0,"Refunct is a peaceful, short first-person platformer about restoring a vibrant world.",Dominique Grieshofer,17331,0,2.99,2.99
Escape Simulator,1435790,멀티/경쟁,S3 2019-22,매우긍정,2021,1771.0,0,"Escape Simulator는 단독 또는 온라인 협동 플레이가 가능한 1인칭 퍼즐 게임입니다. 점점 더 많아지는, 고도의 상호 작용이 가능한 방탈출 세트를 탐험하세요. 가구를 옮기고, 모든 것을 집어 들고 검사하고, 냄비를 부수고 자물쇠를 부수세요! 레벨 편집기를 통해 커뮤니티가 만든 방을 지원합니다.",Pine Studio,17308,0,19.99,19.99
Plants vs. Zombies: Battle for Neighborville™,1262240,멀티/경쟁,S3 2019-22,대체로긍정,2020,2273.0,0,"세상에서 가장 기묘한 슈팅 게임, 식물 vs. 좀비: 네이버빌의 대난투에서 벌어지는 치열한 전투에 대비하세요!",PopCap,17255,0,29.99,29.99
Machinarium,40700,싱글 서사,S1 ~2016,압도적긍정,2009,6157.0,0,"Machinarium (머시나리움)은 앱스토어 히트 게임인 Samorost (사모로스트)와 Botanicula (보타니큘라)의 제작자들이 만든, 다수 수상에 빛나는 인디 어드벤처 게임입니다. 블랙캡 브라더후드 갱이 납치한 로봇 조세프의 여자 친구 베르타를 구하세요.",Amanita Design,17244,0,19.99,19.99
Mr.Mine,1397920,전략/시뮬,S3 2019-22,매우긍정,2020,2155.0,0,부자가 되던지 땅파다 죽으세요! 광산을 헤쳐나가며 보물을 발굴하고 지하 깊은 곳에 어떤 위대한 신비가 있는지 발견하세요!,Playsaurus,17216,1,0.0,0.0
Changed,814540,싱글 서사,S2 2017-18,매우긍정,2018,3065.0,0,"한 실험소 에 갇혀 있다. 방법을 다하여 너는 여전히 ‘ 너 자신을 ’ 이라고 생각하며, 계속하여 살아갈 것이다.",DragonSnow,17204,0,4.99,4.99
Pony Island,405640,액션/캐주얼,S1 ~2016,압도적긍정,2016,3886.0,0,"Pony Island is a suspense puzzle game in disguise. You are in limbo, trapped in a malevolent and malfunctioning arcade machine devised by the devil himself. It is not a game about ",Daniel Mullins Games,17182,0,4.99,4.99
Clustertruck,397950,액션/캐주얼,S1 ~2016,매우긍정,2016,3619.0,0,Clustertruck is a chaotic physics based truckformer. Jump your way through insane levels in a game of &quot;the floor is lava&quot; on top of speeding trucks driven by terrible dri,Landfall,17154,0,14.99,14.99
Sonic & All-Stars Racing Transformed Collection,212480,액션/캐주얼,S1 ~2016,매우긍정,2013,4954.0,0,"Compete across land, water and air in incredible transforming vehicles that change from cars to boats to planes mid-race.",Sumo Digital,17143,0,19.99,19.99
Another Crab's Treasure,1887840,싱글 서사,S4 2023-25,매우긍정,2024,852.0,0,활기찬 저 바다 속 왕국이 무너질 위기에 처했습니다. 소라게는 보물 사냥을 떠나 압류당한 껍질을 되찾으려 합니다. 두 번째 게임은 AGGRO CRAB입니다.,Aggro Crab,17139,0,29.99,29.99
Call of Duty®: Black Ops,42710,협동,S1 ~2016,매우긍정,2010,5769.0,0,The biggest first-person action series of all time and the follow-up to critically acclaimed Call of Duty®: Modern Warfare 2 returns with Call of Duty®: Black Ops.,Treyarch,17134,0,39.99,39.99
SCARLET NEXUS,775500,싱글 서사,S3 2019-22,매우긍정,2021,1888.0,0,"뇌와 기술이 발달한 세계를 무대로 자신의 '염력'과 동료들이 가진 다양한 힘을 구사하여 싸우는 초뇌능력 액션, 그리고 2명의 주인공 시점에서 그려지는 중후한 이야기를 체험할 수 있는 '브레인 펑크 액션 RPG' 게임",BANDAI NAMCO Studios Inc.,17125,0,59.99,9.59
Devil May Cry HD Collection,631510,액션/캐주얼,S2 2017-18,매우긍정,2018,3087.0,0,"『데빌메이크라이』, 『데빌메이크라이 2』, 『데빌메이크라이 3 스페셜에디션』이 1개의 패키지로 재 등장! 최강의 데빌헌터인 단테와 트리쉬, 레이디, 루시아 등 매력적인 캐릭터와 함께 스타일리쉬액션을 HD화질로 마음껏 즐겨라.","CAPCOM Co., Ltd.",17118,0,29.99,29.99
Antichamber,219890,싱글 서사,S1 ~2016,압도적긍정,2013,4954.0,0,"Antichamber is a mind-bending psychological exploration game where nothing can be taken for granted. Discover an Escher-like world where hallways wrap around upon each other, space",Alexander Bruce,17115,0,19.99,19.99
Dawn of Man,858810,전략/시뮬,S3 2019-22,매우긍정,2019,2734.0,0,"고대 인간들의 마을을 지배하고, 수세기 동안 이어질 생존 투쟁을 도와주십시오. 사냥, 채집, 도구 제작, 전투, 기술 연구를 통해 주변 환경에 도사리는 도전을 헤쳐나가십시오.",Madruga Works,17097,0,24.99,12.49
Stronghold Crusader 2,232890,멀티/경쟁,S1 ~2016,대체로긍정,2014,4355.0,0,Stronghold Crusader 2 is the long awaited sequel to the original castle sim. After 12 years Stronghold returns to the desert with a new 3D engine and powerful Havok Physics. Crusad,Firefly Studios,17082,0,39.99,3.99
Necesse,1169040,멀티/경쟁,S4 2023-25,매우긍정,2025,313.0,0,"Build, quest, and conquer across an infinite procedurally generated world. Play alone or with friends as you establish a settlement and explore deep dungeons, fight monsters and bo",Fair Games ApS,17071,0,14.99,14.99
The Crew™,241560,멀티/경쟁,S1 ~2016,평가나쁨,2014,4284.0,0,"The Crew is a revolutionary action-driving MMO, developed exclusively for next-gen consoles and high-end PCs that leverage new hardware capabilities to connect players online like ",Ivory Tower in collaboration with Ubisoft Reflections,17039,0,0.0,0.0
How to Survive,250400,협동,S1 ~2016,매우긍정,2014,4379.0,0,"배가 난파되어 고립된 섬에 좌초하게 된 당신, 기괴함으로 가득한 이 섬에서 필사적인 조난자가 되었습니다. 어떻게 살아 남으시겠습니까? &quot;생존 가이드&quot;의 페이지를 모으고 살아남는 방법을 알아내십시오! 비염횡사하기 전에 음식, 물, 피난처를 찾으세요. 점점 어두워지고 있나요? 어두운 밤에 살아남는 방법을 알",Eko Software,17025,0,14.99,14.99
Company of Heroes,228200,전략/시뮬,S1 ~2016,매우긍정,2006,7288.0,0,실감 나는 제2차 세계 대전 게임인 Company of Heroes는 영웅적인 병사의 희생과 전쟁으로 파괴된 지역 그리고 역동적인 전장에 생명을 불어넣은 차세대 실시간 전략 게임입니다. 추가 사용자 리뷰는 &quot;Company of Heroes - 레거시 에디션&quot; 페이지에서 확인하십시오.,Relic Entertainment,16971,0,14.99,14.99
Astral Party ,2622000,멀티/경쟁,S4 2023-25,평가나쁨,2024,909.0,0,"Astral Party is a multiplayer party game populated by cute anime girls! Choose your favorite character, strategize skills &amp; cards, and roll the dice to destroy friendships in t",STAR ENGINE PROJECT,16969,1,0.0,0.0
Real Pool 3D - Poolians,670290,멀티/경쟁,S2 2017-18,대체로긍정,2018,3155.0,0,Real Pool 3D (Poolians)는 최고의 온라인 당구 게임 중 하나입니다. 전 세계의 컴퓨터 또는 실제 플레이어와 대결하십시오! 8 가지 유형의 풀 게임과 팀 플레이 모드를 지원합니다.,Poolians.com,16960,1,0.0,0.0
F.E.A.R.,21090,액션/캐주얼,S1 ~2016,매우긍정,2010,5940.0,0,Experience the original F.E.A.R. along with F.E.A.R. Extraction Point and F.E.A.R. Perseus Mandate.,"Monolith Productions, Inc., Timegate",16936,0,9.99,9.99
Shop Titans,1258080,협동,S3 2019-22,대체로긍정,2020,2303.0,0,"당신은 이 마을의 새로운 숙련된 장인입니다. 마을의 히어로들을 도와 지하 던전에 숨어있는 무시무시한 몬스터들을 상대해 보세요. 마을을 지키는 히어로들의 멋진 갑옷, 검, 무기들을 만들어서 상점을 개성 있게 꾸며 보세요. 다른 상점에 가장 높은 가격으로 물건을 거래, 판매 및 경매를 해보세요. 또한, 전사들에게 더 비싼 가","Kabam Games, Inc.",16928,1,0.0,0.0
60 Seconds! Reatomized,1012880,전략/시뮬,S3 2019-22,매우긍정,2019,2588.0,0,"종말 이후 세계를 무대로 한 블랙 코미디가 돌아왔습니다 - 리마스터와 함께 더 많은 방사능에 노출됐죠! 물자를 찾고, 가족을 구해 낙진 방공호 속에서 살아남으세요. 어려운 선택의 기로들을 넘고, 돌연변이 바퀴벌레들을 사냥하다 보면... 살아남을 수 있을지도 모릅니다. 아니면 말고요.",Robot Gentleman,16924,0,9.99,9.99
CrossCode,368340,싱글 서사,S2 2017-18,매우긍정,2018,2896.0,0,"A retro-inspired 2D Action RPG set in the distant future. CrossCode combines 16-bit SNES-style graphics with butter-smooth physics, a fast-paced combat system, and engaging puzzle ",Radical Fish Games,16866,0,19.99,19.99
Sonic Adventure DX,71250,액션/캐주얼,S1 ~2016,매우긍정,2011,5653.0,0,An ancient evil lurking within the Master Emerald has been unleashed from its slumber by the devious Dr. Eggman and is on the verge of becoming the ultimate monster using the 7 Cha,SEGA,16847,0,7.99,3.99
The Walking Dead: A New Frontier,536220,싱글 서사,S1 ~2016,매우긍정,2016,3535.0,0,"After society was ripped apart by undead hands, pockets of civilization emerge from the chaos. But at what cost? Can the living be trusted on this new frontier?",Telltale Games,16846,0,14.99,3.74
Far Cry® 2,19900,액션/캐주얼,S1 ~2016,대체로긍정,2008,6516.0,0,"You are a gun for hire, trapped in a war-torn African state, stricken with malaria and forced to make deals with corrupt warlords on both sides of the conflict in order to make thi",Ubisoft Montreal,16837,0,9.99,9.99
Myth of Empires,1371580,멀티/경쟁,S4 2023-25,평가나쁨,2024,916.0,0,"'미스 오브 엠파이어'는 높은 자유도의 냉병기 전쟁 테마 멀티플레이 샌드박스 게임입니다. 플레이어는 여러 문명이 공존하는 세계에서 생존, 건설, 관리 및 창조 등의 푸짐한 콘텐츠를 체험할 수 있습니다. 또한, 거대한 PVE, 또는 PVP 세계에서 플레이어는 세력을 이끌고 성과 영지를 점령하여 자신만의 제국을 이룩할 수 있",Angela Game,16812,0,29.99,29.99
ATLYSS,2768430,멀티/경쟁,S4 2023-25,압도적긍정,2024,641.0,0,"Enter the world of ATLYSS, a Singleplayer/Online RPG where you can fight with or against friends in a surreal world filled with creatures beyond comprehension. Customize and progre",Kiseff,16773,0,9.99,9.99
Age of Mythology: Retold,1934680,멀티/경쟁,S4 2023-25,매우긍정,2024,720.0,0,"수상 경력에 빛나는 Age of Empires 프랜차이즈의 제작진이 선보이는 Age of Mythology: Retold는 역사를 넘어 신, 괴물, 인간이 충돌하는 신화 시대로 이어집니다.","World's Edge, Forgotten Empires, Tantalus Media, CaptureAge,",16708,0,29.99,29.99
Toribash,248570,멀티/경쟁,S1 ~2016,매우긍정,2014,4484.0,0,"Toribash is an innovative free-to-play online turn-based fighting game where you’re able to design your own moves. Complete control over character's body, hundreds of game mods and",Nabi Studios,16703,1,0.0,0.0
SpongeBob SquarePants: Battle for Bikini Bottom - Rehydrated,969990,협동,S3 2019-22,매우긍정,2020,2254.0,0,"어린이 여러분, 준비되셨나요? 컬트 클래식이 스폰지-환상적으로 다시 제작되어 돌아왔습니다! 스폰지밥, 뚱이, 다람이로 플레이하고 악당 플랑크톤에게 범죄의 대가는 집게사장보다 무섭다다는 것을 가르쳐주세요.",Purple Lamp,16681,0,29.99,29.99
Yakuza Kiwami 2 (Legacy),927380,싱글 서사,S3 2019-22,압도적긍정,2019,2665.0,0,"시리즈 두 번째 타이틀인 &quot;용과 같이2&quot; 를 드래곤 엔진으로 부활시킨 풀 리메이크 작품 &quot;용과 같이 극2&quot; 등장! 일찍이 &quot;도지마의 용&quot;이라 불린 전설의 사나이 키류 카즈마와 &quot;간사이의 용&quot;이라 불리는 최강의 야쿠자 고다 류지,진정한 용을 가리기 위한",Ryu Ga Gotoku Studio,16661,0,19.99,10.99
Murdered: Soul Suspect,233290,싱글 서사,S1 ~2016,매우긍정,2014,4464.0,0,"MURDERED: SOUL SUSPECT™ takes players into a whole new realm of mystery where the case is personal and the clues just out of reach, challenging gamers to solve the hardest case of ",Airtight Games,16651,0,19.99,19.99
Sanfu,1880330,싱글 서사,S4 2023-25,매우긍정,2023,1125.0,0,2000年，山城市新闻频道的电视画面莫名跳出一则旧广告，而广告的代言人是已经去世的特异功能少年——三眼神童。有传闻三眼神童的亡魂劫持了电视信号。 调查局受命展开调查。随着调查的深入，一个藏在黑暗处的犯罪团伙逐渐浮出水面。,Shiying Studio,16649,0,10.99,10.99
Thronebreaker: The Witcher Tales,973760,싱글 서사,S2 2017-18,매우긍정,2018,2846.0,0,"'더 위쳐 3: 와일드 헌트'의 제작진이 탄생시킨 새 RPG 게임. 제국의 침략이 임박한 가운데, 노련한 전쟁 용사인 리리아와 리비아의 여왕 메브는 다시 한번 출정에 나서면서 파괴와 복수로 가득한 여정에 오르게 되는데...",CD PROJEKT RED,16638,0,19.99,19.99
Mass Effect™: Andromeda Deluxe Edition,1238000,협동,S3 2019-22,대체로긍정,2020,2266.0,0,Mass Effect: Andromeda로 은하수 너머의 안드로메다 은하로 날아가세요.,BioWare,16576,0,39.99,39.99
BLOCKPOST LEGACY,706990,멀티/경쟁,S3 2019-22,대체로긍정,2019,2679.0,0,Procedural cubic 3D-shooter in the best traditions of the genre. The game is a rich cocktail consisting of the most popular and functional gaming solutions. Customization of charac,Skullcap Studios,16561,1,0.0,0.0
WARMODE,391460,멀티/경쟁,S3 2019-22,평가나쁨,2019,2538.0,0,"Free to play shooter about the confrontation of two irreconcilable sides, represented by the government military housings and the armed hirelings. Try your hand at virtual battles ",Novalink,16530,1,0.0,0.0
No More Room in Hell 2,292000,협동,S4 2023-25,평가나쁨,2026,14.0,0,No More Room in Hell 2 is an intense 8 player zombie shooter. Overcome the endless undead. Avoid infection. Survive hell together.,Torn Banner Studios,16515,0,29.99,19.49
Surgeon Simulator,233720,전략/시뮬,S1 ~2016,매우긍정,2013,4876.0,0,"Surgeon Simulator is an over-the-top operation sim, stitching together pitch-black humour with life-saving surgery. Become Dr. Burke, a would-be surgeon with a less than convention",Bossa Studios,16493,0,9.99,9.99
Terminator: Resistance,954740,싱글 서사,S3 2019-22,매우긍정,2019,2476.0,0,"Terminator: Resistance, is a first-person shooter set during the 'Future War' scenario that was only glimpsed at in the iconic films, 'THE TERMINATOR' and 'T2: JUDGMENT DAY'. The m",Teyon,16480,0,39.99,39.99
Codename CURE,355180,협동,S2 2017-18,매우긍정,2017,3220.0,0,"Codename CURE is a first person, co-operative zombie game with support for up to five players, providing dynamic, fast-paced zombie fragging with both objective, and survival-based",Raptor Byte,16478,1,0.0,0.0
BATTALION: Legacy,489940,멀티/경쟁,S3 2019-22,평가나쁨,2019,2651.0,0,BATTALION: Legacy recaptures the core of classic shooters in the final iteration of Battalion 1944. Return to the simple days of playing first person shooters with your friends. Gr,BULKHEAD,16455,1,0.0,0.0
Homefront®: The Revolution,223100,협동,S1 ~2016,평가나쁨,2016,3750.0,0,Homefront®: The Revolution is an open-world first person shooter where you must lead the Resistance movement in guerrilla warfare against a superior military force.,Dambuster Studios,16453,0,19.99,1.99
911 Operator,503560,전략/시뮬,S2 2017-18,매우긍정,2017,3469.0,0,"게임 간단 설명 이 게임은 긴급전화와 긴급 서비스를 관리하는 사람들의 어려움에 관한 게임입니다. 당신의 임무는 신고전화에 응답하고 알맞게 대처하는 것 입니다. - 응급처치를 알려주고, 조언하고, 알맞은 수의 소방관 / 경찰관 / 구급대원을 출동시키거나, 가끔은 - 그냥 전화를 무시할 수 있습니다. 전세계 아무 도시나 플레",Jutsu Games,16435,0,14.99,14.99
Mass Effect (2007),17460,싱글 서사,S1 ~2016,매우긍정,2008,6458.0,0,"As Commander Shepard, you lead an elite squad on a heroic, action-packed adventure throughout the galaxy.",BioWare,16434,0,29.99,29.99
RAGE 2,548570,액션/캐주얼,S3 2019-22,평가나쁨,2019,2661.0,0,"광란의 오픈 월드의 대가 Avalanche Studios와 1인칭 슈팅 게임 제작자인 id Software가 공동 제작한 RAGE 2가 어떤 곳이든 갈 수 있고, 어떤 것이든 쏠 수 있으며, 모든 것을 폭발시키는 대학살의 축제로 여러분을 안내합니다.","id Software, Avalanche Studios",16406,0,39.99,39.99
Baldur's Gate: Enhanced Edition,228280,협동,S1 ~2016,매우긍정,2013,4969.0,0,"클래식의 귀환입니다! 발더스 게이트: 강화판은 오리지널 어드벤처는 물론 Tales of the Sword Coast까지 복원하고, 시대를 초월한 Dungeons &amp; Dragons 여정을 위해 편의성도 업그레이드했습니다.",Beamdog,16398,0,19.99,19.99
Mon Bazou,1520370,전략/시뮬,S4 2023-25,압도적긍정,2025,250.0,0,"Build your crappy vehicle into a race car, install the parts yourself. Make money by cutting wood, racing at night or delivering pizza. Maybe you want to manage a sugar shack or bu",Santa Goat,16364,0,15.99,15.99
MONOPOLY® PLUS,562810,멀티/경쟁,S2 2017-18,평가나쁨,2017,3274.0,0,모든 걸 차지하기 위해 떠나 봅시다! 화려하고 생동감 넘치는 3D 배경의 도시에 나만의 제국을 건설해 보십시오. MONOPOLY® PLUS에서는 PC 플랫폼에 놀라운 애니메이션 효과와 커스터마이징 하우스 룰을 적용해서 이전 타이틀보다 한층 발전한 모습을 선보입니다!,Ubisoft Pune,16351,0,0.0,0.0
ISLANDERS,1046030,전략/시뮬,S3 2019-22,매우긍정,2019,2700.0,0,ISLANDERS is a minimalist strategy game about building cities on colorful islands.,"Coatsink, GrizzlyGames, Stage Clear Studios",16316,0,4.99,4.99
Persona® 5 Strikers,1382330,싱글 서사,S3 2019-22,매우긍정,2021,2010.0,0,반격의 시간이다! 마음의 괴도단이 되어 전국에 숨어있는 악과 맞서 싸워라. 동료들과 즐겁게 보낼 예정이었던 여름 방학이 왜곡된 현실과 함께 급변한다..... 진실을 파헤치고 사람들의 빼앗긴 마음을 되찾아라!,ATLUS,16316,0,59.99,17.99
Spelunky,239350,멀티/경쟁,S1 ~2016,매우긍정,2013,4765.0,0,Spelunky is a unique platformer with randomized levels that offer a challenging new experience each time you play. Journey deep underground and explore fantastic places filled with,Mossmouth,16293,0,14.99,14.99
One Finger Death Punch,264200,액션/캐주얼,S1 ~2016,압도적긍정,2014,4558.0,0,"Experience cinematic kung-fu battles in the fastest, most intense brawler the indie world has ever seen! With the unique 1:1 response system of One Finger Death Punch, players will",Silver Dollar Games,16291,0,4.99,4.99
BONELAB,1592190,전략/시뮬,S3 2019-22,대체로긍정,2022,1426.0,0,"BONELAB is an experimental physics action game. Explore a mysterious lab filled with weapons, enemies, challenges and secrets. Escape your reality, or wreak havoc. No wrong answers",Stress Level Zero,16281,0,39.99,39.99
The Room 4: Old Sins,1361320,싱글 서사,S3 2019-22,압도적긍정,2021,2021.0,0,"The disappearance of an ambitious engineer and his high-society wife provokes a hunt for a precious artefact. The trail leads you to the attic of their home, and the discovery of a",Fireproof Games,16277,0,8.99,8.99
Labyrinthine,1302240,협동,S4 2023-25,매우긍정,2023,1103.0,0,"A co-op horror game like no other... Play with 1-8 players online as you solve puzzles, collect items and run from the horrors that lie within. Follow in the footsteps of Joan in t",Valko Game Studios,16258,0,9.99,9.99
Mountain,313340,전략/시뮬,S1 ~2016,매우긍정,2014,4390.0,0,Existential Nature Simulation,David OReilly,16243,0,0.99,0.99
Dome Keeper,1637320,멀티/경쟁,S3 2019-22,매우긍정,2022,1428.0,0,"이 독특한 로그라이크 액션 채광 게임에서 외계 괴물들의 공세를 막아내세요. 자원을 채굴하고, 유용한 장치를 모으고, 장비를 업그레이드해서 생존 확률을 높이세요. 하지만 돔이 파괴되기 전에 서둘러 돌아와야 합니다!",Bippinbits,16212,0,17.99,17.99
Nightingale,1928980,협동,S4 2023-25,평가나쁨,2024,917.0,0,&quot; Nightingale: 나이팅게일&quot;의 신비롭고 위험한 페이 렐름에 오신것을 환영합니다. 용감한 렐름 워커가 되어 혼자 혹은 친구들과 함께 모험을 떠나보세요! 빅토리아식 판타지 월드에서 탐험하면서 제작부터 건설 그리고 전투까지 모든 것을 즐길 수 있습니다.,Inflexion Games,16206,0,29.99,29.99
F1® 24,2488620,멀티/경쟁,S4 2023-25,대체로긍정,2024,816.0,0,그리드에 합류하여 20명의 드라이버 중 한 명이 되어보세요. 2024 FIA Formula One World Championship™의 공식 비디오 게임인 EA SPORTS™ F1® 24에서 최고의 드라이버처럼 질주하세요.,Codemasters,16196,0,69.99,69.99
Rome: Total War™ - Collection,4760,전략/시뮬,S1 ~2016,매우긍정,2007,6937.0,0,Control and conquer the greatest empire ever known to man.,CREATIVE ASSEMBLY,16177,0,0.0,0.0
Ravenswatch,2071280,협동,S4 2023-25,매우긍정,2024,698.0,0,옛날이야기와 전설 속의 몰락한 영웅인 여러분은 세계를 타락시키려고 침범한 나이트매어와 맞서 중대한 전투를 치러야 합니다. Curse of the Dead Gods© 제작진이 선보이는 로그라이크 액션 게임을 1인 또는 온라인 협동 모드로 플레이하세요.,Passtech Games,16153,0,24.99,12.49
DiRT 4,421020,멀티/경쟁,S2 2017-18,매우긍정,2017,3365.0,0,세계 최고의 오프로드 레이싱 시리즈가 돌아왔다! DiRT 4에서는 지금까지 없었던 최강 머신으로 지구에서 가장 험난한 도로를 질주하며 rallycross와 landrush 모드에서 랠리를 겨룹니다. 게임의 판도를 바꾸는 Your Stage 시스템은 버튼을 누르는 것만으로 수백만 개의 루트를 생성할 수 있습니다.,"Codemasters, Feral Interactive (Mac), Feral Interactive (Lin",16139,0,0.0,0.0
Serious Sam 4,257420,협동,S3 2019-22,매우긍정,2020,2161.0,0,"Serious Sam 4 reignites the classic FPS series in a high-powered prequel loaded with an explosive arsenal, intergalactic carnage, and perfectly timed one-liners.",Croteam,16128,0,39.99,39.99
RUNNING WITH RIFLES,270150,멀티/경쟁,S1 ~2016,매우긍정,2015,4163.0,0,"RUNNING WITH RIFLES 은 탑뷰 형식의 전술 슈팅 오픈월드 RPG 게임입니다. RWR에서 당신은, 당신의 주위에 있는 수많은 사람들과 같이, 평범한 군인으로서 군에 합류하게 됩니다.",Osumia Games,16127,0,14.99,14.99
Shovel Knight: Treasure Trove,250760,멀티/경쟁,S1 ~2016,압도적긍정,2014,4443.0,0,삽질 기사: 매장된 보물은 삽질 기사의 웅대한 이야기를 담은 총 5편의 게임을 하나로 묶은 완전판입니다! 고전 도트 그래픽 게임에서 영감을 얻어 창조된 환상적인 세계! 인상적인 캐릭터들이 등장하는 월드클래스 급 액션 어드벤처 속에서 파내고 파괴하고 베고 강타하며 앞으로 나아가세요!,Yacht Club Games,16112,0,39.99,39.99
Remember Me,228300,싱글 서사,S1 ~2016,매우긍정,2013,4831.0,0,Remember Me™는 사람들의 마음속에 들어가 기억을 훔치거나 바꿔 치는 능력을 가진 전 정예 기억사냥꾼인 닐린으로 플레이하는 3인칭 액션 어드벤처 게임입니다.,DONTNOD Entertainment,16097,0,29.99,29.99
The Escapists,298630,전략/시뮬,S1 ~2016,매우긍정,2015,4211.0,0,The Escapists provides players the opportunity of experiencing a light-hearted insight into everyday prison life with the main objective being that of escaping!,Mouldy Toof Studios,16050,0,17.99,17.99
STAR WARS™ Republic Commando™,6000,멀티/경쟁,S1 ~2016,압도적긍정,2009,6257.0,0,"You are the leader of an elite squad of Republic Commandos, your mission is to infiltrate, dominate, and ultimately, annihilate the enemy. Your squad will follow your orders and yo",LucasArts,16044,0,9.99,9.99
Sins of a Solar Empire®: Rebellion,204880,멀티/경쟁,S1 ~2016,매우긍정,2012,5187.0,0,심도 깊은 4X와 실시간 전략 시뮬레이션 게임 플레이가 통합된 새로운 독립형 확장팩인 Sins of a Solar Empire: Rebellion에서 우주제국을 지휘해보세요.,"Ironclad Games Corporation, Stardock Entertainment",16015,0,19.99,19.99
Peglin,1296610,전략/시뮬,S4 2023-25,매우긍정,2024,728.0,0,페글린은 파칭코 로그라이크 게임입니다. 특별한 오브를 모으고 페그를 터뜨려 데미지를 딜하면서 적을 쓰러뜨려 보세요. 게임을 완전히 바꿔놓을 수 있는 특별한 유물들을 모으시고 매번 다른 런을 경험해 보세요. 조준을 잘 해서 이 독특한 턴베이스 RPG에서 살아남아 보세요!,Red Nexus Games Inc.,15993,0,19.99,11.99
Monster Hunter Stories 2: Wings of Ruin,1277400,멀티/경쟁,S3 2019-22,매우긍정,2021,1874.0,0,"「몬스터헌터 스토리즈」는 몬스터와 유대관계를 맺고 키워 공존하는 「라이더」가 되어, 「몬스터헌터」의 세계를 모험할 수 있는 RPG입니다. 시리즈 제2탄인 본 타이틀에서는 새로운 인연의 이야기가 막을 엽니다.","CAPCOM Co., Ltd.",15987,0,39.99,39.99
Craft The World,248390,협동,S1 ~2016,매우긍정,2014,4292.0,0,"    Craft the World는 Dungeon Keeper, Terraria 및 Dwarf Fortress의 혼합으로 독특한 샌드박스 전략 게임입니다. 무작위로 생성된 세상을 탐험하고, 드워프 요새를 건설하며, 자원을 모으고 필요한 모든 아이템, 무기 및 갑옷을 제작하세요.  당신은 작은 드워프 부족을 이끌며, 그들","Dekovir Entertainment, Sibear Games",15952,0,18.99,18.99
Darksiders Warmastered Edition,462780,싱글 서사,S1 ~2016,매우긍정,2016,3556.0,0,"Deceived by the forces of evil into prematurely bringing about the end of the world, War – the first Horseman of the Apocalypse – stands accused of breaking the sacred law by incit","KAIKO, Vigil Games",15934,0,19.99,19.99
We Were Here Together,865360,협동,S3 2019-22,매우긍정,2019,2511.0,0,얼어붙은 땅을 탐험하는 중에 다시 한 번 불운이 찾아왔습니다. 맹렬한 눈보라를 뚫고 비상용 신호탄이 하늘을 밝힌 뒤 무전을 통해 도움을 구하는 울부짖는 소리가 들립니다. 무전이 끊깁니다... 누구도 그들을 구하러 갈 수 없습니다. 하지만 함께라면 할 수 있지 않을까요?,Total Mayhem Games,15929,0,12.99,12.99
Batman - The Telltale Series,498240,싱글 서사,S1 ~2016,매우긍정,2016,3675.0,0,Enter the fractured psyche of Bruce Wayne and discover the powerful and far-reaching consequences of your choices as the Dark Knight.,Telltale,15888,0,14.99,14.99
Gothic 1,65540,싱글 서사,S1 ~2016,매우긍정,2001,9294.0,0,"War has been waged across the kingdom of Myrtana. Orcish hordes invaded human territory and the king of the land needed a lot of ore to forge enough weapons, should his army stand ",Piranha Bytes,15862,0,19.99,19.99
Boundary,1364020,멀티/경쟁,S4 2023-25,평가나쁨,2023,1230.0,0,"Boundary is a multiplayer tactical space-based shooter game, engaging in fierce team vs team zero gravity firefights and executing low-gravity operations on orbiting space installa",Studio Surgical Scalpels,15851,0,0.0,0.0
Eastward,977880,싱글 서사,S3 2019-22,매우긍정,2021,1804.0,0,"Eastward의 세계에 잘 오셨습니다! 인구가 줄어들고 있습니다! 붕괴 직전의 상황으로 내몰린 사회를 여행하세요. 활기찬 마을과 기이한 생물들, 그보다 더 기이한 사람들을 만나 보세요! 존의 믿음직스러운 프라이팬과 샘의 신비한 힘을 이용하여 미지의 세계로 모험을 떠나세요...",Pixpil,15840,0,24.99,24.99
MADNESS: Project Nexus,488860,협동,S3 2019-22,압도적긍정,2021,1791.0,0,MADNESS: Project Nexus is a third-person Run n' Gun / Beat'Em Up filled with arcade-style action and button-mashing brutality. Gun your way through droves of bad guys in the Story ,"GIBBING TREE, LLC",15798,0,24.99,24.99
Metal: Hellsinger,1061910,싱글 서사,S3 2019-22,압도적긍정,2022,1440.0,0,여덟 개의 지옥을 헤쳐 나아가는 극악무도한 여정에서 메탈과 복수의 리듬에 맞춰 살육을 연주하십시오. 놈들에게 비트의 두려움을 선사하십시오. Metal: Hellsinger는 악마 무리와 끝내주는 무기 그리고 육중한 메탈 음악이 한데 어우러지는 리듬 FPS입니다.,The Outsiders,15766,0,29.99,29.99
Armello,290340,멀티/경쟁,S1 ~2016,매우긍정,2015,4011.0,0,"아르멜로는 잔혹 동화의 세계를 배경으로 한 보드 게임으로, 깊이 있고 전술적인 카드 플레이와 풍부한 보드게임 전략 그리고 RPG 요소를 결합한 형식의 모험과 활극으로 가득 찬 게임입니다. 서사시적인 싱글 플레이어 전투 또는 멀티플레이어 전투에 참여해, 주문을 걸고 첩자를 고용하고 독약에 대비하고 책략을 세우며 왕좌를 차지",League of Geeks,15759,0,24.99,9.99
Keep Talking and Nobody Explodes,341800,협동,S1 ~2016,압도적긍정,2015,3974.0,0,"당신은 시한폭탄과 함께 혼자 방에 갇혀 있습니다. 당신의 친구들이 폭탄을 해체할 매뉴얼을 가지고 있으나, 그들은 폭탄을 볼 수 없지요. 그러니 여러분은 오직 대화로 이 상황을 풀어 가야 합니다 - 빠르게요! 이 로컬 협동 게임은 최소한 두 명, 또는 그 이상의 플레이어가 있어야 합니다.",Steel Crate Games,15747,0,14.99,14.99
Ultra Street Fighter® IV,45760,멀티/경쟁,S1 ~2016,매우긍정,2014,4401.0,0,최고의 대전 격투 게임이 새로운 수준의 Ultra Street Fighter IV으로 탄생했습니다.,Capcom,15709,0,29.99,29.99
Tricky Towers,437920,멀티/경쟁,S1 ~2016,매우긍정,2016,3675.0,0,화려한 로브를 입고 마법의 힘을 이용해 Tricky Towers를 쌓을 시간입니다! 동화의 세계에서 벽돌을 멋지게 쌓아 봅시다. 누가 쌓은 탑이 가장 튼튼할까요? 쌓은 벽돌이 무너지지 않게 마법을 걸고 탑을 파괴하려는 흑마법을 막아내세요. 친구와 함께 게임하고 영광의 이름을 드높이세요. 광란의 물리학 기반 게임을 다함께 ,WeirdBeard,15695,0,14.99,14.99
IXION,1113120,전략/시뮬,S3 2019-22,대체로긍정,2022,1357.0,0,"IXION은 은하계에서 펼쳐지는 무자비한 도시 건설 오디세이입니다. 여러분은 DOLOS의 프로토타입 우주정거장인 Tiqqun의 관리자가 되어 인프라와 자원, 크루를 관리하면서 보존과 탐사의 균형을 맞추는 임무를 맡았습니다. 차디찬 어둠 속에서 인류의 불꽃을 계속 타오르게 할 수 있습니까?",Bulwark Studios,15689,0,34.99,34.99
Mini Metro,287980,전략/시뮬,S1 ~2016,압도적긍정,2015,3945.0,0,미니 메트로는 성장하는 도시를 위해 지하철 노선을 설계하는 게임입니다. 역과 역 사이에 노선을 그려서 열차 운행을 시작하세요. 새로운 역이 열리면 노선을 수정해서 노선도를 효율적으로 유지하세요. 한정된 자원을 어느 곳에 사용할 것인지 결정하세요. 도시를 얼마나 오래 유지할 수 있을까요?,Dinosaur Polo Club,15672,0,9.99,9.99
Choo-Choo Charles,1766740,싱글 서사,S3 2019-22,매우긍정,2022,1355.0,0,"낡은 기차로 오픈월드 섬을 이동하고, 점차 업그레이드를 진행하고, Charles라고 불리는 사악한 거미 기차와 싸우세요.",Two Star Games,15665,0,19.99,19.99
Aliens: Dark Descent,1150440,전략/시뮬,S4 2023-25,매우긍정,2023,1163.0,0,유명 에일리언 프랜차이즈의 분대 기반 싱글 플레이 액션 게임인 Aliens: Dark Descent의 흥미진진한 여정에 빠져보세요. 실시간으로 병사들을 이끌고 레테 위성에서 새롭고 끔찍한 제노모프 발생을 막으세요.,Tindalos Interactive,15650,0,39.99,39.99
Hired Ops,374280,멀티/경쟁,S3 2019-22,평가나쁨,2021,1960.0,0,Hired Ops is a session-based online shooter dedicated to fierce conflicts between rival mercenary groups battling on a global scale.,Absolut Soft LLC,15641,1,0.0,0.0
FEZ,224760,액션/캐주얼,S1 ~2016,매우긍정,2013,4864.0,0,"2D 세계의 생명체 Gomez 앞에 어느 날 갑자기 신비한 3D 세계가 모습을 드러냅니다. 이로 인해 Gomez는 시간과 공간의 끝을 향하는 긴 여행을 떠나게 됩니다. 여러분의 능력을 발휘하여 고전적인 4방향 2D 세계에서 3D 건물을 탐험하십시오. 비밀과 고난, 숨겨진 보물이 가득한 아름답고 고요한 느낌의 열린 세계로 ",Polytron Corporation,15562,0,9.99,9.99
Life is Strange: True Colors,936790,싱글 서사,S3 2019-22,매우긍정,2021,1811.0,0,Alex Chen은 자신의 '저주'를 숨겨 왔습니다. 타인의 강한 감정을 흡수하고 조작하는 능력인 공감의 초능력이죠. 오빠가 의심스러운 사고로 목숨을 잃고 Alex는 진실을 알아내고 오랫동안 묻혀 온 비밀을 밝히기 위해 자신의 힘을 받아들여야 합니다.,Deck Nine,15552,0,59.99,59.99
The Banner Saga,237990,전략/시뮬,S1 ~2016,매우긍정,2014,4606.0,0,"전략적 결정이 나만의 여행을 만드는 영웅의 롤플레잉, 바이킹 이야기에서 살아남으세요. 아름답지만 거친 풍경을 가로지르는 캐러밴의 여행 중 동료를 만드세요. 하나의 문명을 위험에 빠트리는 위협에 맞서 싸울 자를 신중하게 고르세요.",Stoic,15523,0,24.99,24.99
Quaver,980610,멀티/경쟁,S3 2019-22,매우긍정,2022,1467.0,0,"Quaver is a community-driven and open-source competitive rhythm game with two game modes and online leaderboards. Create your own maps, or challenge the world in online multiplayer",Swan,15519,1,0.0,0.0
Gothic II: Gold Edition,39510,싱글 서사,S1 ~2016,매우긍정,2010,6068.0,0,Gothic II: Gold Edition brings together the excitement of Gothic II and the add-on Night of the Raven to your fingertips!,Piranha Bytes,15507,0,19.99,19.99
Scorn,698670,싱글 서사,S3 2019-22,대체로긍정,2022,1411.0,0,Scorn은 괴이한 형태와 침울한 태피스트리의 악몽 같은 우주를 배경으로 하는 분위기성 1인칭 호러 어드벤처 게임입니다.,Ebb Software,15500,0,39.99,39.99
Farming Simulator 15,313160,협동,S1 ~2016,매우긍정,2014,4317.0,0,"Welcome to the new generation of Farming Simulator!With a brand new graphics and physics engine, Farming Simulator 15 offers an immense open world, filled with details and visual e",GIANTS Software,15436,0,12.99,12.99
Fallout 2: A Post Nuclear Role Playing Game,38410,싱글 서사,S1 ~2016,매우긍정,2009,6215.0,0,"Fallout® 2 is the sequel to the critically acclaimed game that took RPG'ing out of the dungeons and into a dynamic, apocalyptic retro-future. It's been 80 long years since your anc",Black Isle Studios,15434,0,9.99,9.99
Shadows of Doubt,986130,싱글 서사,S4 2023-25,매우긍정,2024,698.0,0,Take on the role of a private investigator in this immersive detective simulator. Solve murders and other crimes in a procedurally generated and persistent city where every NPC liv,ColePowered Games,15428,0,24.99,24.99
Contagion,238430,멀티/경쟁,S1 ~2016,대체로긍정,2013,4687.0,0,"Contagion은 흔해빠진 좀비 FPS 게임이 아닙니다. 현실적이면서도 색다른 시각으로 접근한 좀비 게임으로 개성 넘치는 캐릭터, 게임 환경, 무기, 아이템을 제공합니다. 특히 게임 내 시스템 덕분에 아이템, 목표, 맵 구성이 매번 바뀌어 예측 불가능한 게임을 경험할 수 있으며, 끊임없이 새로운 재미를 느낄 수 있습니다","Monochrome, Inc",15428,0,9.99,9.99
Youtubers Life,428690,전략/시뮬,S2 2017-18,대체로긍정,2017,3491.0,0,"지구에서 가장 성공한 U-Tuber의 주인공이 되어보세요! 영상을 제작하고 구독자 수를 늘려가며, 이벤트에 참석하거나 팬들과 교류하는 등... 채널을 키워나가세요. U-Tuber의 삶을 살아보는 거예요!",UPLAY Online,15415,0,19.99,19.99
Quake Live,282440,액션/캐주얼,S1 ~2016,매우긍정,2014,4360.0,0,"100개가 넘는 아레나에서 세계 각지의 플레이어와 경쟁하고, 수십 개의 게임 모드와 지속적인 커리어 통계 추적 등이 포함되어 있는 Quake III Arena의 온라인 기능 중심 후속작에서 가장 흥미롭고 빠르게 진행되는 FPS 게임 플레이를 경험해 보세요.",id Software,15377,0,9.99,9.99
BRAIN / OUT,578310,멀티/경쟁,S2 2017-18,매우긍정,2017,3469.0,0,Brain / Out is a multiplayer shooter with a nostalgic post-Soviet feel. Experience dynamic battles and exterminate your enemies with a large arsenal of modern weaponry. Lock'n'load,Desertkun,15361,1,0.0,0.0
Battlefield 3™,1238820,멀티/경쟁,S3 2019-22,평가나쁨,2020,2266.0,0,"원하는 대로 싸우는 완전한 자유를 즐기세요. 29가지 거대한 멀티플레이어 전장을 탐험하고, 다양한 탑승장비, 무기 및 보조장비를 사용해 기세를 강화하세요. 전투의 매 순간마다 대량의 추가 콘텐츠가 해제되고 계급이 올라갑니다. 지금 바로 시작하세요.",DICE,15360,0,39.99,39.99
Trine Enchanted Edition,35700,협동,S1 ~2016,압도적긍정,2009,6263.0,0,"Three Heroes make their way through dangers untold in a fairytale world of great castles and strange machinery, featuring physics-based puzzles, beautiful sights and online co-op.",Frozenbyte,15345,0,14.99,14.99
Governor of Poker 3,436150,멀티/경쟁,S1 ~2016,평가나쁨,2016,3840.0,0,Governor of Poker 3 is the best multiplayer poker game with a great design. In this multi-player version of Governor of Poker you compete live with thousands of real poker players ,Playtika Ltd.,15341,1,0.0,0.0
Breathedge,738520,전략/시뮬,S3 2019-22,매우긍정,2021,2007.0,0,"우주에서 살아남으세요! 죽지 않는 닭과 함께 갑작스럽게 일어난 우주선 추락의 진실을 밝혀내세요. 잔해 속을 생존 &amp; 탐험하기 위해 제작 도구를 만들고, 이동수단을 타고, 심지어는 우주 정거장까지 조종하세요.",RedRuins Softworks,15320,0,24.99,24.99
Mirror's Edge™ Catalyst,1233570,싱글 서사,S3 2019-22,매우긍정,2020,2273.0,0,이 타이틀은 온라인 기능이 중단되었습니다. Mirror's Edge™ Catalyst는 액션 어드벤처의 수준을 끌어올리는 유연한 1인칭 액션을 통해 자유를 위해 싸우는 Faith의 이야기에 플레이어들이 빠져들게 합니다.,DICE,15297,0,19.99,19.99
Empires of the Undergrowth,463530,전략/시뮬,S4 2023-25,매우긍정,2024,809.0,0,"실시간 전략시뮬레이션과 기지 건설이 공존하는 이 전례 없는 규모의 전쟁에서 전사의 무리들을 지휘하세요. 개미 군집을 이끌어 무시무시한 곤충 세계의 위협들에 맞서고, 정교한 보금자리를 건설하며, 페로몬을 바탕으로 한 전략을 개발하고, 더 큰 위험에 대응할 수 있도록 진화하세요.",Slug Disco,15284,0,29.99,8.99
Kena: Bridge of Spirits,1954200,싱글 서사,S3 2019-22,매우긍정,2022,1429.0,0,탐험과 빠른 속도의 전투를 결합한 이야기 중심의 액션 어드벤처입니다. 신성한 산 사당을 찾아다니는 젊은 정령 안내원 케나 역할을 맡아 과거를 풀어보십시오. 케나의 사랑스러운(하지만 강력한) 영혼 동반자인 로트의 도움으로 잊혀진 마을에 갇힌 영혼들을 풀어주어야 합니다.,Ember Lab,15240,0,39.99,39.99
Resident Evil Revelations,222480,협동,S1 ~2016,매우긍정,2013,4843.0,0,"Biohazard® Revelations가 고품질 HD 그래픽, 향상된 조명 효과, 몰입감 높은 음향으로 재구성된 완벽한 PC용으로 돌아옵니다.",Capcom,15205,0,19.99,19.99
Darksiders III,606280,싱글 서사,S2 2017-18,대체로긍정,2018,2828.0,0,"Return to an apocalyptic Earth in Darksiders III, a hack-n-slash Action Adventure where players assume the role of FURY in her quest to hunt down and dispose of the Seven Deadly Si",Gunfire Games,15197,0,39.99,39.99
missed messages.,812810,전략/시뮬,S3 2019-22,압도적긍정,2019,2644.0,0,"‘goth gf’s iPhone’ airdrops you - accept or decline? A love/horror story about life, death, &amp; memes.",Angela He,15196,1,0.0,0.0
OCTOPATH TRAVELER™,921570,싱글 서사,S3 2019-22,매우긍정,2019,2636.0,0,"8명의 여행가, 8개의 모험, 8개의 역할. 광활한 Orsterra 세계로 여정을 떠나 여행가 8명 각각의 흥미진진한 이야기와 만나보십시오.","Square Enix, ACQUIRE Corp.",15188,0,59.99,59.99
Block N Load,299360,멀티/경쟁,S1 ~2016,대체로긍정,2015,4135.0,0,"Five of you. Five of them. Face off in a battle where everything you build, destroy, construct or shoot has a devastating impact on the entire game. Build defences using a crazy ra","Toadman Interactive, Artplant",15181,0,0.0,0.0
TUNIC,553420,싱글 서사,S3 2019-22,매우긍정,2022,1623.0,0,"위대한 모험을 떠나는 작은 여우에 대한 쿼터뷰 액션 게임 TUNIC에서 잊힌 전설, 고대의 힘, 사나운 괴물로 가득한 세상을 탐험하세요.",TUNIC Team,15181,0,29.99,29.99
Overcooked,448510,멀티/경쟁,S1 ~2016,매우긍정,2016,3674.0,0,"Overcooked is a chaotic couch co-op cooking game for one to four players. Working as a team, you and your fellow chefs must prepare, cook and serve up a variety of tasty orders bef",Ghost Town Games Ltd.,15175,0,16.99,16.99
Outcore: Desktop Adventure,1275670,전략/시뮬,S3 2019-22,압도적긍정,2022,1429.0,0,"좋은 게임을 하고 싶으셨겠지만. 이제 당신은 그림판과 메모장 같은 윈도우 프로그램들을 이용해 퍼즐을 풀고, 당신의 컴퓨터에서 놓은 적 없는 파일들을 찾는 자기 자신을 발견할 것입니다... 그녀는 누굴까요? 왜 여러분의 컴퓨터에 나타난 걸까요? 기억 속으로 파고 들어가 찾아봅시다.",Doctor Shinobi,15157,1,0.0,0.0
The Past Within,1515210,협동,S3 2019-22,매우긍정,2022,1392.0,0,"The Past Within은 Rusty Lake의 새로운 2인 팀플레이 게임입니다! 신뢰가 가는 상대방과 함께 플레이해보세요: 한명은 과거에서, 한명은 미래에 있습니다. 주변에 보이는 것들을 관찰하고 상대방과 소통해보세요. 퍼즐을 풀고 Albert Vanderboom의 계획을 밝혀내세요!",Rusty Lake,15156,0,5.99,5.99
Ghost Watchers,1850740,협동,S4 2023-25,매우긍정,2025,397.0,0,Ghost Watchers는 협동 온라인 공포 게임입니다. 버려진 집에서 유령들을 찾아서 잡아야 합니다,Renderise,15151,0,14.99,7.49
ROMANCE OF THE THREE KINGDOMS XIV,872410,전략/시뮬,S3 2019-22,평가나쁨,2020,2414.0,0,"뺏고 빼앗고 다시 되찾아라! “토지”를 제패하는 자, 천하를 제패한다!","KOEI TECMO GAMES CO., LTD.",15111,0,59.99,59.99
Mechabellum,669330,멀티/경쟁,S4 2023-25,매우긍정,2024,698.0,0,"이 장대한 메크 오토 배틀러에서 거대한 군대를 지휘하세요. 병력을 모집하고, 유닛을 커스터마이즈하고, 진형을 마스터해, 정교하게 구현된 3D 전투에서 적을 섬멸하세요. 중요한 건 반복 클릭이 아니라 전략입니다. 1대1, 2대2, 개별 전투, 또는 생존 모드에서 상대를 압도하세요.",Game River,15078,0,14.99,14.99
Gold Mining Simulator,451340,전략/시뮬,S2 2017-18,대체로긍정,2017,3238.0,0,"Become a gold miner. Work hard, dig deep, explore the world, and you’ll become the wealthiest person in Alaska. Use a variety of specialist machines to find as much gold as you can",Code Horizon,15071,0,19.99,2.99
Iron Harvest,826630,멀티/경쟁,S3 2019-22,대체로긍정,2020,2185.0,0,"1920년 이후의 대체 현실을 배경으로 장대한 싱글 플레이어 캠페인과 멀티플레이어, 협동전이 모두 포함된 클래식 실시간 전략 게임",KING Art,15068,0,29.99,29.99
Gothic Playable Teaser,950670,싱글 서사,S3 2019-22,대체로긍정,2019,2447.0,0,"The Kingdom of Myrtana has been invaded by an implacable horde of orcs. King Rhobar II, in need of a large quantity of magical ore in order to forge powerful weapons, operates the ",THQ Nordic Barcelona,15064,0,0.0,0.0
Dino D-Day,70000,액션/캐주얼,S1 ~2016,매우긍정,2011,5618.0,0,"Frantic, multiplayer action involving Nazis and dinosaurs! What are you waiting for? This is World War II as it should have been!",800 North and Digital Ranch,15050,0,9.99,9.99
not available,2381590,전략/시뮬,S4 2023-25,대체로긍정,2023,1189.0,0,"당신은 가난에서 벗어나 세상과 자신에 대해 배우는 여정을 시작하고 싶어하는 빈민가 십대 재키입니다. 세상은 분명 미쳐버렸지만, 결코 정상이었던 적은 없었지만, 어쩌면 지금이 여러분에게 기회일지도 모릅니다. 위기는 행동과 결단력이 필요한 때입니다. 다만 한 걸음 한 걸음 내딛을 때마다 멀리 후퇴할 수 있기 때문에 무섭습니다",Indiesolodev,15037,0,0.0,0.0
"Warhammer 40,000: Boltgun",2005010,액션/캐주얼,S4 2023-25,매우긍정,2023,1190.0,0,"볼트건을 장전하고 멋진 스페이스 마린의 무기를 사용해 Warhammer 40,000, 광란의 게임 플레이, 90년대 복고풍 슈팅 게임의 세련된 비주얼이 완벽한 조화를 이루며 스프라이트, 픽셀, 피가 난무하는 곳을 헤쳐 나가세요.",Auroch Digital,15030,0,21.99,21.99
Osiris: New Dawn,402710,멀티/경쟁,S4 2023-25,평가나쁨,2023,1315.0,0,Osiris: New Dawn is an unforgiving near future space survival game with a cinematic feel and elements of horror. Play as a Mission Specialist in single or multiplayer to build your,Fenix Fire Entertainment,15025,0,0.0,0.0
Command & Conquer™ Red Alert™ 3,17480,전략/시뮬,S1 ~2016,매우긍정,2009,6438.0,0,멸망한 소련의 절망적인 지도부는 역사를 바꾸고 어머니 러시아의 영광을 되찾기 위해 과거로 시간을 거슬러 올라갑니다.,EA Los Angeles,15012,0,19.88,19.88
Spooky's Jump Scare Mansion,356670,싱글 서사,S1 ~2016,매우긍정,2015,4046.0,0,Can you survive 1000 rooms of cute terror? Or will you break once the cuteness starts to fade off and you're running for your life from the unspeakable hideous beings that shake an,Lag Studios,14998,1,0.0,0.0
Isonzo,1556790,멀티/경쟁,S3 2019-22,매우긍정,2022,1442.0,0,"Ferocious Alpine warfare will test your tactical skills in this authentic WW1 FPS. Battle among the scenic peaks, rugged valleys and idyllic towns of northern Italy. The Great War ",BlackMill Games,14990,0,29.99,5.99
House Party,611790,전략/시뮬,S3 2019-22,매우긍정,2022,1502.0,0,House Party is an edgy comedy adventure game inspired by classic comedies of the '90s. Every decision changes your story and every character has something to reveal. There’s also a,"Eek! Games, LLC",14988,0,24.99,24.99
Gloomhaven,780290,협동,S3 2019-22,매우긍정,2021,1770.0,0,"Lead your band of mercenaries in the land of Gloomhaven, work with unsavoury individuals, shape the fate of the region, fight your way through horrific places and get rich or die t","Flaming Fowl Studios, Saber Interactive",14983,0,34.99,34.99
Counter-Strike: Condition Zero,100,액션/캐주얼,S1 ~2016,매우긍정,2004,8212.0,0,Nuclearvision Entertainment가 제작한 Codename Gordon에서 플레이어는 Half-Life 및 Half-Life 2에서 발전된 수많은 레벨에 도전하게 됩니다.,Valve,14977,0,9.99,9.99
"Warhammer 40,000: Gladius - Relics of War",489630,멀티/경쟁,S2 2017-18,매우긍정,2018,2966.0,0,"Warhammer 40,000: Gladius – Relics of War brings you to a world of terror and violence. Four factions will engage in a brutal war for dominance over the planet’s resources. In the ",Proxy Studios,14975,0,39.99,39.99
Orwell: Keeping an Eye On You,491950,전략/시뮬,S1 ~2016,매우긍정,2016,3589.0,0,"Big Brother has arrived - and it’s you. Investigate the lives of citizens to find those responsible for a series of terror attacks. Information from the internet, personal communic",Osmotic Studios,14954,0,9.99,9.99
Reign Of Kings,344760,멀티/경쟁,S1 ~2016,평가나쁨,2015,3906.0,0,"Struggle to survive in a harsh medieval world. Hunt wildlife, mine resources, build structures, and craft weapons and armor in order to protect yourself. You may form a guild, brin",Code}{atch,14923,0,9.99,9.99
Bad Rats: the Rats' Revenge,34900,액션/캐주얼,S1 ~2016,대체로긍정,2009,6245.0,0,"Bad Rats is a physics puzzle game where rats finally get their bloody revenge on their new prisoners: The cats. Come up with creative solutions for each puzzle using physics, funct",Invent4 Entertainment,14871,0,1.99,1.99
Punch Club,394310,전략/시뮬,S1 ~2016,매우긍정,2016,3882.0,0,"열심히 훈련하고, 악어와 싸우며, 사랑을 찾으세요. Punch Club에서 자리를 얻고, 당신의 아버지를 무참하게 살해한 범인을 찾아보세요. 이 선택의 어드벤처 레슬링 매니지먼트 타이쿤 게임으로 당신의 위치를 얻으세요.",Lazy Bear Games,14869,0,9.99,9.99
LOCKDOWN Protocol,2780980,멀티/경쟁,S4 2023-25,매우긍정,2025,280.0,0,"A first person social deduction game, combining real time action and communication, playable up to 16 players. While most players will cooperate to complete objectives to ensure vi",Mirage Creative Lab,14866,0,9.99,9.99
Soulmask,2646460,멀티/경쟁,S4 2023-25,매우긍정,2026,138.0,0,"당신은 위험천만한 원시 제사 의식에서 가까스로 탈출한 후, 도망 중에 우연히 신비한 마스크를 얻게 되는데… 이 마스크는 상상도 못 할 정도의 지식과 힘으로 당신의 기존 신념을 뒤흔들어 놓지만, 생존과 투쟁에 대한 새로운 희망도 불어넣어 줍니다. 가혹한 자연에서 살아남고, 당신을 추종하는 사람들을 모아 부족을 이루어, 이 ",CampFire Studio,14866,0,29.99,29.99
Star Conflict,212070,멀티/경쟁,S1 ~2016,대체로긍정,2013,4927.0,0,"Star Conflict는 액션으로 가득한 대규모 멀티플레이어 우주 시뮬레이션 게임으로, 플레이어는 엘리트 파일럿이 되어 광범위한 행성 간 전투에 참여하게 됩니다. PVP와 PVE를 위한 세계가 기다립니다!",Star Gem Inc.,14853,1,0.0,0.0
Turmoil,361280,멀티/경쟁,S1 ~2016,매우긍정,2016,3736.0,0,"1899년처럼 석유를 굴착해 봅시다! Turmoil은 멋진 그래픽과 풍자의 시선을 담은 시뮬레이션 장르 게임으로, 19세기 북아메리카 오일 러시에서 영감을 받았습니다.",Gamious,14853,0,12.99,12.99
Kingdom Rush  - Tower Defense,246420,전략/시뮬,S1 ~2016,압도적긍정,2014,4614.0,0,"오크와 트롤, 사악한 마법사와 악마들을 맞이해, 강력한 타워와 마법으로 왕국을 지키는 위대한 여정이 시작됩니다!숲과 산, 황무지에서 다양한 타워 업그레이드와 특성화로 방어 전략을 구사하세요! 적의 머리 위에 불벼락을 내리고, 지원군을 소환하고, 병사들을 지휘하고, 엘프 전사들을 모집해 어둠의 군대로부터 왕국을 지켜야만 합",Ironhide Game Studio,14832,0,9.99,9.99
Just Cause 2: Multiplayer Mod,259080,싱글 서사,S1 ~2016,매우긍정,2013,4635.0,0,"JC2-MP is a project to bring multiplayer to Just Cause 2 in all of its magnificent glory. Imagine the chaos of normal Just Cause 2, then extending it out to dozens, hundreds, and e",Avalanche Studios,14804,1,0.0,0.0
Backpack Battles,2427700,멀티/경쟁,S4 2023-25,매우긍정,2025,438.0,0,"PvP 인벤토리 관리 오토배틀러! 강력한 아이템을 구매 및 제작하고, 배낭에서 신중하게 배치하세요.",PlayWithFurcifer,14780,0,14.99,14.99
Five Nights at Freddy's 4,388090,전략/시뮬,S1 ~2016,매우긍정,2015,4051.0,0,"In this last chapter of the Five Nights at Freddy's original story, you must once again defend yourself against Freddy Fazbear, Chica, Bonnie, Foxy, and even worse things that lurk",Scott Cawthon,14751,0,7.99,7.99
Cossacks 3,333420,멀티/경쟁,S1 ~2016,매우긍정,2016,3626.0,0,"Cossacks 3 is the return of RTS classics. Obtain resources, build cities and research technologies while taking command of great armies, crushing enemies in grand historical warfar",GSC Game World,14750,0,19.99,19.99
Rise of Nations: Extended Edition,287450,협동,S1 ~2016,매우긍정,2014,4457.0,0,Rise of Nations is back! Play the updated classic with full Steamworks integration and enhanced features!,"SkyBox Labs, Big Huge Games",14744,0,19.99,19.99
Suicide Squad: Kill the Justice League,315210,협동,S4 2023-25,평가나쁨,2024,935.0,0,"배트맨: 아캄의 개발자들이 만든 수어사이드 스쿼드: 킬 더 저스티스 리그는 최악의 부적응자 무리가 저스티스 리그를 죽인다는 불가능한 임무를 수행하는 게임으로, 장르를 초월한 3인칭 액션 슈터 게임입니다.",Rocksteady Studios,14741,0,69.99,69.99
Bomber Crew,537800,전략/시뮬,S2 2017-18,매우긍정,2017,3232.0,0,"Chocks away! Bomber Crew is a strategic simulation game, where picking the right crew and keeping your bomber in tip top shape is the difference between completing your mission or ",Runner Duck,14737,0,15.99,15.99
Cyber Manhunt,1216710,전략/시뮬,S3 2019-22,매우긍정,2021,2030.0,0,"Cyber Manhunt is a story-oriented puzzle game focusing on big data, hacking, citizen privacy, and social workers. It focuses on social issues such as cyber violence and privacy bre",Aluba Van+,14720,0,9.99,9.99
Shadowverse CCG,453480,멀티/경쟁,S1 ~2016,대체로긍정,2016,3589.0,0,"Cygames에서 제공하는 본격 카드배틀게임 [섀도우버스] ▶ 1500종류 이상의 아름다운 카드 일러스트! 전 세계 등록자 수 2,000만명을 돌파한 Cygames 대표작 [바하무트 : 배틀 오브 레전드]의 카드를 포함한 화려하고 아름다운 카드로 펼쳐지는 최고의 카드 배틀을 경험하라!▼ 수백 장에 이르는 아름다운 카드 일","Cygames, Inc.",14714,0,0.0,0.0
The Last Campfire,990630,싱글 서사,S3 2019-22,압도적긍정,2021,1783.0,0,라스트 캠프파이어는 장작이 다 타고 남은 잉걸불이 신비로운 세상을 방랑하며 삶의 의미와 집으로 가는 길을 찾는 내용의 모험 게임입니다.,Hello Games,14698,0,14.99,14.99
Guns of Icarus Online,209080,전략/시뮬,S1 ~2016,매우긍정,2012,5048.0,0,"Assemble your crew, take to the skies in the premier PvP airship combat game. Guns of Icarus Online is all about flying massive airships, shooting big turret weapons, and working a",Muse Games,14645,0,4.99,4.99
Six Days in Fallujah,1548850,협동,S4 2023-25,매우긍정,2023,1160.0,0,"신규 업데이트! AI 공격대와 함께하는 솔로 플레이나 온라인 협동 플레이를 즐겨보세요. 식스 데이즈 인 팔루자는 긴장감 넘치고 사실적인 1인칭 전술 슈팅 게임으로, 금세기 가장 치열했던 시가전에서의 실화를 바탕으로 합니다.",Highwire Games,14627,0,39.99,23.99
Grand Theft Auto III,12100,액션/캐주얼,S1 ~2016,매우긍정,2008,6808.0,0,"Welcome to Liberty City. Where it all began. With stellar voice acting, a darkly comic storyline, a stunning soundtrack and revolutionary open-world gameplay, Grand Theft Auto III ",Rockstar Games,14600,0,0.0,0.0
Fable Anniversary,288470,싱글 서사,S1 ~2016,매우긍정,2014,4365.0,0,"FOR EVERY CHOICE, A CONSEQUENCE.Fully re-mastered with HD visuals and audio, Fable Anniversary is a stunning rendition of the original game that will delight faithful fans and new ",Lionhead Studios,14595,0,34.99,34.99
LISA: The Painful,335670,싱글 서사,S1 ~2016,압도적긍정,2014,4271.0,0,The miserable journey of a broken man...,Dingaling Productions,14593,0,19.99,19.99
Car Mechanic Simulator 2015,320300,전략/시뮬,S1 ~2016,매우긍정,2015,4142.0,0,"New cars, new tools, new options, more parts and much more fun in the next version of Car Mechanic Simulator! Take your wrench! Create and expand your auto repairs service empire. ",Red Dot Games,14572,0,19.99,1.79
Sakura Clicker,383080,액션/캐주얼,S1 ~2016,매우긍정,2015,4045.0,0,"The latest entry in the Sakura series is more action-packed than ever before! Sakura Clickers is a fast-paced, exciting adventure, full of content, in which you defeat your foes wi",Winged Cloud,14556,1,0.0,0.0
Deus Ex: Game of the Year Edition,6910,액션/캐주얼,S1 ~2016,매우긍정,2007,7089.0,0,"The year is 2052. The world's economies are close to collapse and the gap between the insanely wealthy and the desperately poor grows ever wider. Worst of all, an ages old conspira",Ion Storm,14552,0,6.99,6.99
Desperados III,610370,전략/시뮬,S3 2019-22,압도적긍정,2020,2261.0,0,"Desperados III is a story-driven, hardcore tactical stealth game, set in a ruthless Wild West scenario. Play smart if you want to succeed. A good plan can make the difference betwe",Mimimi Games,14540,0,39.99,39.99
Melvor Idle,1267910,싱글 서사,S3 2019-22,매우긍정,2021,1741.0,0,RuneScape에서 영감을 얻어 제작된 Melvor Idle은 어드벤처 게임의 중독성 있는 요소의 핵심을 가져와 가장 순수한 형태만 남겼습니다! Melvor Idle은 익숙한 감성과 신선한 플레이 경험을 결합하고 다양한 기능을 더한 방치형 게임입니다. 20가지 이상 되는 스킬을 최대 레벨까지 올리며 마음이 편안해지는 것,Games by Malcs,14538,0,9.99,9.99
Absolver,473690,멀티/경쟁,S2 2017-18,대체로긍정,2017,3283.0,0,"Absolver is an online multiplayer combat game where players are placed behind the mask of a Prospect under control of the Guides, the new rulers of the fallen Adal Empire, who will",Sloclap,14536,0,29.99,29.99
Cloudpunk,746850,싱글 서사,S3 2019-22,매우긍정,2020,2315.0,0,"복잡하게 얽힌 거대한 사이버 펑크 도시 Nivalis에서 Cloudpunk의 배달부로 일한 첫날 밤, 당신에게 말해줄 자신들의 이야기를 가진 인간, AI, 안드로이드의 다양한 등장인물을 만나고 상호작용하게 될 것입니다.",ION LANDS,14511,0,19.99,19.99
GoreBox,2027330,전략/시뮬,S4 2023-25,매우긍정,2023,1131.0,0,"GoreBox is a chaotic physics-driven sandbox where creativity meets destruction. Use the Reality Crusher to spawn, manipulate, and obliterate anything. Customize, roleplay, or face ",F2Games,14504,0,8.99,8.99
Garfield Kart - Furious Racing,1085510,멀티/경쟁,S3 2019-22,매우긍정,2019,2484.0,0,"Garfield, the famous lasagna-loving cat is back to take on Jon, Odie and company in a no-holds-barred racing game!",Artefacts Studio,14489,0,14.99,14.99
Kingdom Heroes 8,875210,전략/시뮬,S3 2019-22,평가나쁨,2021,2051.0,0,"The &quot; Kingdom Heroes&quot; series is a classic horizontal battle single-player game developed by Userjoy, which has been released seven generations since 1998. The latest sequ","USERJOY Technology Co.,Ltd.",14482,0,29.99,29.99
Idle Champions of the Forgotten Realms,627690,전략/시뮬,S3 2019-22,대체로긍정,2020,2344.0,0,Idle Champions of the Forgotten Realms is a Dungeons &amp; Dragons strategy management game uniting Champions from throughout the D&amp;D multiverse into a grand adventure.,Codename Entertainment Inc.,14480,1,0.0,0.0
Rogue Legacy 2,1253920,싱글 서사,S3 2019-22,매우긍정,2022,1580.0,0,"Rogue Legacy 2 is what you'd get if you mashed Rogue Legacy and a sequel together. Every time you die, your children will succeed you, and each child is unique. Your daughter might",Cellar Door Games,14469,0,24.99,24.99
Automation - The Car Company Tycoon Game,293760,멀티/경쟁,S1 ~2016,매우긍정,2015,4184.0,0,Make your dream cars a reality with Automation’s unparalleled car and engine design tools. Gain a competitive edge through smart engineering and business decisions to help you buil,Camshaft Software Ltd,14457,0,29.99,29.99
BioShock® 2,8850,액션/캐주얼,S1 ~2016,매우긍정,2010,6041.0,0,"Set approximately 10 years after the events of the original BioShock, the halls of Rapture once again echo with sins of the past. Along the Atlantic coastline, a monster has been s","2K Marin, 2K China, Digital Extremes, 2K Australia",14419,0,19.99,2.99
Project CARS,234630,전략/시뮬,S1 ~2016,대체로긍정,2015,4129.0,0,Project CARS는 궁극의 드라이빙을 경험 할 수 있습니다!,Slightly Mad Studios,14408,0,0.0,0.0
Session: Skate Sim,861650,전략/시뮬,S3 2019-22,매우긍정,2022,1433.0,0,"스케이터가 스케이터를 위해 만든 dual stick controls가 스케이트보드를 타는 여러분의 발을 충실하게 재현하여 매우 사실적인 스케이트보드 경험을 선사합니다. 실제로 있는 상징적인 스케이트 장소를 체험하고, 최고 브랜드 아이템으로 스케이터와 장비를 커스터마이징하세요",crea-ture Studios Inc.,14399,0,39.99,39.99
OpenTTD,1536610,멀티/경쟁,S3 2019-22,압도적긍정,2021,1972.0,0,"OpenTTD는 승객과 화물을 도로, 철도, 해상, 항공으로 운송하여 돈을 버는 비즈니스 시뮬레이션 게임으로, 1995년에 Chris Sawyer가 제작한 비디오 게임 Transport Tycoon Deluxe의 오픈 소스 리메이크이자 확장판입니다.",OpenTTD,14394,0,0.0,0.0
Detention,555220,싱글 서사,S2 2017-18,매우긍정,2017,3512.0,0,"1960년대의 대만을 원형으로 창조된 가상 드라마. 독특한 일러스트레이션 콜라주 스타일과 혼신의 오리지널 음악. 숨 막히는 긴장감 속에 하나씩 밝혀지는 비밀. 고독한 학생, 잔혹한 학교 그리고 진실에 도달한 이를 무력하게 만드는 진상.",RedCandleGames,14378,0,11.99,11.99
Chernobylite Complete Edition,1016800,전략/시뮬,S3 2019-22,매우긍정,2021,1854.0,0,"Chernobylite는 The Farm 51이 개발한 공상과학 서바이벌 호러 RPG입니다. 3D로 스캔된 초현실적인 체르노빌 출입 금지 구역의 황무지를 무대로, 선택에 따라 결말이 달라지는 스토리를 진행하며 괴로운 과거의 진실을 파헤치십시오.",The Farm 51,14340,0,29.99,29.99
Richman10,1162520,멀티/경쟁,S3 2019-22,평가나쁨,2019,2497.0,0,&quot;Richman10&quot; is a classic chess game in which players earn money by luck (dicing) and strategy (buying land and buying cards) to defeat other players. Fine arts adopt pure,"Softstar Technology (Beijing) Co.,Ltd",14322,0,13.99,13.99
Sanctum 2,210770,협동,S1 ~2016,매우긍정,2013,4850.0,0,Sanctum 2 is the sequel to the world’s first Tower Defense/FPS hybrid game. Pick from four unique character classes and embark on a mission to protect the oxygen-producing Cores fr,Coffee Stain Studios,14291,0,14.99,14.99
The Awesome Adventures of Captain Spirit,845070,싱글 서사,S2 2017-18,매우긍정,2018,2983.0,0,"Have you ever dreamt of being a superhero? Meet Chris, a creative and imaginative 9 year old boy who escapes reality with fantastical adventures as his alter ego, the Awesome Capta",DONTNOD Entertainment,14254,1,0.0,0.0
Nobody - The Turnaround,1810580,전략/시뮬,S3 2019-22,평가나쁨,2022,1378.0,0,여기는 리얼 경영 시뮬레이션 게임이다. 게임의 배경은 우리 사회와 아주 비슷한 평행 우주에서 일어난 일이다. 생존에 위해서 열심히 일을 하고 돈을 벌다. 이 사회에서 자신만의 세계를 창조하려고 노력하다.,U.Ground Game Studio,14239,0,0.0,0.0
Blasphemous 2,2114740,싱글 서사,S4 2023-25,매우긍정,2023,1097.0,0,"Blasphemous 2에서 Penitent One이 깊은 잠에서 깨어나게 되고, 다시 한번 기적에 맞서 끝나지 않는 투쟁을 시작합니다. 새롭고 아주 위험한 세계로 뛰어들어, 세계에 가득한 미스터리와 비밀을 파헤치고, 여러분의 앞길을 막는 괴물 같은 적들을 처치하며 전진하세요. 모든 악순환을 끝내기 위한 여정을 계속 이어",The Game Kitchen,14237,0,29.99,7.49
A Game About Digging A Hole™,3244220,싱글 서사,S4 2023-25,매우긍정,2025,564.0,0,"새로 구입한 집의 정원에서 구덩이를 파는 미니멀리즘 게임입니다. 자원을 모아 판매하고, 장비를 업그레이드하며 신비한 비밀을 발견하세요. 커피 한 잔 값으로 즐길 수 있습니다!",DoubleBee,14229,0,4.99,4.99
Cat Goes Fishing,343780,전략/시뮬,S1 ~2016,매우긍정,2015,4236.0,0,Start out on an island with a basic rod. Progress into a radar-wielding master fisher-cat scouring the sea for the biggest and baddest fish. Each fish has unique behaviors that you,Cat5Games,14156,0,6.99,6.99
Assassin’s Creed® III,208480,싱글 서사,S1 ~2016,대체로긍정,2012,5026.0,0,"The American Colonies, 1775. As a Native American assassin fights to protect his land and people, he will ignite the flames of a young nation’s revolution.",Ubisoft Montreal,14156,0,0.0,0.0
A Total War Saga: THRONES OF BRITANNIA,712100,멀티/경쟁,S2 2017-18,대체로긍정,2018,3037.0,0,"다수의 수상에 빛나는 전략 게임 시리즈, 'A Total War Saga: Thrones of Britannia’는 일촉즉발의 상황이었던 역사를 배경으로 거대한 규모의 실시간 전투와몰입감 있는 턴제 캠페인을 결합하였습니다. 앵글로색슨, 게일족과 바이킹이 충돌합니다. 어느 왕국을 선택하시겠습니까?","CREATIVE ASSEMBLY, Feral Interactive (Mac), Feral Interactiv",14147,0,39.99,7.99
Indiana Jones and the Great Circle,2677660,싱글 서사,S4 2023-25,매우긍정,2024,625.0,0,"1인칭 싱글 플레이 모험에서 역사 속 가장 위대한 미스터리를 밝혀내는 최초의 인물이 되세요. 사악한 단체가 그레이트 서클에 관련된 고대의 힘의 비밀을 파헤치려 전 세계를 샅샅이 뒤지던 1937년, 그들의 음모를 막을 수 있는 사람은 오직 인디아나 존스뿐입니다.",MachineGames,14109,0,69.99,69.99
Orcs Must Die! 3,1522820,협동,S3 2019-22,매우긍정,2021,1859.0,0,오랫동안 기다려온 게임상 수상에 빛나는 Orcs Must Die! 시리즈의 후속작이 찾아왔습니다. 불쾌한 오크의 거대한 무리를 베고 태우고 던지고 지지고 해치우세요.,Robot Entertainment,14083,0,29.99,7.49
Garfield Kart,362930,액션/캐주얼,S1 ~2016,매우긍정,2015,3966.0,0,"Join Garfield and his friends in the funniest fast and fur-ious game! What character do you want to play with? Garfield, Odie, Jon, Nermal... you choose! Take part in no-holds-barr",Artefacts Studio,14059,0,4.99,4.99
Predecessor,961200,멀티/경쟁,S4 2023-25,대체로긍정,2024,735.0,0,파라곤의 유산에서 영감을 받아 커뮤니티의 사랑으로 제작되고 언리얼 엔진 5로 구동되는 프레데커서는 슈팅 액션과 MOBA 전략의 궁극적인 융합 게임입니다. 지금 75만 명 이상의 플레이어와 함께 무료로 플레이하세요!,Omeda Studios,14036,1,0.0,0.0
Hitman: Blood Money,6860,액션/캐주얼,S1 ~2016,매우긍정,2007,7103.0,0,"Money Talks. Silence Pays. Prepare to Make a Killing. When assassins from Agent 47's contract agency, The ICA, are eliminated in a series of hits, it seems a larger, more powerful ",Io-Interactive A/S,14034,0,9.99,9.99
Spellbreak,1399780,멀티/경쟁,S3 2019-22,매우긍정,2020,2079.0,0,Spellbreak는 잠재된 전투마법사 본능을 마음껏 펼칠 수 있는 멀티플레이어 마법 액션 게임입니다. 원소 마법을 플레이 스타일에 맞게 익혀 무시무시한 마법의 조합을 사용해 할로우랜드에 흩어져 있는 다른 플레이어들을 제압하세요.,"Proletariat, Inc.",14006,0,0.0,0.0
Monster Prom,743450,멀티/경쟁,S2 2017-18,매우긍정,2018,3042.0,0,"You have 3 weeks to get a date for Monster Prom! Go through absurd and funny situations, raise your stats and seduce one of your classmates. Beautiful art, bold, unapologetic dialo",Beautiful Glitch,13998,0,11.99,11.99
Nova Drift,858210,액션/캐주얼,S4 2023-25,압도적긍정,2024,743.0,0,"Nova Drift (노바 드리프트)는 ARPG의 기계적 깊이와 전략을 증류하여 만든 고전 아케이드 우주전투 게임입니다. 끝없이 진화하는 바이오-메카니컬 우주선을 조종하며 수많은 미지의 치명적인 적들과 맞서 싸우고, 죽어가는 별의 흔적을 따라 광활한 우주를 항해하세요.",Chimeric,13985,0,17.99,17.99
Minecraft Dungeons,1672970,협동,S3 2019-22,매우긍정,2021,1798.0,0,Minecraft 세계관에 고전 던전 크롤러 스타일로 구현한 흥미진진한 액션 어드벤처를 즐겨보세요!,"Mojang Studios, ‪Double Eleven",13952,0,19.99,9.99
NARUTO SHIPPUDEN: Ultimate Ninja STORM 3 Full Burst HD,234670,멀티/경쟁,S1 ~2016,매우긍정,2013,4688.0,0,Live the 4th Great Ninja War and its overpowering boss fights or defy your friends in ultra dynamic online and offline ninja confrontations!,CyberConnect2 Co. Ltd.,13940,0,19.99,19.99
Tell Me Why,1180660,싱글 서사,S3 2019-22,매우긍정,2020,2189.0,0,Tell Me Why is the multi-award winning episodic adventure game from Dontnod Entertainment in which twins use their supernatural bond to discover the truth of their troubled past.,DONTNOD Entertainment,13883,1,0.0,0.0
Webbed,1390350,싱글 서사,S3 2019-22,압도적긍정,2021,1811.0,0,"Swing through the trees, spin sticky webs, and make friends with bugs! Be the adorable spider you've always wanted to be.",Sbug Games,13838,0,9.99,9.99
Teenage Mutant Ninja Turtles: Shredder's Revenge,1361510,협동,S3 2019-22,매우긍정,2022,1531.0,0,"Teenage Mutant Ninja Turtles: Shredder’s Revenge reunites Leonardo, Michelangelo, Donatello and Raphael as they kick shell in a beautifully realized beat ’em up.",Tribute Games Inc.,13748,0,24.99,24.99
Dungeon of the ENDLESS™,249050,협동,S1 ~2016,매우긍정,2014,4320.0,0,"Dungeon of the ENDLESS™ is a Rogue-Like Dungeon-Defense game, in which the player and their team of heroes must protect the generator of their crashed ship while exploring an ever-",AMPLITUDE Studios,13734,0,11.99,11.99
House Flipper 2,1190970,협동,S4 2023-25,매우긍정,2023,985.0,0,"이 편안한 개조 시뮬레이터로 일상의 근심걱정을 날려보세요! 사고, 고치고, 되팔아 지역의 전설이 되어 보세요. 전동 공구를 사용하면 그 어떤 것이든 자유롭게 만들 수 있답니다! 온라인 2~4인 협동 모드에서는 샌드박스와 스토리 모드를 함께 즐기세요.",Frozen District,13691,0,39.99,39.99
shapez,1318690,전략/시뮬,S3 2019-22,압도적긍정,2020,2270.0,0,"shapez는 도형을 추출하고 만족스러운 생산 라인을 구축하며 도형의 자동화를 다루는 여유롭고 미니멀한 공장 건설 게임입니다. 점점 더 복잡해지는 도형에 적응하고, 무한히 확장되는 맵에 걸쳐 공장을 성장시켜 나가세요. 유일한 한계라고는 여러분의 창의력뿐입니다!",Tobias Springer,13681,0,9.99,9.99
Ratchet & Clank: Rift Apart,1895880,싱글 서사,S4 2023-25,매우긍정,2023,1126.0,0,"라쳇, 클랭크와 함께 여러 차원을 넘나들면서 박진감 넘치는 모험을 즐겨보세요. PC로 출시되었습니다! 하이퍼 스피드의 액션이 난무하는 갖가지 세상 너머로 뛰어들어 다른 현실에서 온 사악한 황제를 상대하세요!","Insomniac Games, Nixxes Software",13677,0,59.99,59.99
Avorion,445220,멀티/경쟁,S3 2019-22,매우긍정,2020,2360.0,0,"A procedural co-op space sandbox where players can build their own space ships out of dynamically scalable blocks. Fight epic space battles, explore, mine, trade, wage wars and bui",Boxelware,13614,0,24.99,24.99
Homeworld Remastered Collection,244160,전략/시뮬,S1 ~2016,매우긍정,2015,4199.0,0,"Experience the epic space strategy games that redefined the RTS genre. Control your fleet and build an armada across more than 30 single-player missions. Choose unit types, fleet f","Gearbox Software, Aspyr (Mac)",13589,0,34.99,34.99
OCTOPATH TRAVELER II,1971650,싱글 서사,S4 2023-25,매우긍정,2023,1278.0,0,"2018년 발매 후, 전 세계 출하 및 다운로드 300만 장을 돌파한 「옥토패스 트래블러」의 시리즈 완전 신작 RPG. 도트 그래픽과 3D CG를 융합한 「HD-2D」 그래픽이 한층 더 진화한 모습을 선보인다.","Square Enix, ACQUIRE Corp.",13574,0,59.99,59.99
Fate Seeker II,1559390,싱글 서사,S3 2019-22,매우긍정,2021,1737.0,0,"Following the previous one, “Fate Seeker II” character development, thinking and exploration and other elements. You can experience real-time combat without switching scenes, and f",JSL Entertainment,13570,0,22.6,22.6
Resident Evil 0,339340,싱글 서사,S1 ~2016,매우긍정,2016,3871.0,0,"Before the mansion, before the destruction of Raccoon City, there was Resident Evil 0. Now remastered with improved visuals and sounds, as well as the all-new Wesker Mode, there's ","CAPCOM Co., Ltd.",13570,0,19.99,19.99
SOULCALIBUR VI,544750,멀티/경쟁,S2 2017-18,매우긍정,2018,2868.0,0,&quot;최강의 검호들이 연주하는 빛과 어둠의 원점&quot; 소울 칼리버 시리즈 20주년 최신작이 등장! 무기 격투 액션 게임 최고봉의 미려한 그래픽으로 표현되는 새로운 검극을 체험하라!,"BANDAI NAMCO Studios Inc., Dimps Corporation",13541,0,59.99,59.99
A Little to the Left,1629520,액션/캐주얼,S3 2019-22,매우긍정,2022,1386.0,0,A Little to the Left는 편안하게 즐기는 퍼즐 게임입니다. 난장판 만들기 좋아하는 말썽꾸러기 고양이에 유의하면서 집안 물건들을 이리저리 움직이며 깔끔하게 정리하세요. 즐겁고 직관적인 100개 이상의 퍼즐이 마련되어 있습니다.,Max Inferno,13536,0,14.99,14.99
"Warhammer 40,000: Mechanicus",673880,전략/시뮬,S2 2017-18,매우긍정,2018,2840.0,0,"MECHANICUS II ANNOUNCED! Take control of one of the most technologically advanced factions in the Imperium: the Adeptus Mechanicus. In this turn-based tactical game, your every dec",Bulwark Studios,13509,0,29.99,29.99
Supreme Commander: Forged Alliance,9420,전략/시뮬,S1 ~2016,압도적긍정,2011,5445.0,0,"The last days of man are at hand.. Two years after the Infinite War the once great warring nations now lie in ruins, and humanity’s hope for a brighter future is nothing but a bitt",Gas Powered Games,13468,0,12.99,12.99
Mist Survival,914620,전략/시뮬,S2 2017-18,대체로긍정,2018,2933.0,0,"MIST SURVIVAL is a Single-player, survival stealth sandbox game Players will experience the Apocalypse stimulation in the form of virus pandemic, the players have to deal with it t",Dimension 32 Entertainment,13456,0,10.99,10.99
Everhood,1229380,싱글 서사,S3 2019-22,압도적긍정,2021,2000.0,0,An UNCONVENTIONAL ADVENTURE RPG that takes place in an inexpressible world filled with amusing musical battles and strange delightful encounters. To put it simply: You are in for a,"Chris Nordgren, Jordi Roca",13397,0,9.99,9.99
Bomb Rush Cyberfunk,1353230,싱글 서사,S4 2023-25,압도적긍정,2023,1103.0,0,Bomb Rush Cyberfunk is 1 second per second of advanced funkstyle. Battle rival crews and dispatch militarized police to conquer the five boroughs of New Amsterdam. Become All City.,Team Reptile,13387,0,39.99,39.99
Burnout Paradise: The Ultimate Box,24740,액션/캐주얼,S1 ~2016,매우긍정,2009,6375.0,0,Download Burnout™ Paradise: The Ultimate Box today. Paradise City is the largest and most dangerous setting yet for the best-selling Burnout series. The massive setting gives playe,Criterion Games,13386,0,0.0,0.0
Shadowrun Returns,234650,전략/시뮬,S1 ~2016,매우긍정,2013,4779.0,0,"The unique cyberpunk-meets-fantasy world of Shadowrun has gained a huge cult following since its creation nearly 25 years ago. Now, creator Jordan Weisman returns to the world of S",Harebrained Schemes,13382,0,14.99,14.99
Dead Island 2,934700,협동,S4 2023-25,대체로긍정,2024,855.0,0,"A deadly virus is spreading across Los Angeles, turning its inhabitants into zombies. Bitten, infected, but more than just immune, uncover the truth behind the outbreak and discove",Dambuster Studios,13375,0,49.99,9.99
F1 2018,737800,전략/시뮬,S2 2017-18,매우긍정,2018,2924.0,0,MAKE HEADLINES in F1® 2018. F1® 2018 is the official videogame of the 2018 FIA FORMULA ONE WORLD CHAMPIONSHIP™. Become immersed in the world of Formula 1® more than ever before.Bui,Codemasters,13346,0,0.0,0.0
DR LIVESEY ROM AND DEATH EDITION,2181930,전략/시뮬,S4 2023-25,매우긍정,2023,1289.0,0,"아하하하하하하하하하, 여러분, 이제부터 롬과 죽음은 여러분에게 같은 의미입니다.",Agafonoff,13336,0,2.99,0.65
We Happy Few,320240,싱글 서사,S2 2017-18,대체로긍정,2018,2937.0,0,"Contrast를 만든 독립 스튜디오에서 제작한 We Happy Few는 1960년대 대안 버전 영국의 한 마약 의존적인 복고풍 미래주의 도시를 배경으로 하는 액션/어드벤처 게임입니다. 이 조이에 미쳐 망상에 사로잡힌 세계에서 숨고, 싸우고, 순응하면서 탈출을 도모해 보세요.",Compulsion Games,13327,0,59.99,59.99
Friends vs Friends,1785150,멀티/경쟁,S4 2023-25,매우긍정,2023,1183.0,0,"전투와 덱 구성이 결합된 정신없는 온라인 PvP 슈팅 게임. 캐릭터를 선택하고, 카드를 사용하여 무장을 구성하고, 일생일대의 전투를 준비하세요!",Brainwash Gang,13313,0,9.99,9.99
STAR WARS™ Jedi Knight - Jedi Academy™,6020,멀티/경쟁,S1 ~2016,압도적긍정,2009,6187.0,0,Forge your weapon and follow the path of the Jedi Jedi Knight: Jedi Academy is the latest installment of the highly acclaimed Jedi Knight series. Take on the role of a new student ,Raven Software,13270,0,9.99,9.99
Fate Seeker,882790,싱글 서사,S2 2017-18,매우긍정,2018,2940.0,0,"Fate Seeker is an original action role-playing PC game developed by JSL ENTERTAINMENT. You play as “the Chosen One”, destined to change the universe. Wonder freely in countless mai",JSL Entertainment,13268,0,21.09,21.09
ZERO Sievert,1782120,싱글 서사,S4 2023-25,매우긍정,2024,671.0,0,"ZERO Sievert는 알고리즘에 따라 생성된 황무지를 뒤지고 장비를 약탈하고 황폐해진 세계에 남겨진 것을 탐험하며 도전하는 강렬한 탑다운 익스트랙션 슈터 게임입니다. 여러분에게 불리한 상황이 닥치면, 생존 그 이상의 일을 해내야 할 것입니다…",CABO Studio,13238,0,19.99,11.99
Child of Light,256290,싱글 서사,S1 ~2016,매우긍정,2014,4501.0,0,"Aurora, a young girl from 1895 Austria, awakens on the lost fairytale continent of Lemuria. To return home she must fight against the dark creatures of the Queen of the Night, who ",Ubisoft Montréal,13220,0,14.99,14.99
Crysis,17300,액션/캐주얼,S1 ~2016,대체로긍정,2008,6551.0,0,"Adapt to Survive  An epic story thrusts players into an ever-changing environment, forcing them to adapt their tactics and approach to conquer battlefields ranging from newly froz",Crytek,13214,0,29.99,29.99
Eco,382310,협동,S2 2017-18,매우긍정,2018,3122.0,0,"Build a civilization of real people, working together to advance society and stop a meteor, all without destroying the ecosystem in the process.",Strange Loop Games,13212,0,29.99,29.99
Feed the Cups,2336220,협동,S4 2023-25,평가나쁨,2024,917.0,0,"Feed the Cups is a Roguelite multiplayer online cooperative game. Run a Drink Shop, stocking up, preparing ingredients, taking orders, crafting drinks, cleaning up, and checking eq",Vambear Games,13208,0,15.99,15.99
OMSI 2: Steam Edition,252530,전략/시뮬,S1 ~2016,매우긍정,2013,4640.0,0,Off to the next round! Experience a new omnibus simulator with OMSI 2 and start discovering Spandau while driving the omnibus. OMSI 2 is the successor of the well-known and awarded,MR-Software GbR,13193,0,29.99,29.99
Supraland,813630,싱글 서사,S3 2019-22,압도적긍정,2019,2699.0,0,"데모를 체험해보세요! 포탈, 젤다 및 메트로이드를 합쳐 놓았습니다. 탐험하고, 퍼즐을 풀고, 몬스터를 죽이고, 새로운 장소에 다다를 수 있도록 도와주는 비밀 업그레이드와 능력을 찾아내세요. 플레이 시간은 12-25 시간입니다.",Supra Games,13154,0,19.99,3.99
Strange Horticulture,1574580,전략/시뮬,S3 2019-22,매우긍정,2022,1677.0,0,"Strange Horticulture는 마을 식물 가게의 주인으로 플레이하는 오컬트 퍼즐 게임입니다. 새로운 식물을 발견해 식별하고, 고양이를 쓰다듬고, 마녀 단체와 대화하고, 교단에 들어가세요. 효능이 강력한 식물들을 활용해 이야기의 흐름을 바꾸고 언더미어의 어두운 수수께끼를 파헤치세요.",Bad Viking,13152,0,15.99,4.79
War of Rights,424030,멀티/경쟁,S2 2017-18,매우긍정,2018,2822.0,0,"War of Rights is a first person multiplayer game featuring massive 400 player battles with a focus on historical authenticity, teamplay and immersion. It is set during the perilous",Campfire Games,13145,0,29.99,29.99
Natural Selection 2,4920,멀티/경쟁,S1 ~2016,매우긍정,2012,5047.0,0,A fast paced multiplayer shooter that pits aliens against humans in a strategic and action-packed struggle for survival!,Unknown Worlds Entertainment,13139,0,4.99,4.99
Bus Simulator 18,515180,협동,S2 2017-18,매우긍정,2018,2995.0,0,"넓은 도시 지역에서 자유롭게 운전하는 버스 운전사의 삶을 경험하세요. Mercedes-Benz, Setra, MAN, IVECO BUS 브랜드의 공식 허가를 받은 도시 버스를 운전해 보세요. 싱글 플레이어 모드 또는 멀티플레이어 모드에서 탑승객들을 목적지까지 제시간에 안전히 데려다주세요.",stillalive studios,13137,0,14.99,14.99
Crysis Remastered,1715130,액션/캐주얼,S3 2019-22,대체로긍정,2021,1803.0,0,"The classic first person shooter from Crytek is back with the action-packed gameplay, sandbox world, and thrilling epic battles you loved the first time around – now with remastere",Crytek,13118,0,29.99,29.99
Titan Souls,297130,싱글 서사,S1 ~2016,대체로긍정,2015,4151.0,0,"Between our world and the world beyond lie the Titan Souls, the spiritual source of all living things. Scattered amongst the ruins and guarded by the idle titans charged with their",Acid Nerve,13113,0,14.99,14.99
Subsistence,418030,멀티/경쟁,S1 ~2016,대체로긍정,2016,3591.0,0,"Subsistence는 샌드박스형, 1인칭, 솔로 혹은 협동 플레이 및 PvE가 가능한 오픈 월드 서바이벌 게임입니다. 혹독한 계절의 변화 속에서 기지를 구축하여 기술을 개발하고 장비를 갖추세요. 야생동물, 자연재해 및 AI 헌터(같은 공간에서 기지를 건설하는 AI)로부터 몸을 지키세요.",ColdGames,13113,0,13.99,13.99
"Warhammer 40,000: Chaos Gate - Daemonhunters",1611910,전략/시뮬,S3 2019-22,대체로긍정,2022,1573.0,0,인류의 가장 위대한 무기인 Grey Knights를 이끌고 빠르게 전개되는 턴제 기반의 전략적인 RPG를 경험해 보세요. 시네마틱과 스토리를 중심으로 흘러가는 캠페인에서 온 우주로 퍼져가는 전염병을 차단하세요. 여러분만의 Daemonhuntes 군대를 모집하고 전략과 기술을 발휘해 보세요.,Complex Games,13107,0,44.99,44.99
Gunpoint,206190,전략/시뮬,S1 ~2016,압도적긍정,2013,4831.0,0,Gunpoint is a stealth puzzle game that lets you rewire its levels to trick people. You play a freelance spy who takes jobs from his clients to break into high security buildings an,Suspicious Developments,13093,0,9.99,9.99
Outpost: Infinity Siege,1566690,협동,S4 2023-25,평가나쁨,2024,882.0,0,"자신의 이동초소를 지휘해 보세요. 'XEN'을 들고 위험천만한 '천인' 감시 지역에 잠입하여 희귀한 무기 부품을 수집하여 전투력을 높이세요. 타워 디펜스, FPS, RTS 등 다양한 장르가 융합된 이곳에서 유연한 대처로 몰려오는 적군들을 물리쳐 보세요. 멀티 협력 모드에서 동료들과 협력하여 전방의 위기와 도전을 극복하고,",Team Ranger,13066,0,24.99,24.99
Cultist Simulator,718670,전략/시뮬,S2 2017-18,대체로긍정,2018,3008.0,0,"Seize forbidden treasures. Summon alien gods. Feed on your disciples. Cultist Simulator is a game of apocalypse and yearning. Play as a seeker after unholy mysteries, in a 1920s-th",Weather Factory,13003,0,19.99,19.99
Bendy and the Dark Revival,1063660,싱글 서사,S3 2019-22,매우긍정,2022,1379.0,0,"Bendy and the Dark Revival® is a first-person survival horror game set in the creepiest cartoon studio to ever exist. Discover the truth. Escape the studio. Above all, fear the Ink",Joey Drew Studios,12975,0,19.99,5.99
Symphony of War: The Nephilim Saga,1488200,전략/시뮬,S3 2019-22,매우긍정,2022,1537.0,0,전쟁으로 황폐해진 탄라 주로 가세요. 보잘것없는 시작을 뗀 새로운 아카데미 졸업생의 역할을 맡아 부패한 적들에 맞서 군단을 이끌며 성장하세요. 영웅들을 모아 유대감을 형성하고 전술적인 턴제 전투들을 승리로 이끄세요. 전장의 지형과 전우의 사기 등을 이용하여 이 땅에 평화를 가져오십시오!,Dancing Dragon Games,12952,0,19.99,6.99
Mortal Online 2,1170950,멀티/경쟁,S3 2019-22,평가나쁨,2022,1673.0,0,"Step into Nave, a vast fantasy sandbox world with a player-driven economy, persistent housing, and deep crafting systems. Engage in first-person, full-loot PvP combat with other pl",Star Vault AB,12943,0,39.99,39.99
Psychonauts 2,607080,싱글 서사,S3 2019-22,압도적긍정,2021,1827.0,0,"Combining quirky missions and mysterious conspiracies, Psychonauts 2 is a platform-adventure game with cinematic style and tons of customizable psychic powers.",Double Fine Productions,12943,0,59.99,59.99
Jagged Alliance 3,1084160,협동,S4 2023-25,매우긍정,2023,1138.0,0,"The country of Grand Chien is thrown into chaos when the elected president goes missing and the paramilitary force known as “the Legion” seizes control. Hire mercs, meet interestin",Haemimont Games,12940,0,44.99,44.99
Sunset Overdrive,847370,싱글 서사,S2 2017-18,매우긍정,2018,2839.0,0,"Sunset Overdrive transforms an open-world apocalypse into your tactical playground. Zip, grind and wall-run across Sunset City with an unconventional arsenal. Hyper-agility, unique","Insomniac Games, Blind Squirrel Games",12899,0,19.99,19.99
Little Inferno,221260,싱글 서사,S1 ~2016,매우긍정,2012,5027.0,0,"불 속으로 장난감을 던져 넣고 신나게 불태우며, 주요 스토리가 따뜻한 벽난로 앞에서 펼쳐지는 독특한 구성의 모험을 떠나세요. 과연 여러분은 굴뚝 위로 펼쳐진 싸늘한 하늘과 꽁꽁 얼어버린 바깥세상의 의문을 풀어낼 수 있을까요? 월드 오브 구, 휴먼 리소스 머신 및 70억 명의 인간들을 탄생시킨 개발진이 창조한 기묘한 세상을",Tomorrow Corporation,12884,0,14.99,14.99
Valkyria Chronicles™,294860,전략/시뮬,S1 ~2016,매우긍정,2014,4305.0,0,"The critically acclaimed Valkyria Chronicles is now available on PC in 1080p True HD, including all previously released DLC!",SEGA,12876,0,19.99,4.99
The Red Strings Club,589780,싱글 서사,S2 2017-18,매우긍정,2018,3137.0,0,"The Red Strings Club is a cyberpunk narrative experience about fate and happiness featuring the extensive use of pottery, bartending and impersonating people on the phone to take d",Deconstructeam,12839,0,14.99,14.99
Moonbase Alpha,39000,협동,S1 ~2016,매우긍정,2010,5894.0,0,"NASA has once again landed on the lunar surface with the goal of colonization, research, and further exploration. Shortly after the return to the Moon, NASA has established a small","Virtual Heroes, Army Game Studio",12838,1,0.0,0.0
Turnip Boy Commits Tax Evasion,1205450,싱글 서사,S3 2019-22,매우긍정,2021,1951.0,0,"Play as an adorable yet trouble-making turnip. Avoid paying taxes, solve plantastic puzzles, harvest crops and battle massive beasts all in a journey to tear down a corrupt vegetab",Snoozy Kazoo,12829,0,14.99,2.99
For The King II,1676840,협동,S4 2023-25,평가나쁨,2023,1027.0,0,초인기 턴제 로그라이트 TRPG! For The King 후속작에서 홀로 또는 4인 파티를 결성해 Fahrul의 폭군 여왕과 맞서 싸우십시오. 여러분은 과연 한때 존경받던 여왕의 끔찍한 비밀을 밝혀낼 수 있을까요?,IronOak Games,12826,0,24.99,8.49
Rusty's Retirement,2666510,전략/시뮬,S4 2023-25,압도적긍정,2024,851.0,0,다른 일을 하고 있을 동안 화면 하단에서 실행되어 편안하게 즐길 수 있는 방치형 농장 시뮬레이터입니다.,Mister Morris Games,12778,0,6.99,4.19
"Warhammer 40,000: Dawn of War II - Anniversary Edition (Classic)",15620,협동,S1 ~2016,매우긍정,2009,6397.0,0,"Warhammer 40,000: Dawn of War II의 모든 것을 하나로. 수상에 빛나는 RTS 게임의 완전체를 만나보세요. 캠페인 세 개와 멀티플레이 팩션 여섯 개, 영웅 8명과 함께하는 Last Stand 협동 모드까지 포함되어 있습니다.","Relic Entertainment, Feral Interactive (Mac/Linux)",12774,0,49.99,49.99
Homefront,55100,액션/캐주얼,S1 ~2016,평가나쁨,2011,5643.0,0,"The Rock Map Pack is Now Available! Join the Resistance, stand united and fight for freedom against an overwhelming military force.","Kaos Studios, Digital Extremes",12767,0,19.99,1.99
F.E.A.R. 3,21100,협동,S1 ~2016,대체로긍정,2011,5544.0,0,"F.E.A.R. 3는 F.E.A.R. 브랜드를 정의하는 모든 특징을 가지고 있습니다: 공포스러운 초자연적 경험, 광란의 전투, 그리고 극적인 스토리라인.",Day 1 Studios,12758,0,19.99,19.99
MechWarrior 5: Mercenaries,784080,협동,S3 2019-22,매우긍정,2021,1917.0,0,The year is 3015. The battlefields are dominated by war machines known as BattleMechs. Level entire cities and decimate the enemy in your BattleMech. Follow a quest for glory and r,Piranha Games Inc.,12756,0,29.99,29.99
Aragami,280160,협동,S1 ~2016,매우긍정,2016,3612.0,0,"Aragami is a third person stealth game that casts you as an undead assassin with the power to control the shadows. Teleport to any shadow, become invisible, materialize weapons or ",Lince Works,12748,0,19.99,19.99
Road Redemption,300380,협동,S2 2017-18,매우긍정,2017,3247.0,0,"액션 레이싱 게임 Road Redemption에서는 광할한 지역에서 바이커 갱단을 이끌면서 박진감 넘치는 로드 파이트를 즐길 수 있습니다. 방대한 캠페인, 수십 개의 무기, 4인 코옵용 분할 스크린 및 온라인 멀티 플레이 등을 지원합니다.","Redemption Road, Pixel Dash Studios",12747,0,19.99,2.99
Tyranny,362960,싱글 서사,S1 ~2016,매우긍정,2016,3575.0,0,Experience a story-driven RPG where your choices mean all the difference in the world.,Obsidian Entertainment,12738,0,29.99,29.99
Stonehearth,253250,멀티/경쟁,S2 2017-18,대체로긍정,2018,2953.0,0,"Pioneer a living world full of warmth, heroism, and mystery. Help a small group of settlers build a home for themselves in a forgotten land. Establish a food supply, build shelter,",Radiant Entertainment,12729,0,19.99,19.99
SYNTHETIK: Legion Rising,528230,협동,S2 2017-18,매우긍정,2018,3085.0,0,SYNTHETIK은 기계가 지배하는 세상을 배경으로 하는 무자비한 슈팅 로그라이크 게임입니다. 끝없이 몰려오는 로봇 군대를 처치하며 완전히 새로운 건슈팅 액션을 체험하세요. 강력한 아이템과 효과를 조합해 당신만의 독창적인 게임플레이를 만들어 나가십시오! 당신은 과연 종말의 심장을 파괴할 수 있을까요?,Flow Fire Games,12717,0,19.99,19.99
Age of History 3,2772750,전략/시뮬,S4 2023-25,매우긍정,2024,671.0,0,"문명의 운명이 당신의 손에 달려있는 대전략 전쟁 게임 - 그들은 당신의 리더십 아래에서 하나로 뭉칠 것인가, 아니면 갈등으로 분열될 것인가? 인류 문명의 초기부터 미래 시대까지, 인류 문명의 전체 이야기를 여행하면서 시대별로 당신의 유산을 만들어 보세요.",Łukasz Jakowski,12712,0,9.99,9.99
Dead Space™ 3,1238060,협동,S3 2019-22,대체로긍정,2020,2259.0,0,힘을 합쳐 공포를 물리치세요,Visceral Games,12702,0,19.99,19.99
Sea of Stars: Sunset Edition,1244090,협동,S4 2023-25,매우긍정,2023,1093.0,0,Sea of Stars is a turn-based RPG inspired by the classics. It tells the story of two Children of the Solstice who will combine the powers of the sun and moon to perform Eclipse Mag,Sabotage Studio,12698,0,34.99,34.99
Lunch Lady,1571440,협동,S3 2019-22,매우긍정,2021,1958.0,0,Lunch Lady is a 1-4 player online co-op survival horror game. The school final exams are coming up and the best idea you and your friends had was to steal the test answers. Find al,Manic Mice,12694,0,4.99,4.99
SCP: 5K,872670,멀티/경쟁,S3 2019-22,매우긍정,2022,1645.0,0,SCP: 5K is a co-op or singleplayer tactical horror FPS project that puts players in the midst of a conspiracy where the SCP Foundation has turned on humanity. Enjoy Early Access as,Affray Interactive,12678,0,19.99,19.99
WARNO,1611600,멀티/경쟁,S4 2023-25,매우긍정,2024,824.0,0,"Realistic, immersive, breathtaking. WARNO is the ultimate World War III battle simulator from the masters of strategy, Eugen Systems. A Cold War turns decisively hot as you command",Eugen Systems,12671,0,39.99,15.99
Serious Sam II,204340,멀티/경쟁,S1 ~2016,매우긍정,2012,5320.0,0,Serious Sam II is a shot of adrenaline to the hearts of first-person shooter fans across the world. This is serious!,Croteam,12668,0,9.99,9.99
Worms W.M.D,327030,멀티/경쟁,S1 ~2016,매우긍정,2016,3654.0,0,전투에 참가해 여러분의 꿈틀이 전사들을 지휘하세요. 진지한 전략과 황당무계한 무기가 누가 살아남고 누가 물속으로 사라질지를 가르는 전설적인 2D 아케이드 포격 슈팅 게임입니다.,Team17,12661,0,29.99,29.99
Freestyle 2: Street Basketball,339610,멀티/경쟁,S1 ~2016,대체로긍정,2015,4164.0,0,Freestyle 2: Street Basketball is a fast paced online arcade basketball game. Create your own unique player and compete in the online street league! Use variety of b-ball moves and,JOYCITY,12647,1,0.0,0.0
Evil Genius 2: World Domination,700600,전략/시뮬,S3 2019-22,평가나쁨,2021,1974.0,0,천재 범죄자가 되어 플레이할 수 있는 재치 가득한 스파이 과학 빌더 게임입니다! 기지를 깃고 부하들을 훈련시켜 정의의 사도들로부터 내 아지트를 지켜내고 세계 정복을 이뤄내십시오!,Rebellion,12641,0,39.99,39.99
Defiance,224600,멀티/경쟁,S1 ~2016,대체로긍정,2014,4465.0,0,Join the futuristic online open-world shooter where thousands of players scour a transformed Earth competing for alien technology.,Trion Worlds,12640,0,0.0,0.0
Deadlight,211400,싱글 서사,S1 ~2016,대체로긍정,2012,5052.0,0,“Probably the best downloadable title on the market right now.” 9/10 – Eurogamer.se,"Tequila Works, S.L.",12629,0,14.99,14.99
SpaceEngine,314650,전략/시뮬,S3 2019-22,압도적긍정,2019,2632.0,0,"The world's first science-based photorealistic interactive 3D planetarium that models the entire Universe, using procedural generation for uncharted areas.",Cosmographic Software,12617,0,29.99,29.99
"I Love You, Colonel Sanders! A Finger Lickin’ Good Dating Simulator",1121910,전략/시뮬,S3 2019-22,매우긍정,2019,2527.0,0,Welcome to the most delicious dating simulator ever created. Do you have what it takes to be the business partner of and win the heart of the most famous chicken salesman of all ti,Psyop,12608,1,0.0,0.0
Pixel Strike 3D,915320,멀티/경쟁,S3 2019-22,대체로긍정,2020,2279.0,0,Pixel Strike 3D is a Multiplayer First-Person Shooter that features fast-paced gameplay and a wide variety of player customization. Battle friends and foes from all around the worl,Vulcron,12603,1,0.0,0.0
NEKOPARA Vol. 2,420110,액션/캐주얼,S1 ~2016,압도적긍정,2016,3840.0,0,"Business is booming for La Soleil, the patisserie run by Kashou Minaduki with his two catgirls, Chocola and Vanilla, his sister Shigure, and the Minaduki family's four catgirl sist",NEKO WORKs,12598,0,9.99,9.99
Sniper Ghost Warrior Contracts 2,1338770,액션/캐주얼,S3 2019-22,매우긍정,2021,1908.0,0,SGW Contracts 2는 중동을 배경으로 펼쳐지는 전략적 현대전 슈팅 게임입니다. 용병 스나이퍼인 Raven이 되어 극적인 싱글 플레이어 캠페인을 진행하십시오. 1000m가 넘는 극한의 장거리 사격과 함께 시리즈 중 가장 스릴 넘치는 출품작에 대비하십시오.,CI Games,12581,0,39.99,39.99
Age of Wonders III,226840,협동,S1 ~2016,매우긍정,2014,4530.0,0,"Age of Wonders III is the long anticipated sequel to the award-winning strategy series. Delivering a unique mix of Empire Building, Role Playing and Warfare, Age of Wonders III off",Triumph Studios,12578,0,29.99,29.99
"Warhammer 40,000: Eternal Crusade",375230,멀티/경쟁,S1 ~2016,평가나쁨,2016,3623.0,0,"Eldar, Orks, Chaos or Space Marines, in the fiercest battles for universal peace, through any means. Try the Free Demo - or buy the Full Premium Game below. We will not give up.",Behaviour Interactive Inc.,12554,0,0.0,0.0
Dune: Spice Wars,1605220,멀티/경쟁,S4 2023-25,대체로긍정,2023,1076.0,0,"전 세계의 플레이어 여러분으로부터 큰 호평을 받은 전략 게임 “Northgard”의 개발자들이 뭉쳐 만든, 실시간 4X 전략 게임입니다. 여러분은 프랭크 허버트의 놀라운 Dune 유니버스 속에서 각자의 팩션을 이끌고 거친 사막 행성 아라키스의 통솔과 지배를 둘러싼 싸움에 뛰어들게 됩니다.",Shiro Games,12520,0,34.99,34.99
Walking Zombie 2,965200,싱글 서사,S3 2019-22,매우긍정,2019,2510.0,0,오프라인으로 즐길 수 있으며 폴리곤 그래픽에 RPG 요소를 결합한 싱글 플레이어 좀비 슈팅 게임입니다.,Alda Games,12515,1,0.0,0.0
PixARK,593600,멀티/경쟁,S3 2019-22,대체로긍정,2019,2643.0,0,"Enter a world of mystery, danger, ancient dinosaurs, mythical beasts, and cubes! Work by yourself or with a tribe of others to gather materials, craft useful items, tame wild creat",Snail Games USA,12512,0,19.99,19.99
Football Manager 2019,872790,전략/시뮬,S2 2017-18,매우긍정,2018,2853.0,0,시뮬레이션 게임이 완벽해졌습니다. 원하는 클럽을 선택해 자신만의 축구 이야기를 써보세요. 놀라울 정도로 사실적인 게임의 세상이 펼쳐집니다. 클럽과 관련한 모든 결정을 내리거나 결정에 관여해 클럽의 미래를 그리세요. 당신이 꿈꿔왔던 모든 것이 가능해집니다!,Sports Interactive,12480,0,0.0,0.0
FIVE NIGHTS AT FREDDY'S: HELP WANTED,732690,액션/캐주얼,S3 2019-22,압도적긍정,2019,2646.0,0,Five Nights at Freddy’s: Help Wanted is a collection of classic and original mini-games set in the Five Nights universe. Experience the horror in flat (non-VR) mode or VR. Oculus R,Steel Wool Studios,12463,0,29.99,29.99
Our Life: Beginnings & Always,1129190,액션/캐주얼,S3 2019-22,압도적긍정,2020,2108.0,0,"A twenty-dollar bill, four summers, fifteen years, and a one of a kind life. Create an experience that’s all your own in this near-fully customizable visual novel where you grow fr",GB Patch Games,12452,1,0.0,0.0
Supreme Commander 2,40100,전략/시뮬,S1 ~2016,매우긍정,2010,6021.0,0,"Steam 도전 과제 47개, 순위표, 통계 포함!",Gas Powered Games,12431,0,12.99,12.99
Tropico 4,57690,전략/시뮬,S1 ~2016,매우긍정,2011,5472.0,0,"변혁하는 세계 속에 Tropico도 함께 움직입니다. 각국의 세력이 등락하고, 세계 시장은 새로운 수요와 공급을 원하는 새로운 세력에 의해 지배됩니다. 이제 바로 당신이 위대한 지도자 각하의 역할을 맡아 새로운 도전을 마주하게 됩니다.",Haemimont Games,12427,0,24.99,12.49
Internet Cafe Simulator 2,1563180,전략/시뮬,S3 2019-22,대체로긍정,2022,1691.0,0,Internet Cafe Simulator 2는 매우 포괄적이고 상세한 인터넷 카페 비즈니스 시뮬레이션 게임입니다.,Cheesecake Dev,12421,0,19.99,19.99
Darksiders™,50620,싱글 서사,S1 ~2016,매우긍정,2010,5815.0,0,"Deceived by the forces of evil into prematurely bringing about the end of the world, War – the first Horseman of the Apocalypse – stands accused of breaking the sacred law by incit",Vigil Games,12402,0,19.99,19.99
Call of Cthulhu®,399810,싱글 서사,S2 2017-18,대체로긍정,2018,2857.0,0,"1924. Private Investigator Pierce is sent to look into the tragic death of the Hawkins family. Plunge into a world of creeping madness and cosmic horror. Cryptic clues, shadowy fig",Cyanide Studio,12392,0,19.99,19.99
She Will Punish Them,1213740,싱글 서사,S3 2019-22,매우긍정,2020,2309.0,0,"A sensual dark fantasy ARPG. Customize a stunning succubus with great body details, together with your companions fight intense combats with challenging bosses to get sexy outfits ",L2 Games,12384,0,15.99,15.99
LEGO® Batman™: The Videogame,21000,싱글 서사,S1 ~2016,매우긍정,2008,6539.0,0,"아캄 수용소의 모든 빌런들이 팀을 이뤄 탈옥했을 때, 고담 시티를 지키기 위해 이들을 막아설 용기가 있던 것은 다이내믹 듀오뿐이었습니다. LEGO의 재미와 배트맨의 드라마를 조합한 이 LEGO 배트맨: 비디오게임은 재미있고 흥미로운 모험을 선사할 것입니다. 배트맨과 그의 사이드킥 로빈이 되어 플레이하며 고담 시티에서 빌드",Traveller's Tales,12379,0,19.99,19.99
Darksiders Genesis,710920,협동,S3 2019-22,매우긍정,2019,2455.0,0,"DARKSIDERS: GENESIS gives players their first look at the world of DARKSIDERS before the events of the original game. Furthermore, it introduces the fourth and last horseman STRIFE",Airship Syndicate,12373,0,29.99,29.99
Tails of Iron,1283410,싱글 서사,S3 2019-22,매우긍정,2021,1803.0,0,"Tails of Iron은 잔혹한 전쟁이 펼쳐지는 에픽 RPG 어드벤처입니다. 왕위 계승자 레지가 되어, 왕국을 되찾기 위해 아주 위험한 퀘스트를 시작하세요. 믿을 수 없을 정도로 매력적인 세계로의 탐험을 시작하세요. 용감한 동료들을 모으고 무자비한 개구리 부족을 단 번에 몰아내세요!",Odd Bug Studio,12372,0,24.99,24.99
Anno 2070™,48240,전략/시뮬,S1 ~2016,평가나쁨,2011,5395.0,0,"Build your society of the future, colonize islands, and create sprawling megacities with multitudes of buildings, vehicles, and resources to manage.","Blue Byte, Related Designs",12366,0,19.99,19.99
Prototype™,10150,싱글 서사,S1 ~2016,매우긍정,2009,6283.0,0,"당신은 프로토타입이고, 알렉스 머서이며, 경이로운 이능력으로 무장한 기억상실자입니다. 당신은 당신을 이렇게 만든 음모의 중심을 조사하고 있습니다. 현재 상황에 책임이 있는 자들에게 책임을 물게 하기 위해서.빠르고 치명적인 이능력 전투: 상황에 따라 당신의 몸을 자유자재로 변형시킬 수 있습니다. 발톱에서부터 칼날, 손메나 ",Radical Entertainment,12357,0,19.99,19.99
Exanima,362490,전략/시뮬,S1 ~2016,매우긍정,2015,4136.0,0,"Explore, fight, survive and unravel mysteries in this unique and unforgiving 3D isometric RPG set in an original dark, low fantasy world. Exanima's exceptional attention to detail ",Bare Mettle Entertainment,12346,0,14.99,14.99
State of Decay: YOSE,329430,전략/시뮬,S1 ~2016,매우긍정,2015,4138.0,0,Make your stand against the collapse of society in the ultimate zombie survival-fantasy game. Explore an open world full of dangers and opportunities that respond to your every dec,Undead Labs,12323,0,19.99,19.99
Jump King,1061090,싱글 서사,S3 2019-22,매우긍정,2019,2671.0,0,"Take up the challenge and face true high-stakes platforming in Jump King! Struggle upwards in search of the Smoking Hot Babe of legend, but explore with care; a single missed jump ",Nexile,12303,0,12.99,3.24
Dishonored®: Death of the Outsider™,614570,액션/캐주얼,S2 2017-18,매우긍정,2017,3267.0,0,"From the award-winning developers at Arkane® Studios comes Dishonored®: Death of the Outsider, the next standalone adventure in the critically-acclaimed Dishonored® series.",Arkane Studios,12303,0,29.99,29.99
WRC 7 FIA World Rally Championship,621830,멀티/경쟁,S2 2017-18,매우긍정,2017,3266.0,0,"WRC의 13개 랠리와 충실하게 재현한 경기장을 직접 달려 보세요. 챔피언십에 참가한 최고의 드라이버가 되어 신형 자동차의 운전석에 앉아 보세요. 혼자서나 온라인으로나 Epic Stages에 도전하고, 주간 도전에 참여하고, 프로 레이서처럼 WRC를 경험하세요!",KT Racing,12284,0,19.99,19.99
KinitoPET,2075070,전략/시뮬,S4 2023-25,매우긍정,2024,959.0,0,"KinitoPET is a psychological horror experience that takes place through Kinito, an early 2000s virtual assistant. Kinito is able to walk, talk, browse, adapt, and play games as Kin",troy_en,12279,0,5.99,5.99
Chrono Ark,1188930,전략/시뮬,S4 2023-25,매우긍정,2024,845.0,0,"﻿크로노 아크는 파티 기반 RPG, 덱 빌딩, 로그라이크 요소를 혼합하여 만들어진 싱글 플레이 게임입니다.특색 있는 능력을 가진 동료를 영입하고 다양한 스킬을 배워 최고의 파티를 만들고 뒤틀린 세계를 구하세요!",Al Fine,12267,0,24.99,24.99
DISTRAINT: Deluxe Edition,395170,싱글 서사,S1 ~2016,매우긍정,2015,3961.0,0,"디스트레인트는 PC로 즐길 수 있는 심리 호러 2D 어드벤처 게임이다. 프라이스는 저명한 회사와의 동업을 위해서, 나이든 부인의 재산을 압류하는 일을 수행한다. 그리고 그 순간, 프라이스는 인간성을 팔아버린 대가를 마침내 깨닿게 되는데...",Jesse Makkonen,12242,0,4.99,0.69
MechWarrior Online™ Legends,342200,멀티/경쟁,S1 ~2016,매우긍정,2015,3911.0,0,"MechWarrior Online™ Legends is a tactical, 'Mech-based online shooter set in the vast BattleTech Universe. Assume the role of an elite MechWarrior, piloting powerful BattleMechs, f",Piranha Games Inc.,12220,1,0.0,0.0
Freeman: Guerrilla Warfare,773951,전략/시뮬,S3 2019-22,평가나쁨,2019,2517.0,0,"In the anarchic world of Freeman: Guerrilla Warfare, only the mightiest warlord rules. Start with a pistol and a few militias, you will set yourself on a wild and ambitious journey",KK Game Studio,12216,0,24.99,24.99
Furi,423230,액션/캐주얼,S1 ~2016,매우긍정,2016,3703.0,0,"The jailer is the key, kill him and you’ll be free. Fight your way free in this ultra-responsive, fast-paced sword-fighting and dual-stick shooting game.",The Game Bakers,12204,0,19.99,19.99
Bad North: Jotunn Edition,688420,전략/시뮬,S2 2017-18,매우긍정,2018,2839.0,0,Bad North는 매력적이면서 잔인한 실시간 전술 로그라이트 게임입니다. 아름다운 섬 왕국을 바이킹 침략자들로부터 지켜내고 절망에 빠진 백성들이 탈출할 수 있도록 이끄십시오. 충성스러운 부하들을 지휘하여 각 섬의 독특한 모양을 전술적으로 최대한 활용하십시오. 모든 것이 걸려있습니다. 실패하면 살해된 부하들의 피가 땅을 ,"Plausible Concept, Oskar Stålberg",12198,0,14.99,14.99
Sniper Ghost Warrior Contracts,973580,멀티/경쟁,S3 2019-22,대체로긍정,2019,2468.0,0,"가장 현실감 있는 현대전 저격 게임에서 궁극의 암살자가 되어보세요. 대형 오픈 엔드 맵을 통해 몰입형 싱글 플레이어 캠페인을 진행하세요. 전술적 사고, 은밀한 접근 및 롱 숏 수행에 필요한 정밀도를 확인해보세요.",CI Games,12196,0,29.99,29.99
WILD HEARTS™,1938010,협동,S4 2023-25,평가나쁨,2023,1286.0,0,고대 기술을 마스터하여 거대한 짐승들을 사냥하세요. WILD HEARTS™는 기술을 이용해 자연의 맹렬한 힘이 깃든 무시무시한 짐승에 맞서 싸우는 독특한 헌팅 장르의 게임입니다. 혼자서 또는 친구와 협력하여 짐승들을 쓰러뜨리세요.,"KOEI TECMO GAMES CO., LTD.",12190,0,69.99,69.99
Ultimate Epic Battle Simulator,616560,전략/시뮬,S2 2017-18,대체로긍정,2017,3372.0,0,"Here is a sandbox like no other. Create massive battles with absolutely no limits. Want to see 10,000 chickens fight an army of Romans?? Sure, why not. Want to see a company of WW2",Brilliant Game Studios,12155,0,14.99,14.99
Wobbledogs,1424330,전략/시뮬,S3 2019-22,압도적긍정,2022,1624.0,0,몸부터 위장까지 시뮬레이션하여 자신만의 돌연변이 개 군집을 기를 수 있는 3D 펫 시뮬레이션! Wobbledogs는 캐주얼하고 편안한 샌드박스 게임으로 가상의 반려동물을 꿈꿔 온 누구나 놀랍고 독특하며 스트레스 없는 환경에서 개를 키울 수 있죠.,Animal Uprising,12145,0,19.99,19.99
Torque Drift,1029550,멀티/경쟁,S3 2019-22,대체로긍정,2021,1953.0,0,"자동차를 조립하고, 원하는 대로 페인트 작업을 하고, 실제 온라인 탠덤 배틀의 실제 무대에서 경쟁하여 드리프트 킹이 되어 보세요!",Grease Monkey Games,12126,1,0.0,0.0
Hyperdimension Neptunia Re;Birth1,282900,전략/시뮬,S1 ~2016,매우긍정,2015,4226.0,0,"Packed with fast-paced, turn-based RPG action, fourth-wall-breaking, trope-demolishing dialogue, and more item, weapon, and costume customization than you can shake a Lvl. 1 Stick ","IDEA FACTORY Co., Ltd., COMPILE HEART Co., Ltd., FELISTELLA ",12106,0,14.99,14.99
Escape Room - Der kranke Kollege,1301720,협동,S3 2019-22,매우긍정,2020,2180.0,0,"You only wanted to make a visit to your sick colleague, but what you encounter is beyond your imagination. Discover the secrets of your colleague and find a way to escape the trap.",Bitbeast Games,12105,1,0.0,0.0
Montaro,495890,액션/캐주얼,S1 ~2016,압도적긍정,2016,3683.0,0,Montaro is a DOGE.,JCKSLAP,12103,0,0.99,0.99
Little Misfortune,714120,싱글 서사,S3 2019-22,매우긍정,2019,2533.0,0,"Led by her new friend, Mr. Voice, Misfortune ventures into the woods, where mysteries are unraveled and a little bad luck unfolds.",Killmonday Games AB,12087,0,19.99,19.99
Spirit City: Lofi Sessions,2113850,전략/시뮬,S4 2023-25,압도적긍정,2024,869.0,0,"Spirit City: Lofi Sessions는 편안한 lofi 사운드트랙으로 설정된 게임화된 집중 도구입니다. 집중력을 높이고 스트레스를 완화하도록 설계된 편리한 기능 모음을 통해 영혼을 발견 및 수집하고, 아늑한 가상 공간을 맞춤 설정하고, 실제 작업을 촉진하세요.",Mooncube Games,12083,0,11.99,11.99
Deponia,214340,싱글 서사,S1 ~2016,매우긍정,2012,5132.0,0,"세계가 거대한 쓰레기장으로 변해 버린 데포니아에서, 짜증이 많은 루퍼스는 힘든 삶을 꾸역꾸역 이어 갑니다.",Daedalic Entertainment,12075,0,9.99,9.99
NGU IDLE,1147690,전략/시뮬,S3 2019-22,압도적긍정,2019,2520.0,0,"NGU Idle is a Free To Play Idle game that's full of weird humor, tons of upgrades and hundreds of hours of content! Try out NGU Idle today and experience the joy of Numbers Going U",4G,12068,1,0.0,0.0
SNOW - The Ultimate Edition,244930,전략/시뮬,S3 2019-22,평가나쁨,2019,2749.0,0,"SNOW - The Ultimate Edition is the only open world, winter sports game. Explore a massive mountain, customize your character with clothing and equipment, compete in events to be th","Poppermost Productions, WastedStudios, Crytek",12054,0,0.0,0.0
Gotham City Impostors Free to Play,206210,액션/캐주얼,S1 ~2016,매우긍정,2012,5108.0,0,"Gotham City Impostors is now Free to Play! Join the Batman &quot;helpers&quot; or junior Jokerz in the streets of Gotham full of bullets, bodies, and bear traps.","Monolith Productions, Inc.",12049,0,0.0,0.0
SUPERHOT: MIND CONTROL DELETE,690040,액션/캐주얼,S3 2019-22,매우긍정,2020,2231.0,0,"SUPERHOT 시리즈의 세 번째 게임인 MIND CONTROL DELETE는 SUPERHOT의 세계에 대한 더 많은 통찰력, 더 많은 스토리, 더 많은 독특한 게임플레이를 제공합니다. 그 전보다도 훨씬 더 오랫동안 슬로 모션으로 파괴의 발레를 계속 추세요.",SUPERHOT Team,12015,0,24.99,24.99
Find Love or Die Trying,1714320,액션/캐주얼,S3 2019-22,압도적긍정,2021,1804.0,0,독신이란 죽음을 의미하는 킬러 데이트 쇼에 오신 것을 환영합니다! 데이트를 하느냐 죽느냐는 당신의 선택에 달렸습니다!,Sunseeker Games,12007,0,4.99,4.99
Life is Feudal: Your Own,290080,협동,S1 ~2016,평가나쁨,2015,3934.0,0,"Hardcore and realistic; LiF is a Medieval multiplayer sandbox RPG, with free terraforming, a rich crafting system and preset and modular building construction. With engaging surviv",Bitbox Ltd.,12000,0,19.99,19.99
Bellwright,1812450,협동,S4 2023-25,매우긍정,2024,854.0,0,자신만의 정착지를 건설하고 영토를 확장하여 땅을 해방시키고 주민들을 도와주세요. 과거의 삶에 대해 더 배우는 한편 다른 사람들을 당신의 대의에 끌어들여 동참시키세요. 군대를 지휘하고 전투를 통해 용맹함을 증명하며 국민의 영웅으로 자리 잡으세요.,Donkey Crew,11996,0,29.99,29.99
Total War: ROME REMASTERED,885970,전략/시뮬,S3 2019-22,대체로긍정,2021,1944.0,0,Total War: ROME REMASTERED lets you relive the legacy that defined the award-winning strategy game series. Remastered to 4K with multiple improvements to visuals as well as refinem,"Creative Assembly, Feral Interactive",11962,0,29.99,5.99
Book of Demons,449960,싱글 서사,S2 2017-18,대체로긍정,2018,2812.0,0,Book of Demons는 당신이 퀘스트의 길이를 결정하는 핵 &amp; 슬래쉬 덱 빌딩의 복합적인 게임입니다. 오래된 성당 아래 지하 감옥에서 무기 대신 마법 카드를 이용해서 어둠의 군대를 무찌르세요. 아크 데몬의 손아귀에서 공포에 빠진 종이 세계를 구해주세요!,Thing Trunk,11952,0,24.99,24.99
JoJo's Bizarre Adventure: All-Star Battle R,1372110,협동,S3 2019-22,매우긍정,2022,1454.0,0,"아라키 히로히코가 그려내는 독특한 표현을 재현한 격투 게임! 역대 캐릭터가 모두 50명 집결하여 스탠드, 파문, 모드 등 각 부에서 활약한 힘이 맞부딪힙니다! 이번 작품만의 꿈의 경연, 원작에서는 만나지 못했던 캐릭터들이 서로 주고받는 대사들도 놓치지 마세요!",CyberConnect2 Co. Ltd.,11951,0,49.99,49.99
Eternal Senia,351640,싱글 서사,S1 ~2016,압도적긍정,2015,4086.0,0,Thoughts and expectations ARPG,Sanctum Games,11948,1,0.0,0.0
Max Payne 2: The Fall of Max Payne,12150,액션/캐주얼,S1 ~2016,매우긍정,2011,5710.0,0,Max Payne 2: The Fall of Max Payne은 폭력적인 필름 누아르 러브 스토리입니다. 이 어둡고 비극적이면서 강렬한 심도 있는 이야기를 통해 충격적인 반전과 폭로로 스릴을 만끽해 보세요. 사랑은 아픈 법입니다.,Remedy Entertainment,11934,0,9.99,2.49
CPUCores :: Maximize Your FPS,384300,액션/캐주얼,S1 ~2016,대체로긍정,2015,4068.0,0,FPS를 최대한 활용하십시오 :: CPUCores를 사용하여 OS + 게임이 아닌 프로세스를 격리 및 제한하고 게임에 독점적으로 사용되는 CPU 리소스를 전용하십시오! CPUCores는 Steam 게임과 완벽하게 통합됩니다.,Smorb Software,11911,0,16.99,16.99
The Talos Principle 2,835960,싱글 서사,S4 2023-25,압도적긍정,2023,1027.0,0,"The Talos Principle 2는 두뇌를 자극하는 1인칭 퍼즐 게임으로, 전작의 철학적 주제와 멋진 세계를 크게 확장하여 더욱 많은 도전을 제공합니다.",Croteam,11897,0,29.99,29.99
NEKOPARA Vol. 3,602520,액션/캐주얼,S2 2017-18,압도적긍정,2017,3379.0,0,"Patisserie &quot;La Soleil&quot;, run by Kashou Minaduki, is flourishing thanks to the help of two catgirls: Maple, full of pride and a little on the haughty side, and Cinnamon, an",NEKO WORKs,11893,0,9.99,9.99
FINAL FANTASY IX,377840,싱글 서사,S1 ~2016,매우긍정,2016,3785.0,0,"Selling over five million copies since its release in 2000, FINAL FANTASY IX proudly returns on Steam! Now you can relive the adventures of Zidane and his crew on PC !",Square Enix,11892,0,20.99,20.99
BLEACH Brave Souls,1201240,협동,S3 2019-22,매우긍정,2020,2199.0,0,"만화, 애니메이션으로 인기인 「BLEACH」의 상쾌 액션RPG가 Steam으로 등장! 매력넘치는 캐릭터로 나만의 최강 팀을 만들자!",KLab Inc.,11884,1,0.0,0.0
Across the Obelisk,1385380,협동,S3 2019-22,매우긍정,2022,1470.0,0,"협동 로그라이트 덱 빌딩에서는 모든 선택이 중요합니다! 강력한 덱을 만들고, 홀로 또는 최대 3명의 친구와 함께하세요. Across the Obelisk에서 파티에게 영광을 안겨줄 방법을 구상하고 전술 전투에서 승리해 세넨시아 왕국을 구하세요!",Dreamsite Games,11866,0,19.99,19.99
From the Depths,268650,멀티/경쟁,S3 2019-22,매우긍정,2020,2118.0,0,"1000개가 넘는 고유 부품을 활용하여 심해에서 우주에 이르기까지 다양한 복셀 기반 기체를 설계하고 지휘하세요! 전략을 수립하고, 동맹을 맺고, 강력한 함대를 구축하여 행성의 치명적인 8개의 세력을 격파하고 최강의 지배자가 되십시오. 시뮬레이션, 건설, RTS, RPG 요소가 결합된 독창적인 장르 융합 게임입니다.",Brilliant Skies Ltd.,11863,0,24.99,24.99
The Messenger,764790,액션/캐주얼,S2 2017-18,매우긍정,2018,2917.0,0,"As a demon army besieges his village, a young ninja ventures through a cursed world, to deliver a scroll paramount to his clan’s survival. What begins as a classic action platforme",Sabotage,11860,0,19.99,19.99
Rabi-Ribi,400910,싱글 서사,S1 ~2016,압도적긍정,2016,3862.0,0,"Dodge bullets, missiles and lasers in battle as you wrap your head around that bunny girl costume! Combo away with your mighty Piko Hammer or spam various spells from afar with you","CreSpirit, GemaYue",11858,0,17.99,8.99
Oxenfree,388880,싱글 서사,S1 ~2016,매우긍정,2016,3876.0,0,"Oxenfree is a supernatural thriller about a group of friends who unwittingly open a ghostly rift. You are Alex, and you’ve just brought your new stepbrother Jonas to an overnight i",Night School Studio,11840,0,9.99,9.99
Mitos.is: The Game,389570,멀티/경쟁,S1 ~2016,매우긍정,2015,4045.0,0,"Step into the microscopic world of Mitos.is! Eat or be eaten—become the ultimate cell in a highly addictive multiplayer game. Diverse modes, daily tournaments, guilds, and gear awa",Freakinware Studios,11831,1,0.0,0.0
POSTAL 4: No Regerts,707030,싱글 서사,S3 2019-22,대체로긍정,2022,1588.0,0,POSTAL 4: No Regerts is a satirical and outrageous comedic open world first person shooter and the long-awaited true sequel to what’s been fondly dubbed as &quot;The Worst Game Eve,Running With Scissors,11819,0,19.99,9.99
SEGA Mega Drive and Genesis Classics,34270,협동,S1 ~2016,매우긍정,2010,5929.0,0,"SEGA’s collection of Mega Drive &amp; Genesis Classics comes to a new generation, now updated with even more features: online multiplayer, achievements, mirror mode, rewind, save s",D3T Limited,11802,0,0.0,0.0
In Silence,1361000,멀티/경쟁,S3 2019-22,대체로긍정,2021,1761.0,0,In Silence는 멀티 플레이어 공포 게임입니다. 플레이어는 뛰어난 감각 능력을 가지고 있으며 거의 ​​완전히 장님 괴물을 제어합니다. 다른 플레이어 (2-6)는 몬스터를 제거하거나 사냥하려고합니다.,Ravenhood Games,11795,0,9.99,3.99
The Bureau: XCOM Declassified,65930,액션/캐주얼,S1 ~2016,대체로긍정,2013,4751.0,0,"1962년, 국가는 Cold War(냉전)의 공포에 사로잡혀 있습니다. The Bureau라고 불리는 일급 비밀 정부 기관은 공산주의 체제보다 더욱 강력한 적에 의한 일련의 불가사의한 공격을 조사하기 시작합니다. 다른 세계의 적으로부터 인류를 구하기 위한 비밀 전쟁을 그려낸 3인칭 전략 슈팅 게임에서 Carter 요원이 ",2K Marin,11786,0,19.99,19.99
Divinity: Original Sin (Classic),230230,협동,S1 ~2016,매우긍정,2014,4439.0,0,"Gather your party and get ready for a new, back-to-the-roots RPG adventure! Discuss your decisions with companions; fight foes in turn-based combat; explore an open world and inter",Larian Studios,11785,0,39.99,39.99
Impostor Factory,1182620,싱글 서사,S3 2019-22,압도적긍정,2021,1790.0,0,"To the Moon의 제작진이 선사하는, 다수의 사상자와 수상한 고양이가 출몰하는 저세상 타임루프 비희극 살인 미스터리 스릴러",Freebird Games,11773,0,9.99,9.99
"Yes, Your Grace",1115690,전략/시뮬,S3 2019-22,매우긍정,2020,2363.0,0,지금 힘든 시기입니다 폐하. 사람들이 가지고 있는 문제는 우리의 해결능력을 넘어서고 있고 전쟁이 일어날 수도 있습니다. 신중한 결정이 필요합니다.,Brave At Night,11762,0,19.99,19.99
Scribblenauts Unlimited,218680,전략/시뮬,S1 ~2016,매우긍정,2013,4939.0,0,많은 상을 수상한 베스트셀러 프랜차이즈가 돌아왔습니다. 아름다운 HD로 당신의 PC에서 아름다운 HD로 즐기세요.,5th Cell Media,11755,0,19.99,19.99
Kingdom: New Lands,496300,전략/시뮬,S1 ~2016,매우긍정,2016,3668.0,0,Kingdom: New Lands builds upon the award-winning gameplay and mystery of Kingdom by introducing an abundance of new content to the IGF-nominated title while maintaining the simplic,Noio,11741,0,14.99,14.99
RIDE 4,1259980,멀티/경쟁,S3 2019-22,매우긍정,2020,2147.0,0,"오토바이를 진정 즐길 줄 아는 사람으로서 최고의 게임을 경험해 볼 준비 되셨습니까? RIDE 4는 수백 대의 오토바이와 수십 개의 트랙, 차원이 다른 현실적인 연출로 여러분의 승부욕에 불을 지펴줄 것입니다.",Milestone S.r.l.,11729,0,39.99,39.99
Yog-Sothoth’s Yard,2194530,전략/시뮬,S4 2023-25,매우긍정,2023,1041.0,0,"Manage a hotel and hire employees including Death, a dragon, a Spirit Hunter, and a bioroid maid. Build your wealth through various means and refine your strategies based on the pr",Bone Nail,11705,0,10.99,10.99
Dead Island: Riptide Definitive Edition,383180,협동,S1 ~2016,대체로긍정,2016,3738.0,0,"Welcome to the zombie apocalypse experience of a lifetime – more beautiful than ever. Caught in an epic zombie outbreak on the tropical island of Banoi, your only thought is: Survi",Techland,11700,0,19.99,19.99
ARK: The Survival Of The Fittest,407530,멀티/경쟁,S2 2017-18,평가나쁨,2017,3283.0,0,"ARK : 적합한 생존은 ARK의 프로토 타입 스핀 오프입니다. 생존 진화로, 생존을위한 빠르게 진행되는 액션으로 가득 찬 투쟁으로 최대 60 명의 전투원이 서로 대항하여 플레이어가 서사시 최종 대결에 올랐습니다. 공룡 군대를 전투로 이끌었습니다.","Studio Wildcard, Instinct Games, Efecto Studios, Virtual Bas",11692,0,14.99,4.49
Dark and Light,529180,멀티/경쟁,S2 2017-18,평가나쁨,2017,3323.0,0,"는Unreal Engine 4로제작된샌드박스형 RPG로서환상적이고방대한오픈월드를구현하고있다. 현실감넘치는기후시스템, 광활한오픈월드, 다양한생명체및스릴넘치는서바이벌콘텐츠가있을뿐만아니라높은자유도를제공하는건축시스템, 독자적인스킬시스템, 펫시스템, 채집제작등멀티형경영시스템도체험할수있다.또한대규모진영대전과자유로운마법전장은 PK의모",Snail Games USA,11690,0,17.99,17.99
Songs of Conquest,867210,멀티/경쟁,S4 2023-25,매우긍정,2024,827.0,0,"Raise mighty armies, wield ancient magic and forge an empire. This turn-based strategy adventure game fuses strategic decision making, tactical combat and kingdom management.",Lavapotion,11676,0,29.99,29.99
Five Nights at Freddy's: Sister Location,506610,전략/시뮬,S1 ~2016,매우긍정,2016,3609.0,0,"Welcome to Circus Baby's Pizza World, where family fun and interactivity go beyond anything you've seen at those *other* pizza places! Now hiring: Late night technician. Must enjoy",Scott Cawthon,11665,0,7.99,7.99
EVERSPACE™ 2,1128920,전략/시뮬,S4 2023-25,매우긍정,2023,1237.0,0,"Everspace 2는 우주선을 통해 빠른 속도로 전개되는 싱글 플레이어 슈터 게임으로, 전리품, RPG 요소, 채굴, 제작으로 가득 찬 우주와 행성을 탐사하게 됩니다. 비밀, 퍼즐, 위협으로 가득한 생생한 오픈 월드에서 펼쳐지는 긴장감 넘치는 SF 스토리를 경험하세요.",ROCKFISH Games,11628,0,49.99,49.99
The Dark Pictures Anthology: Man of Medan,939850,멀티/경쟁,S3 2019-22,대체로긍정,2019,2553.0,0,"더 다크 픽처스 앤솔로지는 1인용 시네마틱 공포 게임 시리즈로, 온라인 환경에서 친구들과 플레이하실 수도 있습니다. 맨 오브 메단에서는, 다섯 명의 친구들이 휴가를 맞이하여 다이빙 여행을 떠난 지 얼마 지나지 않아 악몽같은 시간을 겪게 됩니다.",Supermassive Games,11609,0,19.99,19.99
Nodebuster,3107330,전략/시뮬,S4 2023-25,압도적긍정,2024,742.0,0,"Nodebuster is a short, experimental incremental game about busting nodes and destroying reality.",Goblobin,11604,0,2.99,2.99
RUINER,464060,액션/캐주얼,S2 2017-18,매우긍정,2017,3255.0,0,"RUINER는 사이버 대도시 렝콕의 2091년을 배경으로 한 잔혹한 액션 슈터 게임입니다. 주인공인 소시오패스는 부패한 시스템에 대한 사실을 폭로하고 비밀스런 해커 친구의 도움을 받아 납치당한 형을 구하는 여정을 떠납니다. 기이한 잔해물과 증강된 도구, 그리고 타락한 적들의 무기를 결합해가며 적들을 쓰러뜨리고 헤븐의 중심",Reikon Games,11592,0,19.99,19.99
Not For Broadcast,1147550,전략/시뮬,S3 2019-22,매우긍정,2022,1673.0,0,"A new political Party has won a landslide in the General Election, and for some reason the editor at the news station you work at has done a runner. Now it’s up to you, the Janitor",NotGames,11584,0,24.99,24.99
VillageRhapsody,2109460,전략/시뮬,S4 2023-25,압도적긍정,2023,1217.0,0,"Farming, logging, fishing, farm role-playing games to help widows and wives improve their lives",YooGame,11569,0,2.99,2.99
Aliens: Colonial Marines Collection,49540,협동,S1 ~2016,평가나쁨,2012,5229.0,0,"You &amp; your friends are the deadliest killers in the galaxy – the US Colonial Marines. It’s up to you to not just survive, but wipe out the Xeno infestation.",Gearbox Software,11562,0,29.99,2.99
RWBY: Grimm Eclipse,418340,멀티/경쟁,S1 ~2016,매우긍정,2016,3703.0,0,"RWBY: GRIMM ECLIPSE는 Rooster Teeth의 국제적인 히트작 RWBY를 기반으로 한 4인용, 온라인 협동, 핵앤슬래시 게임입니다.","Rooster Teeth Games, FarBridge",11553,0,19.99,19.99
Bloons TD 5,306020,협동,S1 ~2016,매우긍정,2014,4297.0,0,"Five-star tower defense with unrivaled depth and replayability. The Bloons are back in full HD glory and this time they mean business! Build awesome towers, choose your favorite up",Ninja Kiwi,11545,0,9.99,9.99
Party Hard,356570,협동,S1 ~2016,매우긍정,2015,4018.0,0,It's 3:00 a.m. Your neighbours are having a loud party. Stop them. Party Hard is tinyBuild's award-winning stealth strategy game about ruining parties by any means.,"Pinokl Games, Kverta",11542,0,9.99,9.99
60 Seconds!,368360,전략/시뮬,S1 ~2016,매우긍정,2015,4110.0,0,"60 Seconds!는 수집과 생존을 목표로 하는 다크 코미디 핵 모험입니다. 핵이 날아오기 전에 물자를 모으고 가족들을 구하세요. 방공호에서 살아남으십시오. 어려운 결정을 내리고, 음식을 배분하고, 돌연변이 바퀴를 쫓아야 합니다. 그러면 살아남을 수도 있습니다. 아닐 수도 있지만...",Robot Gentleman,11517,0,8.99,8.99
Need for Speed™ Hot Pursuit Remastered,1328660,액션/캐주얼,S3 2019-22,매우긍정,2020,2118.0,0,"심장을 요동치게 하고 서로 경쟁하는 레이싱 게임, Need for Speed™ Hot Pursuit Remastered에서 세계에서 가장 인기 있는 고성능 차량들을 운전하며 추격전의 스릴과 도주의 쾌감을 느껴보세요.",Stellar Entertainment Limited,11515,0,29.99,29.99
Nuclear Nightmare,2909110,협동,S4 2023-25,매우긍정,2024,674.0,0,"Venture forth as part of a specialized team of fellow players tasked with retrieving classified materials, evading the black goo virus, and the nightmarish entities it has spawned.",BG Productions,11504,0,6.99,6.99
The Last Spell,1105670,전략/시뮬,S4 2023-25,매우긍정,2023,1265.0,0,"영웅 부대를 움직여 인류의 마지막 보루를 수호해야 합니다. 지금 바로 로그라이트 시스템이 가미된 전술 RPG를 시작하세요. 밤에는 마법과 완력으로 사악한 괴물들을 쓸어버리고, 낮에는 손상된 도시 방어 시설을 복구해야 합니다.",Ishtar Games,11496,0,24.99,6.24
Tainted Grail: The Fall of Avalon,1466060,싱글 서사,S4 2023-25,매우긍정,2025,459.0,0,"Step into a dark reimagination of Arthurian legends in this first person, open world RPG. Explore a world stuck in everlasting autumn, witness falling legends and make meaningful c",Questline,11480,0,44.99,44.99
The Forgotten City,874260,싱글 서사,S3 2019-22,압도적긍정,2021,1854.0,0,"2,000년 전으로 시간 여행을 떠나, 한 사람이라도 죄를 저지르면 모두가 죽는 저주에 걸린 고대 로마 도시의 마지막 날을 경험해보세요. 타임 루프 활용, 현지인 심문, 탐험, 퍼즐 풀이로 도시의 심장부에서 놓인 미스터리를 해결해보세요. 도시의 운명은 여러분의 손에 달려 있습니다.",Modern Storyteller,11459,0,24.99,24.99
BLOCKADE,1049800,멀티/경쟁,S3 2019-22,대체로긍정,2019,2653.0,0,"BLOCKADE Classic! First Person Shooter in an editable procedural cubic world. A large arsenal of weapons, 4 teams at the same time and up to 32 players on one map. A large number o",Novalink,11459,1,0.0,0.0
The Elder Scrolls V: Skyrim VR,611670,싱글 서사,S2 2017-18,대체로긍정,2018,3067.0,0,"A true, full-length open-world game for VR has arrived from Bethesda Game Studios. Skyrim VR reimagines the complete epic fantasy masterpiece with an unparalleled sense of scale, d",Bethesda Game Studios,11458,0,59.99,59.99
Angel Legion,1333350,멀티/경쟁,S3 2019-22,매우긍정,2020,2202.0,0,"간단한 방치 플레이 아름다운 여성 캐릭터, 쾌적한 디자인 자유롭게 캐릭터의 외모를 맞춤 설정 의상은 모두가 공유할 수 있습니다 언제든 게임에 로그인하거나 로그아웃할 수 있습니다 게임 리소스는 언제든지 획득할 수 있습니다",Shanghai SilverMoon Network Technology Co.Ltd,11444,1,0.0,0.0
Monster Sanctuary,814370,멀티/경쟁,S3 2019-22,매우긍정,2020,2086.0,0,"메트로베니아 형식의 몬스터 길들이기입니다. 가로형의 사랑스러운 픽셀 세계에서 몬스터를 수집하고, 훈련하며, 전투해보세요.",moi rai games,11439,0,29.99,7.49
Night of the Dead,1377380,멀티/경쟁,S4 2023-25,대체로긍정,2024,816.0,0,"'나이트 오브 더 데드'는 탐험, 타워 디펜스, 생존, 크래프팅 등 많은 요소가 결합된 오픈월드 게임입니다. 좀비가 지배하는 세계를 누비며 다양한 자원과 강력한 장비를 수집하세요. 매일 밤 몰려오는 좀비 떼로부터 살아남기 위한 방어선을 구축하세요!&quot;",Jackto Studios,11395,0,29.99,29.99
Little Witch Nobeta,1049890,액션/캐주얼,S3 2019-22,매우긍정,2022,1427.0,0,"Control the lovely little witch Nobeta, explore the unknown mysterious castle, and gradually discover the truth!",Pupuya Games,11371,0,24.99,24.99
DOOM 3,208200,액션/캐주얼,S1 ~2016,매우긍정,2012,5061.0,0,"Union Aerospace Corporation의 화성 연구 시설을 악마가 침공했습니다. 이 수상에 빛나는 호러/액션 FPS이자 오리지널 DOOM의 개선 버전인 이 게임에서, 몇 안 되는 생존자 중 한 명인 당신은 악마 군단에 맞서 지옥을 헤쳐나가야 합니다.",id Software,11369,0,9.99,9.99
Gothic® 3,39500,싱글 서사,S1 ~2016,매우긍정,2009,6110.0,0,"A nameless hero becomes a legend! Myrtana, a world in upheaval: overrun by orcs from the dark lands in the north, King Rhobar is defending Vengard, the former stronghold of the hum",Piranha Bytes,11364,0,19.99,19.99
The Beast Inside,792300,싱글 서사,S3 2019-22,매우긍정,2019,2504.0,0,"The Beast Inside is a unique, gripping twist on thriller and survival horror. Immerse in the story of long-buried secrets, personal tragedies, and madness. Play as two protagonists",Illusion Ray,11355,0,24.99,2.49
Double Action: Boogaloo,317360,액션/캐주얼,S1 ~2016,매우긍정,2014,4324.0,0,"Double Action is a free stylish multiplayer game about diving, flipping, and sliding your way into action movie mayhem.","Double Action Factory, Jorge Rodriguez",11343,1,0.0,0.0
Amnesia: A Machine for Pigs,239200,싱글 서사,S1 ~2016,평가나쁨,2013,4732.0,0,"From the creators of Amnesia: The Dark Descent and Dear Esther comes a new first-person horrorgame that will drag you to the depths of greed, power and madness. It will bury its sn",The Chinese Room,11343,0,19.99,19.99
Timberman,398710,액션/캐주얼,S1 ~2016,매우긍정,2015,3994.0,0,"Become a Timberman, chop wood and avoid the branches. Almost 30 million players could not be wrong - featured as one of the best casual games.",Digital Melody,11336,0,0.99,0.49
Tavern Master,1525700,전략/시뮬,S3 2019-22,매우긍정,2021,1743.0,0,Tavern Master는 플레이어가 직접 자신만의 아늑한 선술집을 건설하고 유지하는 경영 시뮬레이터 게임입니다!,Untitled Studio,11332,0,14.99,14.99
Papa's Freezeria Deluxe,2291760,전략/시뮬,S4 2023-25,압도적긍정,2023,1243.0,0,"Return to Calypso Island to serve seasonal sundae treats in Papa's Freezeria Deluxe! Craft sundaes in the Freezeria for all your quirky customers while earning tips, points and Spe",Flipline Studios,11314,0,5.99,5.99
Superflight,732430,액션/캐주얼,S2 2017-18,압도적긍정,2017,3212.0,0,"Superflight is an intense, easy to learn wingsuit game with an infinite number of beautiful procedurally generated maps. A great game to relax for half an hour and chase your lates",GrizzlyGames,11267,0,2.99,2.99
Coffee Talk,914800,싱글 서사,S3 2019-22,매우긍정,2020,2400.0,0,"Coffee Talk은 커피와 함께 손님과 이야기를 나누는 시뮬레이션 게임입니다. 판타지 배경의 현대인들의 고민을 듣고, 그들의 마음을 편안하게 해줄 따뜻한 음료를 한두 잔 제공합시다.",Toge Productions,11267,0,12.99,12.99
Grimm,252150,액션/캐주얼,S1 ~2016,매우긍정,2014,4614.0,0,"The true meaning of the word fear... Once upon a time, fairy tales were valuable cautionary yarns filled with dire warnings and sage advice. However, over time, the stories have be",Spicyhorse Games,11263,0,0.0,0.0
Momodora: Reverie Under The Moonlight,428550,싱글 서사,S1 ~2016,매우긍정,2016,3826.0,0,"달 아래의 진혼곡은 모모도라 시리즈의 4번째 작품이며, 근접 공격 콤보와 공격 회피, 전투를 도와줄 수많은 아이템과 스펠 등 액션에 초점을 둔 횡스크롤 액션 플랫포머 게임입니다. 풍부한 설정과 신비한 스토리를 즐기며 플레이하거나, 악랄 난이도에서 반사신경의 한계에 도전하세요.",Bombservice,11248,0,9.99,9.99
RIFT,39120,멀티/경쟁,S1 ~2016,대체로긍정,2011,5656.0,0,"Dive into a world of epic adventure! Create your perfect hero thanks to a uniquely customizable class system. Collect, craft, and customize your gear. Go it alone or group up to ch",gamigo US Inc.,11243,1,0.0,0.0
Torchlight III,1030210,협동,S3 2019-22,평가나쁨,2020,2142.0,0,"In Torchlight III, Novastraia is again under threat of invasion and it’s up to you to defend against the Netherim and its allies. Gather your wits and brave the frontier to find fa",Echtra Inc.,11230,0,39.99,39.99
Tokyo Xtreme Racer,2634950,싱글 서사,S4 2023-25,압도적긍정,2025,335.0,0,"The title of “fastest” never fades. Race through the sealed future Tokyo night highways in your customized car. Defeat rivals in “SP Battle,” where drivers clash by draining Spirit","Genki Co., Ltd.",11230,0,49.99,49.99
Yet Another Zombie Survivors,2163330,싱글 서사,S4 2023-25,매우긍정,2026,5.0,0,무리가 다가오고 있지만 당신은 싸울 준비가 되어 있습니다! 팀을 구성하고 강화 방법을 결정하여 수천의 언데드에 대해 가장 효율적인 시너지를 찾아보세요. 생존하십시오. 그런 다음 진화하세요. 그리고 이 겉보기엔 단순하지만 중독성 있는 리버스 탄막 게임에서 모든 한계를 돌파하세요.,Awesome Games Studio,11213,0,14.99,9.74
"Warhammer 40,000: Dawn of War - Anniversary Edition (Classic)",4570,전략/시뮬,S1 ~2016,매우긍정,2007,6958.0,0,"All of Warhammer 40,000: Dawn of War in one glorious package. Play the genre-defining classic real time strategy game in all its blood-soaked glory, including four complete campaig",Relic Entertainment,11206,0,14.99,14.99
CHRONO TRIGGER®,613830,싱글 서사,S2 2017-18,매우긍정,2018,3101.0,0,"세월이 흘러도 변하지 않는 RPG 명작이 업그레이드되어 돌아왔습니다! 잊혀진 과거, 먼 미래, 이 세상의 종말로 여행을 떠나보세요. 위험에 빠진 세계를 구해야 하는 엄청난 모험이 지금 시작됩니다…",Square Enix,11200,0,14.99,14.99
Fernbus Simulator,427100,전략/시뮬,S1 ~2016,대체로긍정,2016,3652.0,0,The world of coach drivers awaits you! Drive along motorways and country roads to the bus stations in over 40 cities in Germany. Thanks to the cooperation with FlixBus and true-to-,TML-Studios,11185,0,29.99,29.99
Cosmoteer: Starship Architect & Commander,799600,멀티/경쟁,S3 2019-22,압도적긍정,2022,1401.0,0,"Design and simulate the starships of your dreams! Command your ship or fleet in epic battles and manage your crew while exploring a dangerous galaxy. Play alone or with friends, te",Walternate Realities,11171,0,19.99,19.99
Construction Simulator,1273400,협동,S3 2019-22,매우긍정,2022,1435.0,0,Construction Simulator가 그 어느 때보다 더 크고 인상적인 모습으로 돌아왔습니다! 헤이프의 도움을 받아 사업을 처음부터 시작하며 성공적인 건설 사업가로 성장하는 야망을 이루세요.,weltenbauer. Software Entwicklung GmbH,11160,0,24.99,24.99
BPM: BULLETS PER MINUTE,1286350,싱글 서사,S3 2019-22,매우긍정,2020,2170.0,0,"BPM is a rhythm-action FPS rogue-like where you must shoot, jump and dodge to the beat of an epic rock soundtrack. Delve into a randomly generated dungeon where one missed note can",Awe Interactive,11114,0,19.99,19.99
Liftoff®: FPV Drone Racing,410340,멀티/경쟁,S2 2017-18,매우긍정,2018,2903.0,0,Liftoff® is a drone simulator that translates the rush of first-person view drone flight to the digital world. Join the biggest community for virtual FPV racing and freestyle!,LuGus Studios,11107,0,19.99,19.99
shapez 2 - Factory,2162800,전략/시뮬,S4 2023-25,압도적긍정,2026,124.0,0,공장 건설 게임에 빠져들어 보세요. 단 한 가지에 집중하세요. 대규모 우주 공장을 건설하는 것! 방대하게 펼쳐지는 다층 공장과 만족스러운 생산 라인을 무제한으로 설계하세요. 계속해서 어려워지는 자동화 목표를 적의 위협 없이 자신만의 속도로 달성하세요.,tobspr Games,11061,0,29.99,29.99
BlazBlue Centralfiction,586140,멀티/경쟁,S2 2017-18,매우긍정,2017,3409.0,0,"2D 대전 게임과 비주얼 노벨이 결합되어 많은 격투 게임 팬들의 지지를 받아온 블레이블루 시리즈는 이번 작품인 센트럴픽션에서 지금까지 이어온 아오의 이야기를 완결 짓게 되며, 세계의 숨겨진 진실을 밝히게 된다.",Arc System Works,11027,0,39.99,39.99
Do Not Feed the Monkeys,658850,전략/시뮬,S2 2017-18,매우긍정,2018,2863.0,0,"감시 카메라를 통해 모르는 사람들을 감시하는 디지털 관음 시뮬레이터입니다. 사람들의 사생활을 침해하고 그들의 가장 내밀한 순간을 목격하세요, 하지만 관찰 대상과 상호 작용하지는 마시길 바랍니다. 원숭이에게 먹이를 주면 발생하는 일은 책임지지 않습니다!",Fictiorama Studios,11026,0,15.99,15.99
Automobilista 2,1066890,멀티/경쟁,S3 2019-22,매우긍정,2020,2247.0,0,"Automobilista 2 is all the racing simulators you ever wanted - in just one. An incredibly diverse collection of cars and tracks cohesively simulated, featuring incredible graphics ",Reiza Studios,11009,0,39.99,39.99
Duke Nukem Forever,57900,액션/캐주얼,S1 ~2016,평가나쁨,2011,5556.0,0,"The King arrives with an arsenal of over-the-top weapons, giant explosions and pure unadulterated fun!",Gearbox Software,10992,0,19.99,19.99
The Surge,378540,싱글 서사,S2 2017-18,대체로긍정,2017,3389.0,0,"Welcome to CREO, the megacorporation saving the world! A catastrophic event has knocked you out during the first day on the job… you wake up equipped with a heavy-grade exoskeleton",Deck13,10951,0,14.99,14.99
Cyber Hunter,1209040,멀티/경쟁,S3 2019-22,대체로긍정,2020,2259.0,0,"Cyber Hunter is an open-world battle royale game featuring an unique combination of gaming elements, including survival, shooting and exploring. Any vertical surface in the Cyber H",NetEase Games,10936,0,0.0,0.0
Pathologic 2,505230,싱글 서사,S3 2019-22,매우긍정,2019,2651.0,0,Pathologic 2 is a groundbreaking open-world horror RPG. Resist the plague. Make medicine. Heal people. Perform an autopsy. Trade to get what you need. Fight and kill if necessary. ,Ice-Pick Lodge,10915,0,34.99,34.99
Peggle Deluxe,3480,액션/캐주얼,S1 ~2016,압도적긍정,2007,7112.0,0,"Take your best shot with energizing arcade fun! Aim, shoot, clear the orange pegs, then sit back and cheer as 10 whimsical teachers guide you to Peggle greatness.","PopCap Games, Inc.",10912,0,4.99,4.99
Knight Online,389430,멀티/경쟁,S1 ~2016,평가나쁨,2016,3865.0,0,The Great Battle between Karus and El Morad has arrived to Steam! Pledge allegiance to one of the Nations and put your skills to the test in one of the best PvP system in the MMORP,"Noah System, Mgame",10886,1,0.0,0.0
Door Kickers 2: Task Force North,1239080,협동,S4 2023-25,압도적긍정,2025,561.0,0,중동 기반 테러 조직과의 치열한 전투에서 특수작전부대를 지휘하십시오. RockPaperShotgun에서 &quot;2014년 최고의 전술 게임&quot;으로 선정된 작품의 후속작입니다.,KillHouse Games,10848,0,24.99,24.99
Amazing Frog?,332570,멀티/경쟁,S1 ~2016,매우긍정,2014,4295.0,0,"Amazing Frog? is an openworld, sandbox, physics game. Grand Frog Auto in Swindon, with farting ragdoll frogs.",Fayju,10837,0,19.99,19.99
Destroy All Humans!,803330,싱글 서사,S3 2019-22,매우긍정,2020,2219.0,0,컬트한 고전 명작이 돌아왔습니다! 사악한 외계인 크립토-137이 되어 1950년대 지구인을 공포로 몰아넣으십시오. 전설적인 외계인 침공 액션 어드벤처의 충실한 리메이크작에서 지구인의 DNA를 수집하고 미국 정부를 무너뜨리십시오. 온갖 종류의 외계 무기와 초능력을 활용해 보잘것없는 인간들을 섬멸하십시오. 비행접시로 저들의 ,"Black Forest Games, Pandemic Studios",10837,0,29.99,29.99
Zup! S,617670,액션/캐주얼,S2 2017-18,압도적긍정,2018,2840.0,0,Minimal physical puzzle with explosions,Quiet River,10820,0,1.99,1.99
F1® Manager 2022,1708520,전략/시뮬,S3 2019-22,대체로긍정,2022,1456.0,0,"공식 라이선스를 받은 F1® Manager 2022를 즐기며, Formula 1®에 여러분만의 자취를 남겨 보세요. 직접 선택한 회사의 지도자가 되어 2022년의 드라이버와 스태프를 모집해보세요.",Frontier Developments,10816,0,0.0,0.0
"Little Kitty, Big City",1177980,전략/시뮬,S4 2023-25,압도적긍정,2024,838.0,0,"몸은 작지만 개성은 넘치는 고양이인 당신은 호기심을 품은 채, 집으로 돌아가는 길을 찾아 모험을 떠납니다. 도시를 탐험하고, 떠돌이 동물들과 친구가 되고, 사랑스러운 모자를 쓰고, 가는 곳마다 말썽을 일으켜 보세요. 뭐니 뭐니 해도, 그런 건 고양이 전문 분야잖아요?",Double Dagger Studio,10785,0,24.99,24.99
CastleMiner Z,253430,멀티/경쟁,S1 ~2016,매우긍정,2014,4586.0,0,"CastleMiner Z is an infinite world filled with deep places to explore, and horrifying monsters to slay. Build structures out of blocks, craft weapons and tools from raw materials, ",DigitalDNA Games,10779,0,5.99,5.99
ATOM RPG: Post-apocalyptic indie game,552620,싱글 서사,S2 2017-18,매우긍정,2018,2806.0,0,"ATOM RPG is a post-apocalyptic indie game, inspired by classic CRPGs: Fallout, Wasteland, Deus Ex, Baldur's Gate and many others.",AtomTeam,10775,0,14.99,14.99
Dark Messiah of Might & Magic,2100,싱글 서사,S1 ~2016,매우긍정,2006,7244.0,0,"Discover a new breed of Action-RPG game powered by an enhanced version of the Source™ Engine by Valve. Set in the Might &amp; Magic® universe, players will experience ferocious com",Arkane Studios,10764,0,9.99,9.99
